tmdb_id,title,release_year,genres,budget_usd,worldwide_revenue_usd,predicted_revenue_usd,prediction_lower_usd,prediction_upper_usd,absolute_error_usd,blockbuster_probability,blockbuster_actual,blockbuster_predicted,signed_error_usd,revenue_band
522016,The 355,2022,Action; Adventure; Thriller,75000000.0,55700000.0,58408760.305824906,0.0,211366556.18274543,2708760.3058249056,0.0275809793823281,0,0,2708760.3058249056,Regular (<$250M)
575322,Project Gemini,2022,Science Fiction; Thriller,6000000.0,211674.0,4394008.453015802,0.0,157351804.32993636,4182334.4530158024,0.020802882925697,0,0,4182334.4530158024,Regular (<$250M)
646385,Scream,2022,Horror; Mystery,24000000.0,138874789.0,75438397.97199,0.0,228396193.84891057,63436391.02801,0.0209672054226104,0,0,-63436391.028009996,Regular (<$250M)
760926,Gold,2022,Action; Adventure; Thriller,6500000.0,176048.0,2323194.274193855,0.0,155280990.1511144,2147146.274193855,0.020802882925697,0,0,2147146.274193855,Regular (<$250M)
245842,The King's Daughter,2022,Fantasy; Adventure; Family,40500000.0,2200000.0,19387798.387599494,0.0,172345594.26452005,17187798.387599498,0.0209706380367889,0,0,17187798.387599494,Regular (<$250M)
698508,Redeeming Love,2022,Romance; Drama; Western,30000000.0,9464198.0,18821581.18033997,0.0,171779377.0572605,9357383.180339966,0.0209605275629667,0,0,9357383.18033997,Regular (<$250M)
591120,The Pirates: The Last Royal Treasure,2022,Action; Adventure; Comedy; Fantasy,19597380.0,10247262.0,26623125.986564793,0.0,179580921.86348534,16375863.986564793,0.0214004570330179,0,0,16375863.986564793,Regular (<$250M)
557946,Last Looks,2022,Action; Crime; Thriller,,365644.0,739607.0871803937,0.0,153697402.96410096,373963.08718039375,0.020802882925697,0,0,373963.08718039375,Regular (<$250M)
661791,The Grandmother,2022,Drama; Horror,3749231.0,1817696.0,4375592.906980287,0.0,157333388.78390083,2557896.9069802873,0.0208282620888054,0,0,2557896.9069802873,Regular (<$250M)
803114,The Requin,2022,Horror; Mystery; Thriller,8500000.0,130493.0,1919099.1384351836,0.0,154876895.01535574,1788606.1384351836,0.020802882925697,0,0,1788606.1384351836,Regular (<$250M)
585083,Hotel Transylvania: Transformania,2022,Animation; Comedy; Family; Adventure; Fantasy,75000000.0,18500000.0,259196441.6256718,106238645.74875124,412154237.5025923,240696441.6256718,0.0913893296053607,0,1,240696441.6256718,Regular (<$250M)
656663,Jackass Forever,2022,Action; Comedy; Documentary,10000000.0,80563999.0,72482342.18028896,0.0,225440138.0572095,8081656.819711044,0.0209672054226104,0,0,-8081656.819711044,Regular (<$250M)
406759,Moonfall,2022,Science Fiction; Adventure; Action,146000000.0,67319703.0,90004206.53475067,0.0,242962002.4116712,22684503.53475067,0.0432135338461324,0,0,22684503.53475067,Regular (<$250M)
746333,Superwho?,2022,Comedy; Action; Family,,7375119.0,940971.9599257064,0.0,153898767.83684626,6434147.0400742935,0.020802882925697,0,0,-6434147.0400742935,Regular (<$250M)
505026,Death on the Nile,2022,Mystery; Crime; Thriller,90000000.0,137307235.0,199594209.5368834,46636413.65996286,352552005.41380394,62286974.536883414,0.0397303907837256,0,0,62286974.536883414,Regular (<$250M)
615904,Marry Me,2022,Romance; Comedy; Music,23000000.0,44000000.0,13282748.725261329,0.0,166240544.60218188,30717251.27473867,0.0208178805256418,0,0,-30717251.27473867,Regular (<$250M)
335787,Uncharted,2022,Action; Adventure; Mystery,120000000.0,407141258.0,356544004.79212326,203586208.9152027,509501800.6690438,50597253.20787674,0.3321899286618413,1,1,-50597253.20787674,Blockbuster (>$400M)
823625,Blacklight,2022,Action; Thriller; Adventure,43000000.0,15902207.0,9520129.537585557,0.0,162477925.4145061,6382077.4624144435,0.0209389259038926,0,0,-6382077.4624144435,Regular (<$250M)
778855,Chickenhare and the Hamster of Darkness,2022,Animation; Adventure; Comedy; Family; Fantasy,20000000.0,10885116.0,9475949.695881557,0.0,162433745.5728021,1409166.3041184433,0.0214719730448931,0,0,-1409166.3041184433,Regular (<$250M)
396194,Ennio,2022,Documentary; Music; History,,4332386.0,2156044.2404706543,0.0,155113840.1173912,2176341.7595293457,0.021324941375055,0,0,-2176341.7595293457,Regular (<$250M)
626735,Dog,2022,Drama; Comedy,20000000.0,84774243.0,6777305.317487514,0.0,159735101.19440806,77996937.68251249,0.0208282620888054,0,0,-77996937.68251249,Regular (<$250M)
924482,The Ledge,2022,Thriller; Adventure,2500000.0,685303.0,1099136.0202842082,0.0,154056931.89720476,413833.02028420824,0.020802882925697,0,0,413833.02028420824,Regular (<$250M)
743814,Serve the People,2022,Drama,,547758.0,1497553.41639317,0.0,154455349.2933137,949795.41639317,0.0210401291130113,0,0,949795.4163931699,Regular (<$250M)
801071,The Jack in the Box: Awakening,2022,Horror,,1147001.0,1932226.4649005025,0.0,154890022.34182104,785225.4649005025,0.021083507447797,0,0,785225.4649005025,Regular (<$250M)
799876,The Outfit,2022,Crime; Drama; Thriller; Mystery,5000000.0,4032313.0,10404936.557297057,0.0,163362732.4342176,6372623.557297055,0.020802882925697,0,0,6372623.557297057,Regular (<$250M)
414906,The Batman,2022,Crime; Mystery; Thriller,185000000.0,772775278.0,415312354.922592,262354559.0456715,568270150.7995126,357462923.07740796,0.5605283833770093,1,1,-357462923.077408,Blockbuster (>$400M)
517302,Hatching,2022,Horror; Fantasy,3896000.0,508000.0,1769106.770022242,0.0,154726902.6469428,1261106.770022242,0.020802882925697,0,0,1261106.770022242,Regular (<$250M)
585378,After Yang,2022,Science Fiction; Drama,,131465.0,1715878.6637441956,0.0,154673674.54066473,1584413.6637441956,0.020867055873419,0,0,1584413.6637441956,Regular (<$250M)
876797,The Last 10 Years,2022,Drama; Romance,,22500000.0,14207989.480308764,0.0,167165785.35722932,8292010.519691236,0.0210985789296134,0,0,-8292010.519691236,Regular (<$250M)
508947,Turning Red,2022,Animation; Family; Comedy; Fantasy,175000000.0,21813358.0,126207936.57551935,0.0,279165732.4524399,104394578.57551935,0.1114278939772394,0,1,104394578.57551935,Regular (<$250M)
628900,The Contractor,2022,Action; Thriller,,2122288.0,1394574.6396194422,0.0,154352370.51654,727713.3603805578,0.020802882925697,0,0,-727713.3603805578,Regular (<$250M)
763285,Ambulance,2022,Thriller; Action; Drama; Crime,40000000.0,52303589.0,36523104.95919225,0.0,189480900.8361128,15780484.040807746,0.0209634791233748,0,0,-15780484.040807746,Regular (<$250M)
629542,The Bad Guys,2022,Action; Adventure; Animation; Comedy; Crime; Family,80000000.0,250162278.0,311675297.4066462,158717501.52972564,464633093.2835667,61513019.40664619,0.0730228736461477,0,1,61513019.40664619,High Grossing ($250M-$400M)
760104,X,2022,Horror,1000000.0,14745049.0,3366517.210288083,0.0,156324313.08720863,11378531.789711917,0.0208870178610218,0,0,-11378531.789711917,Regular (<$250M)
833339,Speak No Evil,2022,Horror; Thriller; Drama,3200000.0,631249.0,1736894.4388294858,0.0,154694690.31575003,1105645.4388294858,0.020802882925697,0,0,1105645.4388294858,Regular (<$250M)
864370,Incantation,2022,Horror,,5700000.0,1638677.4063782736,0.0,154596473.28329882,4061322.593621726,0.0226266983306822,0,0,-4061322.593621726,Regular (<$250M)
752623,The Lost City,2022,Action; Adventure; Comedy,74000000.0,192907684.0,23928042.457586948,0.0,176885838.3345075,168979641.54241306,0.0266377171835351,0,0,-168979641.54241306,Regular (<$250M)
545611,Everything Everywhere All at Once,2022,Action; Adventure; Science Fiction,25000000.0,139200000.0,10883605.42828424,0.0,163841401.30520478,128316394.57171576,0.0210933587920451,0,0,-128316394.57171576,Regular (<$250M)
579974,RRR,2022,Action; History; Drama,69000000.0,160000000.0,17884097.695377667,0.0,170841893.57229823,142115902.30462232,0.0271843348209878,0,0,-142115902.30462232,Regular (<$250M)
629015,Shut In,2022,Thriller; Horror,,304106.0,434536.25774640666,0.0,153392332.13466695,130430.25774640666,0.0208357868848886,0,0,130430.25774640666,Regular (<$250M)
526896,Morbius,2022,Action; Science Fiction; Fantasy,75000000.0,167635712.0,112384088.72698373,0.0,265341884.60390428,55251623.273016274,0.0426053827629855,0,0,-55251623.273016274,Regular (<$250M)
675353,Sonic the Hedgehog 2,2022,Action; Adventure; Family; Comedy,110000000.0,405421518.0,315941479.41022426,162983683.5333037,468899275.2871448,89480038.58977574,0.0588625606116211,1,0,-89480038.58977574,Blockbuster (>$400M)
771077,Rise,2022,Comedy; Drama; Family,7780000.0,11196824.0,4608630.438349016,0.0,157566426.31526956,6588193.561650984,0.0208282620888054,0,0,-6588193.561650984,Regular (<$250M)
338953,Fantastic Beasts: The Secrets of Dumbledore,2022,Fantasy; Adventure,200000000.0,407200000.0,609757432.0571774,456799636.1802568,762715227.934098,202557432.05717745,0.6380364913212222,1,1,202557432.05717742,Blockbuster (>$400M)
639933,The Northman,2022,Action; Adventure; Fantasy,70000000.0,69633110.0,45538053.8683177,0.0,198495849.74523824,24095056.1316823,0.0250170579505129,0,0,-24095056.1316823,Regular (<$250M)
809140,Father Stu,2022,Drama,4000000.0,21591034.0,1651061.901231739,0.0,154608857.7781523,19939972.09876826,0.0209588768283183,0,0,-19939972.09876826,Regular (<$250M)
587412,K.G.F: Chapter 2,2022,Action; Thriller; Adventure; Crime,13000000.0,90410749.0,39907485.18330628,0.0,192865281.06022683,50503263.81669372,0.0214436628542541,0,0,-50503263.81669372,Regular (<$250M)
648579,The Unbearable Weight of Massive Talent,2022,Action; Comedy; Crime,30000000.0,29116320.0,9738588.761548,0.0,162696384.63846856,19377731.238452,0.020802882925697,0,0,-19377731.238452002,Regular (<$250M)
820446,Downton Abbey: A New Era,2022,Drama; Romance,40000000.0,92651384.0,93698960.95663352,0.0,246656756.8335541,1047576.9566335082,0.0216485810674205,0,0,1047576.9566335231,Regular (<$250M)
818397,Memory,2022,Action; Thriller; Crime,30000000.0,13900000.0,15983459.853138084,0.0,168941255.73005864,2083459.8531380836,0.020802882925697,0,0,2083459.8531380836,Regular (<$250M)
966220,Sniper: The White Raven,2022,War; Action; Drama,1000000.0,881.0,2200006.9474998466,0.0,155157802.8244204,2199125.9474998466,0.0208759404888276,0,0,2199125.9474998466,Regular (<$250M)
453395,Doctor Strange in the Multiverse of Madness,2022,Fantasy; Action; Adventure,295400000.0,955775804.0,707994779.8247312,555036983.9478106,860952575.7016518,247781024.17526877,0.7660119155756383,1,1,-247781024.17526877,Blockbuster (>$400M)
532710,Firestarter,2022,Horror; Science Fiction; Thriller,12000000.0,15039250.0,11869362.49866057,0.0,164827158.37558112,3169887.50133943,0.020802882925697,0,0,-3169887.50133943,Regular (<$250M)
916405,The Quiet Girl,2022,Drama,1.0,6.0,954.4373338596145,0.0,152958750.3142544,948.4373338596145,0.020802882925697,0,0,948.4373338596145,Regular (<$250M)
961484,Last Seen Alive,2022,Action; Thriller,,5950199.0,675966.2373976746,0.0,153633762.11431822,5274232.7626023255,0.020802882925697,0,0,-5274232.7626023255,Regular (<$250M)
634429,Shin Ultraman,2022,Action; Science Fiction,5500000.0,34441594.0,30688424.508394334,0.0,183646220.38531488,3753169.4916056655,0.0209114624188262,0,0,-3753169.4916056655,Regular (<$250M)
960258,Shark Bait,2022,Horror; Thriller; Action; Adventure,5000000.0,1824152.0,7053212.23124754,0.0,160011008.1081681,5229060.23124754,0.0208282620888054,0,0,5229060.23124754,Regular (<$250M)
619803,The Roundup,2022,Action; Crime; Thriller,7600000.0,101166707.0,20551051.72553594,0.0,173508847.60245648,80615655.27446406,0.0212238409550277,0,0,-80615655.27446406,Regular (<$250M)
852438,Final Cut,2022,Horror; Comedy,4300000.0,2046233.0,6297838.11079259,0.0,159255633.98771313,4251605.11079259,0.0208282620888054,0,0,4251605.11079259,Regular (<$250M)
420821,Chip 'n Dale: Rescue Rangers,2022,Animation; Family; Comedy; Adventure; Mystery,70000000.0,623190.0,79031587.9291851,0.0,231989383.80610567,78408397.9291851,0.0252561158821675,0,0,78408397.9291851,Regular (<$250M)
780609,Men,2022,Horror; Thriller; Fantasy,6500000.0,11152071.0,8150508.456423915,0.0,161108304.33334446,3001562.543576085,0.0208282620888054,0,0,-3001562.543576085,Regular (<$250M)
820067,The Quintessential Quintuplets Movie,2022,Animation; Comedy; Romance,,3670507.0,18242575.031286683,0.0,171200370.90820724,14572068.031286685,0.0219062204268373,0,0,14572068.031286683,Regular (<$250M)
836202,Brother and Sister,2022,Drama,4800000.0,369419.0,4663031.678963482,0.0,157620827.55588403,4293612.678963482,0.020802882925697,0,0,4293612.678963482,Regular (<$250M)
361743,Top Gun: Maverick,2022,Action; Drama,170000000.0,1488732821.0,429079982.4704016,276122186.59348106,582037778.3473222,1059652838.5295984,0.4288578814193425,1,1,-1059652838.5295985,Blockbuster (>$400M)
819876,Crimes of the Future,2022,Science Fiction; Horror; Thriller,27000000.0,4551565.0,9540650.656274416,0.0,162498446.53319496,4989085.656274416,0.020802882925697,0,0,4989085.656274416,Regular (<$250M)
504827,The Bob's Burgers Movie,2022,Animation; Comedy; Crime; Mystery,38000000.0,34148750.0,19214951.850433424,0.0,172172747.727354,14933798.149566576,0.0212142810139121,0,0,-14933798.149566576,Regular (<$250M)
507086,Jurassic World Dominion,2022,Adventure; Science Fiction; Thriller; Action,658800000.0,1004004592.0,777863777.0946027,624905981.2176821,930821572.9715232,226140814.9053973,0.5561086740185527,1,1,-226140814.9053973,Blockbuster (>$400M)
807356,Watcher,2022,Horror; Mystery; Thriller,5000000.0,3621656.0,4411111.793051516,0.0,157368907.66997206,789455.7930515157,0.020802882925697,0,0,789455.7930515157,Regular (<$250M)
983507,Good Boy,2022,Horror; Thriller,8500.0,51876.0,4238.500381599943,0.0,152962034.37730214,47637.499618400056,0.020802882925697,0,0,-47637.499618400056,Regular (<$250M)
736732,Broker,2022,Drama,7800000.0,18632208.0,13782008.517380614,0.0,166739804.39430118,4850199.482619386,0.0209915197978345,0,0,-4850199.482619386,Regular (<$250M)
610150,Dragon Ball Super: Super Hero,2022,Animation; Science Fiction; Action,,86600000.0,14352661.54023862,0.0,167310457.41715917,72247338.45976138,0.0216155946107869,0,0,-72247338.45976138,Regular (<$250M)
615173,The Witch: Part 2. The Other One,2022,Action; Mystery; Thriller; Science Fiction,,23068596.0,19792830.39264178,0.0,172750626.26956233,3275765.607358221,0.0215838908053896,0,0,-3275765.607358221,Regular (<$250M)
718789,Lightyear,2022,Animation; Science Fiction; Family; Adventure,200000000.0,226425420.0,114758817.62008294,0.0,267716613.4970035,111666602.37991706,0.0906968762402065,0,1,-111666602.37991706,Regular (<$250M)
735697,Incredible But True,2022,Comedy; Fantasy; Mystery,4340000.0,2329813.0,1782700.7770129256,0.0,154740496.65393347,547112.2229870744,0.020802882925697,0,0,-547112.2229870744,Regular (<$250M)
756999,The Black Phone,2022,Horror; Thriller,16000000.0,161441914.0,56946967.31799468,0.0,209904763.19491524,104494946.68200532,0.0211850224204485,0,0,-104494946.68200532,Regular (<$250M)
758330,"Good Luck to You, Leo Grande",2022,Romance; Drama,,7589829.0,598357.9257677947,0.0,153556153.80268836,6991471.074232206,0.020802882925697,0,0,-6991471.074232206,Regular (<$250M)
614934,Elvis,2022,Music; History; Drama,85000000.0,288670284.0,95979146.9231572,0.0,248936942.80007777,192691137.0768428,0.4385313872667702,0,1,-192691137.07684278,High Grossing ($250M-$400M)
869626,Marcel the Shell with Shoes On,2022,Animation; Comedy; Drama; Family; Fantasy,6000000.0,6909209.0,6832806.902456855,0.0,159790602.7793774,76402.0975431446,0.0211132470254078,0,0,-76402.0975431446,Regular (<$250M)
438148,Minions: The Rise of Gru,2022,Animation; Comedy; Science Fiction; Crime; Family,85000000.0,940203765.0,381032704.4974552,228074908.62053463,533990500.3743757,559171060.5025449,0.3855332466707151,1,1,-559171060.5025449,Blockbuster (>$400M)
705996,Decision to Leave,2022,Thriller; Mystery; Romance,,16914773.0,6364656.557267041,0.0,159322452.4341876,10550116.44273296,0.021132290070586,0,0,-10550116.44273296,Regular (<$250M)
616037,Thor: Love and Thunder,2022,Fantasy; Action; Comedy,250000000.0,760928081.0,733509470.953676,580551675.0767554,886467266.8305966,27418610.046324015,0.784213661213835,1,1,-27418610.046324015,Blockbuster (>$400M)
913823,Fire of Love,2022,Documentary,,1695072.0,1270888.6224152911,0.0,154228684.49933586,424183.37758470885,0.020802882925697,0,0,-424183.37758470885,Regular (<$250M)
725201,The Gray Man,2022,Action; Thriller,200000000.0,454023.0,95349142.840804,0.0,248306938.71772456,94895119.840804,0.0359022243088424,0,0,94895119.840804,Regular (<$250M)
889699,Holy Spider,2022,Thriller; Drama; Crime,,1252637.0,2847389.5989450496,0.0,155805185.4758656,1594752.5989450496,0.020802882925697,0,0,1594752.5989450496,Regular (<$250M)
925102,The Night of the 12th,2022,Crime; Mystery; Drama,,3467232.0,2584276.9585647453,0.0,155542072.8354853,882955.0414352547,0.0208282620888054,0,0,-882955.0414352547,Regular (<$250M)
938008,The Killer,2022,Action; Crime; Thriller,,595112.0,2944443.3585843323,0.0,155902239.2355049,2349331.3585843323,0.0208954192525184,0,0,2349331.3585843323,Regular (<$250M)
366672,Paws of Fury: The Legend of Hank,2022,Animation; Adventure; Comedy; Family; Action,45000000.0,42500000.0,13845143.679703074,0.0,166802939.55662364,28654856.32029693,0.0212142810139121,0,0,-28654856.32029693,Regular (<$250M)
682507,Where the Crawdads Sing,2022,Drama; Mystery; Romance,24000000.0,144353965.0,5861293.946624484,0.0,158819089.82354504,138492671.0533755,0.0209588768283183,0,0,-138492671.0533755,Regular (<$250M)
754609,Mrs. Harris Goes to Paris,2022,Drama; Comedy; History,,31179316.0,1720458.4936253836,0.0,154678254.37054592,29458857.506374616,0.020802882925697,0,0,-29458857.506374616,Regular (<$250M)
982752,American Carnage,2022,Mystery; Thriller; Comedy; Horror,,116699.0,1100586.1979320887,0.0,154058382.07485265,983887.1979320887,0.020802882925697,0,0,983887.1979320887,Regular (<$250M)
601796,Alienoid,2022,Science Fiction; Action; Fantasy; Adventure,24500000.0,12109608.0,23146917.704173535,0.0,176104713.5810941,11037309.704173535,0.0214764093057896,0,0,11037309.704173535,Regular (<$250M)
762504,Nope,2022,Horror; Science Fiction; Thriller,68000000.0,171932082.0,61718471.83011006,0.0,214676267.7070306,110213610.16988994,0.0239373919744779,0,0,-110213610.16988994,Regular (<$250M)
848685,The Beasts,2022,Thriller; Drama,3900000.0,10238603.0,2964533.1423372924,0.0,155922329.01925784,7274069.857662708,0.0210401291130113,0,0,-7274069.857662708,Regular (<$250M)
539681,DC League of Super-Pets,2022,Family; Comedy; Adventure; Animation; Science Fiction; Action,90000000.0,203000000.0,38778733.16416357,0.0,191736529.0410841,164221266.83583644,0.0294579466598392,0,0,-164221266.83583644,Regular (<$250M)
760161,Orphan: First Kill,2022,Horror; Thriller,10000000.0,9572765.0,8622459.226678787,0.0,161580255.10359934,950305.7733212132,0.0208870178610218,0,0,-950305.7733212132,Regular (<$250M)
683340,Vengeance,2022,Comedy; Mystery; Thriller,,4225720.0,3606242.019067092,0.0,156564037.89598763,619477.9809329077,0.0208178805256418,0,0,-619477.9809329081,Regular (<$250M)
925786,Satan's Slaves 2: Communion,2022,Horror; Mystery,1000000.0,14342131.0,4710808.709412238,0.0,157668604.5863328,9631322.290587762,0.0211808077281013,0,0,-9631322.290587762,Regular (<$250M)
626872,Emergency Declaration,2022,Action; Drama; Thriller,18052672.0,19200000.0,29796912.00476612,0.0,182754707.8816867,10596912.004766122,0.021132290070586,0,0,10596912.004766122,Regular (<$250M)
718930,Bullet Train,2022,Action; Comedy; Thriller,90000000.0,239268602.0,81753991.55928586,0.0,234711787.4362064,157514610.44071412,0.0299963674967499,0,0,-157514610.44071412,Regular (<$250M)
518896,Warriors of Future,2022,Drama; Action; Science Fiction,,100730000.0,3826250.040133805,0.0,156784045.91705436,96903749.9598662,0.0227389596332585,0,0,-96903749.9598662,Regular (<$250M)
520023,Bodies Bodies Bodies,2022,Comedy; Mystery; Horror,3000000.0,13929670.0,4932077.3943741545,0.0,157889873.2712947,8997592.605625845,0.0208439566180736,0,0,-8997592.605625845,Regular (<$250M)
900667,One Piece Film Red,2022,Animation; Adventure; Action; Fantasy; Music,,171315305.0,35645831.960475214,0.0,188603627.83739576,135669473.0395248,0.0216499477891591,0,0,-135669473.0395248,Regular (<$250M)
727340,Hunt,2022,Action; Mystery; Drama,17000000.0,25994.0,22042062.116056483,0.0,174999857.99297702,22016068.116056483,0.0209915197978345,0,0,22016068.116056483,Regular (<$250M)
760741,Beast,2022,Action; Adventure; Horror; Thriller; Drama,36000000.0,56000000.0,29796827.337767757,0.0,182754623.2146883,26203172.662232243,0.0210382854682337,0,0,-26203172.662232243,Regular (<$250M)
985939,Fall,2022,Thriller,3000000.0,17363261.0,2306571.085570406,0.0,155264366.96249095,15056689.914429594,0.0208870178610218,0,0,-15056689.914429594,Regular (<$250M)
862965,Emily the Criminal,2022,Crime; Drama; Thriller,2000000.0,2157673.0,1018866.8136783218,0.0,153976662.69059888,1138806.186321678,0.020802882925697,0,0,-1138806.186321678,Regular (<$250M)
976720,Vesper,2022,Science Fiction; Drama; Adventure; Fantasy,,889529.0,759628.634964156,0.0,153717424.51188472,129900.36503584404,0.020802882925697,0,0,-129900.36503584404,Regular (<$250M)
844075,New Gods: Yang Jian,2022,Animation; Adventure; Fantasy; Comedy,,70826303.0,15734997.89108929,0.0,168692793.76800984,55091305.10891071,0.0340063164263738,0,0,-55091305.10891071,Regular (<$250M)
556694,Three Thousand Years of Longing,2022,Drama; Fantasy; Romance,60000000.0,20300000.0,36546550.76237797,0.0,189504346.63929853,16246550.76237797,0.0220189888650129,0,0,16246550.76237797,Regular (<$250M)
676701,Tad the Lost Explorer and the Emerald Tablet,2022,Animation; Adventure; Family; Comedy; Fantasy,11983950.0,32800000.0,19466882.67619158,0.0,172424678.55311212,13333117.32380842,0.0212295641192717,0,0,-13333117.32380842,Regular (<$250M)
744276,After Ever Happy,2022,Romance; Drama,14000000.0,19238073.0,23825537.748797163,0.0,176783333.6257177,4587464.748797163,0.021145774006574,0,0,4587464.748797163,Regular (<$250M)
830788,The Invitation,2022,Horror; Thriller,10000000.0,33628000.0,22815629.270284276,0.0,175773425.14720482,10812370.729715724,0.0212046003220373,0,0,-10812370.729715724,Regular (<$250M)
629176,Samaritan,2022,Science Fiction; Crime; Action,100000000.0,75000000.0,267296091.1521708,114338295.27525026,420253887.02909136,192296091.1521708,0.0380136735317454,0,0,192296091.1521708,Regular (<$250M)
551271,Medieval,2022,Action; Drama; History,23000000.0,4311284.0,4768227.677641062,0.0,157726023.5545616,456943.67764106207,0.0209588768283183,0,0,456943.67764106207,Regular (<$250M)
800939,Ticket to Paradise,2022,Drama; Comedy; Romance,20000000.0,168800000.0,11222696.3624165,0.0,164180492.23933706,157577303.6375835,0.0207705974957438,0,0,-157577303.6375835,Regular (<$250M)
828613,About Fate,2022,Romance; Comedy,,504843.0,852494.9056537448,0.0,153810290.7825743,347651.9056537448,0.020802882925697,0,0,347651.9056537448,Regular (<$250M)
913290,Barbarian,2022,Horror; Mystery; Thriller,4500000.0,45400000.0,3975920.247372096,0.0,156933716.12429264,41424079.7526279,0.020802882925697,0,0,-41424079.7526279,Regular (<$250M)
766475,See How They Run,2022,Mystery; Comedy; Crime,40000000.0,21921551.0,23178093.42230212,0.0,176135889.29922268,1256542.4223021194,0.0209576652455065,0,0,1256542.4223021194,Regular (<$250M)
788734,Sick of Myself,2022,Comedy; Horror,,1051375.0,1801536.782134749,0.0,154759332.6590553,750161.782134749,0.0208439566180736,0,0,750161.782134749,Regular (<$250M)
840326,Sisu,2022,Action; War; Thriller,6600000.0,14281199.0,3167084.0889818035,0.0,156124879.96590236,11114114.911018196,0.0208870178610218,0,0,-11114114.911018196,Regular (<$250M)
916192,"The Tunnel to Summer, the Exit of Goodbyes",2022,Animation; Drama; Romance; Fantasy; Science Fiction,,872000.0,7980302.010038063,0.0,160938097.8869586,7108302.010038063,0.0211704003333857,0,0,7108302.010038063,Regular (<$250M)
717728,Jeepers Creepers: Reborn,2022,Horror,5000000.0,6175213.0,2177445.279000542,0.0,155135241.1559211,3997767.720999458,0.020802882925697,0,0,-3997767.720999458,Regular (<$250M)
724495,The Woman King,2022,Action; Drama; History; War,50000000.0,97562514.0,20884804.697153497,0.0,173842600.57407403,76677709.3028465,0.02123558899794,0,0,-76677709.3028465,Regular (<$250M)
724665,"Confess, Fletch",2022,Comedy; Mystery; Crime,20000000.0,500000.0,1366748.8682571445,0.0,154324544.7451777,866748.8682571445,0.020825323946338,0,0,866748.8682571445,Regular (<$250M)
910371,Hell Dogs,2022,Action; Crime; Drama; Mystery; Thriller,,3744712.0,8934299.13494601,0.0,161892095.01186657,5189587.134946009,0.021132290070586,0,0,5189587.134946009,Regular (<$250M)
949423,Pearl,2022,Horror,1000000.0,9847490.0,6179270.716988705,0.0,159137066.59390926,3668219.283011295,0.0209610928611344,0,0,-3668219.283011295,Regular (<$250M)
497828,Triangle of Sadness,2022,Comedy; Drama,15600000.0,24733572.0,5946851.0048499005,0.0,158904646.88177046,18786720.9951501,0.0210401291130113,0,0,-18786720.9951501,Regular (<$250M)
619730,Don't Worry Darling,2022,Thriller; Science Fiction; Mystery,35000000.0,86700000.0,20372877.351691652,0.0,173330673.2286122,66327122.64830835,0.0213087508936593,0,0,-66327122.64830835,Regular (<$250M)
799379,Project Wolf Hunting,2022,Action; Thriller; Horror; Crime,9000000.0,20541.0,11418769.207663633,0.0,164376565.08458418,11398228.207663633,0.0209915197978345,0,0,11398228.207663633,Regular (<$250M)
882598,Smile,2022,Horror; Mystery,17000000.0,217408513.0,79097995.50844681,0.0,232055791.38536736,138310517.4915532,0.0212040636455847,0,0,-138310517.4915532,Regular (<$250M)
664469,Amsterdam,2022,Mystery; Comedy; Drama,80000000.0,31245810.0,56349007.83204222,0.0,209306803.70896277,25103197.832042217,0.0314953639176812,0,0,25103197.832042217,Regular (<$250M)
338947,Hellraiser,2022,Horror; Thriller,14000000.0,10303.0,19768157.100527145,0.0,172725952.9774477,19757854.100527145,0.0208439566180736,0,0,19757854.100527145,Regular (<$250M)
522925,Dalíland,2022,History; Drama,,497933.0,1071911.6013398597,0.0,154029707.4782604,573978.6013398597,0.0208282620888054,0,0,573978.6013398597,Regular (<$250M)
714888,Argentina 1985,2022,Drama; History; Crime,20000000.0,58424000.0,1578520.9788113984,0.0,154536316.85573196,56845479.0211886,0.0210401291130113,0,0,-56845479.0211886,Regular (<$250M)
614939,Bros,2022,Comedy; Romance,22000000.0,14781779.0,18058995.586049445,0.0,171016791.46297,3277216.586049445,0.0208178805256418,0,0,3277216.586049445,Regular (<$250M)
785398,EO,2022,Drama; Adventure,,1068353.0,358631.6308143243,0.0,153316427.50773486,709721.3691856756,0.020802882925697,0,0,-709721.3691856756,Regular (<$250M)
947507,Just Super,2022,Animation; Family; Fantasy,3800000.0,2013434.0,948612.2867278256,0.0,153906408.16364837,1064821.7132721744,0.0210231015883665,0,0,-1064821.7132721744,Regular (<$250M)
823951,November,2022,Crime; Drama; Thriller,17700000.0,18114769.0,2253980.4681298663,0.0,155211776.34505042,15860788.531870134,0.020802882925697,0,0,-15860788.531870134,Regular (<$250M)
663712,Terrifier 2,2022,Horror,250000.0,15815602.0,607102.1307728644,0.0,153564898.0076934,15208499.869227136,0.0211068813219183,0,0,-15208499.869227136,Regular (<$250M)
848791,The Stranger,2022,Thriller; Crime; Drama,,149441.0,2613420.9355198382,0.0,155571216.8124404,2463979.9355198382,0.020802882925697,0,0,2463979.9355198382,Regular (<$250M)
817758,TÁR,2022,Music; Drama,35000000.0,29048571.0,15532012.1001797,0.0,168489807.97710025,13516558.8998203,0.0356095011029197,0,0,-13516558.8998203,Regular (<$250M)
823147,To Leslie,2022,Drama,,27322.0,1844374.206814696,0.0,154802170.08373526,1817052.206814696,0.020867055873419,0,0,1817052.206814696,Regular (<$250M)
830784,"Lyle, Lyle, Crocodile",2022,Comedy; Family; Music,50000000.0,111080122.0,24737010.251523502,0.0,177694806.12844405,86343111.7484765,0.0209389259038926,0,0,-86343111.7484765,Regular (<$250M)
848058,Piggy,2022,Horror; Drama,2400000.0,543064.0,1608940.1630085804,0.0,154566736.03992912,1065876.1630085804,0.020802882925697,0,0,1065876.1630085804,Regular (<$250M)
616820,Halloween Ends,2022,Horror; Thriller,33000000.0,105400796.0,66919306.417922795,0.0,219877102.29484335,38481489.582077205,0.0208219456277694,0,0,-38481489.582077205,Regular (<$250M)
919573,The Innocent,2022,Comedy; Crime; Romance,4000000.0,5175806.0,2051983.185452695,0.0,155009779.06237325,3123822.814547305,0.020802882925697,0,0,-3123822.814547305,Regular (<$250M)
854239,Till,2022,Drama; History,33000000.0,11498884.0,11822529.463584024,0.0,164780325.3405046,323645.4635840226,0.0219659698955674,0,0,323645.46358402446,Regular (<$250M)
879444,Accident Man: Hitman's Holiday,2022,Action; Comedy; Crime,,41000000.0,7987604.932145731,0.0,160945400.8090663,33012395.06785427,0.0208769086415115,0,0,-33012395.06785427,Regular (<$250M)
436270,Black Adam,2022,Action; Adventure; Science Fiction,200000000.0,393452111.0,85559127.40599771,0.0,238516923.28291827,307892983.5940023,0.0568313676341604,0,0,-307892983.5940023,High Grossing ($250M-$400M)
865498,The New Toy,2022,Comedy; Family; Drama,13125000.0,7295051.0,15429676.559313327,0.0,168387472.43623388,8134625.559313327,0.020802882925697,0,0,8134625.559313327,Regular (<$250M)
674324,The Banshees of Inisherin,2022,Drama; Comedy,20000000.0,49300000.0,3188807.867130812,0.0,156146603.74405137,46111192.13286919,0.0208282620888054,0,0,-46111192.13286919,Regular (<$250M)
886083,Deadstream,2022,Horror; Comedy; Fantasy,,1031519.0,286822.64676099946,0.0,153244618.52368155,744696.3532390005,0.020802882925697,0,0,-744696.3532390005,Regular (<$250M)
965150,Aftersun,2022,Drama,,7834405.0,448593.931855362,0.0,153406389.8087759,7385811.068144638,0.020802882925697,0,0,-7385811.068144638,Regular (<$250M)
893712,Sword Art Online the Movie – Progressive – Scherzo of Deep Night,2022,Animation; Action; Fantasy; Science Fiction,,9071701.0,12547921.047574216,0.0,165505716.92449477,3476220.0475742165,0.0216155946107869,0,0,3476220.0475742165,Regular (<$250M)
676547,Prey for the Devil,2022,Horror; Thriller,,37655699.0,2628849.963610673,0.0,155586645.84053123,35026849.03638933,0.020802882925697,0,0,-35026849.03638933,Regular (<$250M)
615952,Armageddon Time,2022,Drama,15000000.0,6524886.0,8170408.440890921,0.0,161128204.31781146,1645522.4408909213,0.0208282620888054,0,0,1645522.4408909213,Regular (<$250M)
892515,Masquerade,2022,Comedy; Crime; Drama; Romance,14000000.0,6667598.0,9507226.877086656,0.0,162465022.75400722,2839628.877086656,0.0210053173354777,0,0,2839628.877086656,Regular (<$250M)
901563,Close,2022,Drama,,3129968.0,1025338.2651617724,0.0,153983134.14208233,2104629.7348382277,0.0208282620888054,0,0,-2104629.7348382277,Regular (<$250M)
760099,Living,2022,Drama,10000000.0,6999027.0,2978576.823546132,0.0,155936372.7004667,4020450.176453868,0.020802882925697,0,0,-4020450.176453868,Regular (<$250M)
910858,The Estate,2022,Comedy; Drama,,572062.0,1076809.2192595613,0.0,154034605.0961801,504747.2192595613,0.020802882925697,0,0,504747.2192595613,Regular (<$250M)
505642,Black Panther: Wakanda Forever,2022,Action; Adventure; Science Fiction,250000000.0,859102154.0,1243116932.9325907,1090159137.0556705,1396074728.8095112,384014778.9325907,0.7916901787598424,1,1,384014778.9325907,Blockbuster (>$400M)
806368,The Son,2022,Drama,,3564844.0,5181696.189298491,0.0,158139492.06621903,1616852.189298491,0.0210056761415325,0,0,1616852.189298491,Regular (<$250M)
804095,The Fabelmans,2022,Drama,40000000.0,45629909.0,40017428.79483389,0.0,192975224.67175445,5612480.205166109,0.0212029452103813,0,0,-5612480.205166109,Regular (<$250M)
916224,Suzume,2022,Animation; Drama; Adventure; Fantasy,13000000.0,314992206.0,37209677.92221104,0.0,190167473.79913157,277782528.07778895,0.0213232541497876,0,0,-277782528.07778895,High Grossing ($250M-$400M)
593643,The Menu,2022,Comedy; Horror,35000000.0,79628200.0,11577782.19720514,0.0,164535578.0741257,68050417.80279486,0.0209389259038926,0,0,-68050417.80279486,Regular (<$250M)
823999,Diabolik: Ginko Attacks!,2022,Crime; Action,,1228459.0,2089366.4693142695,0.0,155047162.34623483,860907.4693142697,0.020685432796028,0,0,860907.4693142695,Regular (<$250M)
837881,She Said,2022,Drama; History,32000000.0,13900000.0,10813846.071551643,0.0,163771641.9484722,3086153.9284483567,0.021174766566793,0,0,-3086153.9284483567,Regular (<$250M)
791177,Bones and All,2022,Horror; Romance; Drama,16000000.0,15234907.0,5136924.68768815,0.0,158094720.5646087,10097982.31231185,0.0209915197978345,0,0,-10097982.31231185,Regular (<$250M)
952701,Return to Seoul,2022,Drama,,1594998.0,1413033.7618780874,0.0,154370829.63879862,181964.23812191255,0.0208282620888054,0,0,-181964.23812191258,Regular (<$250M)
653851,Devotion,2022,War; Drama; History,90000000.0,21768133.0,46592182.22961821,0.0,199549978.10653877,24824049.229618207,0.0420942012978369,0,0,24824049.229618207,Regular (<$250M)
661374,Glass Onion: A Knives Out Mystery,2022,Comedy; Crime; Mystery,40000000.0,15000000.0,172647838.17302808,19690042.29610753,325605634.04994863,157647838.17302808,0.0216577686920863,0,0,157647838.17302808,Regular (<$250M)
877269,Strange World,2022,Animation; Family; Adventure; Fantasy; Science Fiction,180000000.0,73621640.0,56840835.46746228,0.0,209798631.3443828,16780804.53253772,0.0607390698825862,0,0,-16780804.53253772,Regular (<$250M)
668482,Roald Dahl's Matilda the Musical,2022,Family; Comedy; Fantasy,25000000.0,37289659.0,15625534.875350244,0.0,168583330.7522708,21664124.124649756,0.0208823853530802,0,0,-21664124.124649756,Regular (<$250M)
744594,White Noise,2022,Comedy; Drama,100000000.0,71476.0,45862731.35022725,0.0,198820527.2271478,45791255.35022725,0.0334298983161191,0,0,45791255.35022725,Regular (<$250M)
876792,That Time I Got Reincarnated as a Slime the Movie: Scarlet Bond,2022,Animation; Fantasy; Adventure,,11628645.0,18996075.204998557,0.0,171953871.0819191,7367430.2049985565,0.0216155946107869,0,0,7367430.2049985565,Regular (<$250M)
899112,Violent Night,2022,Action; Comedy; Fantasy,20000000.0,75734910.0,53287890.43545978,0.0,206245686.3123803,22447019.564540222,0.0212040636455847,0,0,-22447019.564540222,Regular (<$250M)
783675,The First Slam Dunk,2022,Animation; Comedy; Drama,,258000000.0,7838808.216027978,0.0,160796604.09294853,250161191.783972,0.0213184057061003,0,0,-250161191.78397202,High Grossing ($250M-$400M)
315162,Puss in Boots: The Last Wish,2022,Animation; Adventure; Fantasy; Comedy; Family,90000000.0,484700000.0,246149345.93094695,93191550.0540264,399107141.8078675,238550654.06905305,0.0622731355935907,1,0,-238550654.06905305,Blockbuster (>$400M)
785084,The Whale,2022,Drama,3000000.0,57615635.0,5297996.746404281,0.0,158255792.62332484,52317638.25359572,0.020791712888208,0,0,-52317638.25359572,Regular (<$250M)
814757,Empire of Light,2022,Drama; Romance,13500000.0,11395604.0,30936088.07692435,0.0,183893883.9538449,19540484.07692435,0.0206176066179282,0,0,19540484.07692435,Regular (<$250M)
1020696,Play Dead,2022,Horror; Thriller,,356840.0,843663.2173665507,0.0,153801459.0942871,486823.2173665507,0.020802882925697,0,0,486823.2173665507,Regular (<$250M)
76600,Avatar: The Way of Water,2022,Action; Adventure; Science Fiction,460000000.0,2334484620.0,573379981.4734304,420422185.5965098,726337777.350351,1761104638.5265696,0.6010917544756877,1,1,-1761104638.5265696,Blockbuster (>$400M)
696157,Whitney Houston: I Wanna Dance with Somebody,2022,Music; Drama,50000000.0,59806881.0,24827276.845328502,0.0,177785072.72224906,34979604.15467149,0.0308870400807082,0,0,-34979604.1546715,Regular (<$250M)
803700,The Eight Mountains,2022,Drama,,9494985.0,1553772.240783987,0.0,154511568.11770454,7941212.759216012,0.0210933587920451,0,0,-7941212.759216012,Regular (<$250M)
615777,Babylon,2022,Drama; Comedy,78000000.0,65267446.0,75872209.52023855,0.0,228830005.3971591,10604763.520238549,0.0364687479280026,0,0,10604763.520238549,Regular (<$250M)
777245,Women Talking,2022,Drama,20000000.0,7589419.0,1668468.9986664436,0.0,154626264.875587,5920950.001333556,0.0208178805256418,0,0,-5920950.001333556,Regular (<$250M)
916401,Watch the Skies,2022,Science Fiction; Adventure; Drama,5000000.0,69618.0,3232348.5781236477,0.0,156190144.4550442,3162730.5781236477,0.020802882925697,0,0,3162730.5781236477,Regular (<$250M)
536554,M3GAN,2022,Science Fiction; Horror,12000000.0,180089109.0,64139552.24969023,0.0,217097348.1266108,115949556.75030977,0.0212481894298521,0,0,-115949556.75030977,Regular (<$250M)
758009,Shotgun Wedding,2022,Action; Comedy; Romance,,4495365.0,13212303.002198748,0.0,166170098.8791193,8716938.002198748,0.0208178805256418,0,0,8716938.002198748,Regular (<$250M)
937278,A Man Called Otto,2022,Comedy; Drama,50000000.0,113360085.0,26746737.190684885,0.0,179704533.06760544,86613347.80931512,0.0212577316211678,0,0,-86613347.80931512,Regular (<$250M)
739405,Operation Fortune: Ruse de Guerre,2023,Action; Comedy; Thriller; Adventure,50000000.0,48983306.0,27487691.096431497,0.0,180445486.97335204,21495614.903568503,0.0209249703252046,0,0,-21495614.903568503,Regular (<$250M)
816904,Mummies,2023,Animation; Adventure; Fantasy; Family,12000000.0,53400000.0,12779243.817628464,0.0,165737039.69454902,40620756.182371534,0.0210231015883665,0,0,-40620756.182371534,Regular (<$250M)
842544,Transfusion,2023,Crime; Action; Drama,,95000.0,573167.3317372648,0.0,153530963.2086578,478167.3317372648,0.020825323946338,0,0,478167.33173726476,Regular (<$250M)
967585,Alibi.com 2,2023,Comedy; Family,,34112816.0,8270313.862273018,0.0,161228109.73919356,25842502.13772698,0.0208769086415115,0,0,-25842502.13772698,Regular (<$250M)
646389,Plane,2023,Action; Adventure; Thriller,25000000.0,74515586.0,12441035.785054214,0.0,165398831.66197476,62074550.214945786,0.020802882925697,0,0,-62074550.214945786,Regular (<$250M)
994143,Skinamarink,2023,Horror,15000.0,2131183.0,7790.92825000612,0.0,152965586.80517057,2123392.071749994,0.020802882925697,0,0,-2123392.071749994,Regular (<$250M)
990140,Sakra,2023,Action; Adventure,,159959.0,2402995.201847407,0.0,155360791.07876796,2243036.201847407,0.0209588768283183,0,0,2243036.201847407,Regular (<$250M)
768362,Missing,2023,Drama; Mystery; Thriller,7000000.0,48767848.0,18353517.45522802,0.0,171311313.33214858,30414330.54477198,0.0208823853530802,0,0,-30414330.54477198,Regular (<$250M)
842675,The Wandering Earth II,2023,Science Fiction; Action; Adventure,73800000.0,665000000.0,356844990.3424941,203887194.46557352,509802786.2194146,308155009.6575059,0.4977476449561928,1,1,-308155009.6575059,Blockbuster (>$400M)
939338,Epic Tails,2023,Animation; Adventure; Fantasy; Family; Comedy,,4834952.0,1049568.5757346791,0.0,154007364.45265523,3785383.424265321,0.0210231015883665,0,0,-3785383.424265321,Regular (<$250M)
980078,Winnie the Pooh: Blood and Honey,2023,Horror,100000.0,7717044.0,521374.764733391,0.0,153479170.64165395,7195669.235266609,0.021083507447797,0,0,-7195669.235266609,Regular (<$250M)
667216,Infinity Pool,2023,Horror; Science Fiction; Thriller,4500000.0,5078400.0,2360216.326836665,0.0,155318012.20375723,2718183.673163335,0.0208282620888054,0,0,-2718183.673163335,Regular (<$250M)
972230,Maybe I Do,2023,Comedy; Romance; Drama,7500000.0,4393504.0,2169226.3384475303,0.0,155127022.2153681,2224277.6615524697,0.020802882925697,0,0,-2224277.6615524697,Regular (<$250M)
631842,Knock at the Cabin,2023,Horror; Mystery; Thriller,20000000.0,54700000.0,6692899.651044479,0.0,159650695.52796504,48007100.34895552,0.020728091143835,0,0,-48007100.34895552,Regular (<$250M)
643215,Asterix & Obelix: The Middle Kingdom,2023,Family; Comedy; Adventure; Fantasy,72000000.0,46497678.0,59859730.30641675,0.0,212817526.1833373,13362052.30641675,0.0220485144250477,0,0,13362052.30641675,Regular (<$250M)
942922,80 for Brady,2023,Comedy; Drama,28000000.0,29637811.0,7209561.516358504,0.0,160167357.39327905,22428249.483641498,0.0208282620888054,0,0,-22428249.483641498,Regular (<$250M)
906221,Magic Mike's Last Dance,2023,Comedy; Drama; Romance,45000000.0,52000000.0,94854846.32693158,0.0,247812642.20385212,42854846.32693158,0.0208995631686838,0,0,42854846.32693158,Regular (<$250M)
983883,Marry My Dead Body,2023,Comedy; Action; Horror,1874400.0,15410325.0,2555434.0554724634,0.0,155513229.932393,12854890.944527537,0.0233205974985912,0,0,-12854890.944527537,Regular (<$250M)
1016084,BlackBerry,2023,Comedy; Drama; History,5000000.0,2600000.0,1336533.540904167,0.0,154294329.41782472,1263466.459095833,0.020802882925697,0,0,-1263466.459095833,Regular (<$250M)
640146,Ant-Man and the Wasp: Quantumania,2023,Action; Adventure; Science Fiction,200000000.0,476071180.0,690287603.1184071,537329807.2414865,843245398.9953277,214216423.11840713,0.7193199914875849,1,1,214216423.11840713,Blockbuster (>$400M)
844417,Marlowe,2023,Crime,20000000.0,6262663.0,874936.6630135447,0.0,153832732.5399341,5387726.336986455,0.0208282620888054,0,0,-5387726.336986455,Regular (<$250M)
845659,Perfect Addiction,2023,Drama; Romance,,143705.0,4181603.3894499945,0.0,157139399.26637053,4037898.3894499945,0.0208178805256418,0,0,4037898.3894499945,Regular (<$250M)
804150,Cocaine Bear,2023,Thriller; Comedy; Crime,32500000.0,88314672.0,71881409.55182931,0.0,224839205.42874983,16433262.448170692,0.0214902432990378,0,0,-16433262.448170692,Regular (<$250M)
977506,The Crime Is Mine,2023,Crime; Comedy; Mystery; Drama,13700000.0,10436638.0,4491685.8085823655,0.0,157449481.68550292,5944952.1914176345,0.020802882925697,0,0,-5944952.1914176345,Regular (<$250M)
677179,Creed III,2023,Drama; Action,75000000.0,275300000.0,220181487.53982377,67223691.66290322,373139283.4167443,55118512.46017623,0.0362587479641773,0,0,-55118512.46017623,High Grossing ($250M-$400M)
459003,Mavka: The Forest Song,2023,Animation; Adventure; Family; Fantasy,5000000.0,17974964.0,5787016.045208526,0.0,158744811.92212906,12187947.954791475,0.0210231015883665,0,0,-12187947.954791475,Regular (<$250M)
700391,65,2023,Action; Adventure; Science Fiction,45000000.0,60730568.0,28728601.92116099,0.0,181686397.79808155,32001966.07883901,0.0210204104686043,0,0,-32001966.07883901,Regular (<$250M)
921785,Mixed by Erry,2023,Comedy; History; Music,8538750.0,1120191.0,2984703.8289387096,0.0,155942499.70585927,1864512.8289387096,0.0208282620888054,0,0,1864512.8289387096,Regular (<$250M)
934433,Scream VI,2023,Horror; Thriller; Crime,33000000.0,169063850.0,79423041.92437398,0.0,232380837.80129457,89640808.07562602,0.0210033604376821,0,0,-89640808.07562602,Regular (<$250M)
933419,Champions,2023,Comedy; Drama,,9263009.0,5368098.662949352,0.0,158325894.5398699,3894910.337050648,0.0209915197978345,0,0,-3894910.3370506484,Regular (<$250M)
958196,Inside,2023,Thriller; Drama,,170000.0,2605105.949978623,0.0,155562901.82689917,2435105.949978623,0.0209216666707987,0,0,2435105.949978623,Regular (<$250M)
978870,Last Night of Amore,2023,Thriller; Crime,9500000.0,3800000.0,2069148.4654070009,0.0,155026944.34232756,1730851.5345929991,0.0209588768283183,0,0,-1730851.5345929991,Regular (<$250M)
594767,Shazam! Fury of the Gods,2023,Comedy; Action; Fantasy,110000000.0,134221819.0,345206573.0698881,192248777.19296756,498164368.9468087,210984754.06988811,0.0892699872135079,0,1,210984754.06988811,Regular (<$250M)
813477,Shin Kamen Rider,2023,Action; Drama; Science Fiction,,15787771.0,12992990.44846344,0.0,165950786.325384,2794780.55153656,0.0209114624188262,0,0,-2794780.55153656,Regular (<$250M)
603692,John Wick: Chapter 4,2023,Action; Thriller; Crime,100000000.0,447316405.0,218245306.61283967,65287510.73591912,371203102.4897602,229071098.38716033,0.0586786242699051,1,0,-229071098.38716033,Blockbuster (>$400M)
493529,Dungeons & Dragons: Honor Among Thieves,2023,Adventure; Fantasy; Comedy,151000000.0,208200000.0,125377150.21286736,0.0,278334946.0897879,82822849.78713265,0.0451585704012722,0,0,-82822849.78713264,Regular (<$250M)
800787,A Good Person,2023,Drama,,3101256.0,3196555.804496072,0.0,156154351.68141663,95299.80449607177,0.0210117095633502,0,0,95299.80449607223,Regular (<$250M)
555285,"Are You There God? It's Me, Margaret.",2023,Comedy; Drama,30000000.0,21800000.0,15427001.40021331,0.0,168384797.27713385,6372998.5997866895,0.0208282620888054,0,0,-6372998.5997866895,Regular (<$250M)
876619,Pantafa,2023,Horror,,116365.0,1218280.8984798638,0.0,154176076.7754004,1101915.8984798638,0.0208282620888054,0,0,1101915.8984798638,Regular (<$250M)
1016121,Beautiful Disaster,2023,Romance; Drama; Comedy,25000000.0,6850036.0,16957759.533000685,0.0,169915555.40992123,10107723.533000683,0.0209163106624399,0,0,10107723.533000685,Regular (<$250M)
502356,The Super Mario Bros. Movie,2023,Family; Comedy; Adventure; Fantasy; Animation,100000000.0,1360879735.0,329507285.51936424,176549489.6424437,482465081.3962848,1031372449.4806358,0.0743593824544938,1,1,-1031372449.4806358,Blockbuster (>$400M)
758323,The Pope's Exorcist,2023,Horror; Thriller,18000000.0,76987621.0,67149503.00614057,0.0,220107298.8830611,9838117.993859423,0.0212040636455847,0,0,-9838117.993859425,Regular (<$250M)
796185,The Three Musketeers: D'Artagnan,2023,Adventure; Action; Drama; History,27500000.0,31843086.0,11932347.864083486,0.0,164890143.74100405,19910738.135916516,0.0209578060858948,0,0,-19910738.135916516,Regular (<$250M)
964980,Air,2023,Drama; History,80000000.0,90100000.0,24680433.991802223,0.0,177638229.86872277,65419566.00819778,0.0266377171835351,0,0,-65419566.00819778,Regular (<$250M)
605886,To Catch a Killer,2023,Thriller; Crime; Drama,,3138750.0,3310073.1162307695,0.0,156267868.9931513,171323.11623076955,0.020802882925697,0,0,171323.11623076955,Regular (<$250M)
649609,Renfield,2023,Comedy; Fantasy; Horror,65000000.0,26493921.0,53361613.845891416,0.0,206319409.72281197,26867692.845891416,0.0221831579372706,0,0,26867692.845891416,Regular (<$250M)
931102,Ride On,2023,Action; Comedy; Drama,,36232675.0,18635965.08277415,0.0,171593760.9596947,17596709.91722585,0.0236915398350509,0,0,-17596709.91722585,Regular (<$250M)
1008048,How to Blow Up a Pipeline,2023,Crime; Drama; Thriller,,1046811.0,905954.7826935888,0.0,153863750.65961415,140856.21730641124,0.0208282620888054,0,0,-140856.21730641124,Regular (<$250M)
713704,Evil Dead Rise,2023,Horror; Thriller,15000000.0,147256372.0,47841608.869251944,0.0,200799404.7461725,99414763.13074806,0.0209787907257324,0,0,-99414763.13074806,Regular (<$250M)
809787,Mafia Mamma,2023,Comedy; Crime; Action,41000000.0,3900000.0,14138704.336535385,0.0,167096500.21345595,10238704.336535385,0.0209389259038926,0,0,10238704.336535385,Regular (<$250M)
798286,Beau Is Afraid,2023,Comedy; Adventure; Fantasy,35000000.0,12337378.0,13694310.329837952,0.0,166652106.2067585,1356932.3298379518,0.0215923606140499,0,0,1356932.3298379518,Regular (<$250M)
913673,Nefarious,2023,Horror; Drama,3000000.0,5400000.0,1795416.4731272392,0.0,154753212.3500478,3604583.5268727606,0.021083507447797,0,0,-3604583.5268727606,Regular (<$250M)
1047041,Detective Conan: Black Iron Submarine,2023,Animation; Action; Crime; Mystery,,106771806.0,28634336.473141592,0.0,181592132.35006213,78137469.5268584,0.0215746243556987,0,0,-78137469.5268584,Regular (<$250M)
882569,Guy Ritchie's The Covenant,2023,War; Action; Thriller,55000000.0,21948551.0,25659649.711437173,0.0,178617445.58835772,3711098.711437173,0.024559941453411,0,0,3711098.711437173,Regular (<$250M)
900379,Afire,2023,Drama; Romance; Comedy,,2147526.0,1285307.2637571893,0.0,154243103.14067775,862218.7362428107,0.0208282620888054,0,0,-862218.7362428107,Regular (<$250M)
925263,A Brighter Tomorrow,2023,Comedy,13266839.0,6551542.0,10517022.766181698,0.0,163474818.64310226,3965480.766181698,0.020802882925697,0,0,3965480.766181698,Regular (<$250M)
636173,Dream,2023,Comedy; Drama,,3890008.0,2378265.837489712,0.0,155336061.71441028,1511742.162510288,0.0209915197978345,0,0,-1511742.162510288,Regular (<$250M)
455476,Knights of the Zodiac,2023,Fantasy; Action; Science Fiction,60000000.0,7000000.0,22012598.67358474,0.0,174970394.55050528,15012598.67358474,0.022273909228017,0,0,15012598.67358474,Regular (<$250M)
878361,Big George Foreman,2023,History; Drama,32000000.0,3800000.0,11320287.481734354,0.0,164278083.35865492,7520287.481734354,0.0212829008716591,0,0,7520287.481734354,Regular (<$250M)
447365,Guardians of the Galaxy Vol. 3,2023,Science Fiction; Adventure; Action,250000000.0,845550000.0,755180201.5924604,602222405.7155398,908137997.469381,90369798.4075396,0.7409589685997554,1,1,-90369798.4075396,Blockbuster (>$400M)
758336,Love Again,2023,Romance; Drama; Comedy,9000000.0,10000000.0,19811939.97078378,0.0,172769735.84770432,9811939.97078378,0.0208823853530802,0,0,9811939.970783781,Regular (<$250M)
536437,Hypnotic,2023,Mystery; Science Fiction; Thriller,70000000.0,16014123.0,24612311.017111987,0.0,177570106.89403254,8598188.017111987,0.0231936946977035,0,0,8598188.017111987,Regular (<$250M)
1008102,Rally Road Racers,2023,Animation; Family; Comedy,,2900000.0,1428181.592702322,0.0,154385977.46962288,1471818.407297678,0.0210231015883665,0,0,-1471818.407297678,Regular (<$250M)
921452,Jeanne du Barry,2023,Drama; History; Romance,22400000.0,13000000.0,4885049.872070378,0.0,157842845.74899092,8114950.127929622,0.020802882925697,0,0,-8114950.127929622,Regular (<$250M)
385687,Fast X,2023,Action; Crime; Thriller,340000000.0,704709660.0,659575034.2117082,506617238.3347876,812532830.0886288,45134625.78829181,0.7103814399858758,1,1,-45134625.78829181,Blockbuster (>$400M)
447277,The Little Mermaid,2023,Adventure; Family; Fantasy; Romance,297000000.0,569626289.0,187266713.6033934,34308917.726472855,340224509.48031396,382359575.39660656,0.0771645196225048,1,1,-382359575.39660656,Blockbuster (>$400M)
869612,Master Gardener,2023,Drama; Crime; Mystery; Thriller,4100000.0,1506008.0,1723127.0961503042,0.0,154680922.97307086,217119.0961503042,0.020825323946338,0,0,217119.0961503042,Regular (<$250M)
989672,Just the Two of Us,2023,Thriller; Drama; Romance,6300000.0,5099005.0,2157404.8850979726,0.0,155115200.76201853,2941600.1149020274,0.020802882925697,0,0,-2941600.1149020274,Regular (<$250M)
717930,Kandahar,2023,Action; Thriller; War,30000000.0,9400000.0,18020363.413243603,0.0,170978159.29016414,8620363.413243603,0.0208178805256418,0,0,8620363.413243603,Regular (<$250M)
801112,Kidnapped,2023,Drama; History,14100000.0,4123091.0,3532562.1925976225,0.0,156490358.06951818,590528.8074023775,0.0210401291130113,0,0,-590528.8074023775,Regular (<$250M)
829051,About My Father,2023,Comedy,29100000.0,18167819.0,15084125.860960642,0.0,168041921.73788118,3083693.139039358,0.020802882925697,0,0,-3083693.139039358,Regular (<$250M)
890215,You Hurt My Feelings,2023,Drama; Comedy; Romance,,5000000.0,1176206.137573281,0.0,154134002.01449382,3823793.862426718,0.020802882925697,0,0,-3823793.8624267187,Regular (<$250M)
963765,Strange Way of Life,2023,Drama; Western; Romance,800000.0,1064830.0,2086246.416212399,0.0,155044042.29313296,1021416.416212399,0.020867055873419,0,0,1021416.416212399,Regular (<$250M)
986070,The Wrath of Becky,2023,Action; Horror; Thriller,199507.0,207118.0,796491.6726035239,0.0,153754287.54952407,589373.6726035239,0.0208769086415115,0,0,589373.6726035239,Regular (<$250M)
532408,The Boogeyman,2023,Horror,35000000.0,82344833.0,9365202.359819708,0.0,162322998.23674026,72979630.64018029,0.0209389259038926,0,0,-72979630.64018029,Regular (<$250M)
569094,Spider-Man: Across the Spider-Verse,2023,Animation; Action; Adventure; Science Fiction,100000000.0,690897910.0,364328186.51395977,211370390.6370392,517285982.39088035,326569723.48604023,0.1680587014744052,1,1,-326569723.48604023,Blockbuster (>$400M)
955555,The Roundup: No Way Out,2023,Action; Crime; Thriller,,83410298.0,24511247.579700097,0.0,177469043.45662063,58899050.4202999,0.0212238409550277,0,0,-58899050.4202999,Regular (<$250M)
666277,Past Lives,2023,Drama; Romance,12000000.0,28126646.0,7602107.087289531,0.0,160559902.9642101,20524538.91271047,0.0208178805256418,0,0,-20524538.91271047,Regular (<$250M)
667538,Transformers: Rise of the Beasts,2023,Science Fiction; Adventure; Action,195000000.0,441381193.0,181186916.913712,28229121.036791474,334144712.7906326,260194276.086288,0.0638606288539881,1,0,-260194276.086288,Blockbuster (>$400M)
888003,The Book of Solutions,2023,Comedy; Drama,,3557686.0,847046.0018764852,0.0,153804841.87879702,2710639.998123515,0.020802882925697,0,0,-2710639.998123515,Regular (<$250M)
747188,Asteroid City,2023,Comedy; Drama,25000000.0,53857743.0,18364326.774018075,0.0,171322122.65093863,35493416.22598192,0.0208680859095391,0,0,-35493416.22598192,Regular (<$250M)
298618,The Flash,2023,Action; Science Fiction; Adventure,220000000.0,271333313.0,110486981.10408288,0.0,263444776.98100343,160846331.89591712,0.1006739261627874,0,1,-160846331.89591712,High Grossing ($250M-$400M)
976573,Elemental,2023,Animation; Comedy; Family; Romance,200000000.0,496444308.0,104268483.43675049,0.0,257226279.31367105,392175824.5632495,0.0737215426083456,1,1,-392175824.5632495,Blockbuster (>$400M)
884605,No Hard Feelings,2023,Comedy; Romance,45000000.0,83000000.0,31132516.307966977,0.0,184090312.18488753,51867483.69203302,0.0210382854682337,0,0,-51867483.69203302,Regular (<$250M)
1008392,The Blackening,2023,Horror; Comedy,5000000.0,18563767.0,67065643.0390965,0.0,220023438.91601703,48501876.0390965,0.021083507447797,0,0,48501876.0390965,Regular (<$250M)
864168,Joy Ride,2023,Comedy,20000000.0,15800000.0,6694227.504735281,0.0,159652023.38165584,9105772.49526472,0.0208282620888054,0,0,-9105772.49526472,Regular (<$250M)
1083862,Resident Evil: Death Island,2023,Action; Animation; Science Fiction; Horror,,53929.0,1484026.769928789,0.0,154441822.64684933,1430097.769928789,0.0211219772654021,0,0,1430097.769928789,Regular (<$250M)
1108211,Lost in the Stars,2023,Mystery; Crime; Thriller,9500000.0,334039200.0,10174381.66426596,0.0,163132177.5411865,323864818.335734,0.0286946405687905,0,0,-323864818.335734,High Grossing ($250M-$400M)
335977,Indiana Jones and the Dial of Destiny,2023,Adventure; Action,294700000.0,383963057.0,708405030.5748087,555447234.6978881,861362826.4517293,324441973.5748087,0.687239546491859,0,1,324441973.5748087,High Grossing ($250M-$400M)
1040148,"Ruby Gillman, Teenage Kraken",2023,Animation; Family; Fantasy; Comedy,70000000.0,46247409.0,75134110.35829332,0.0,228091906.23521388,28886701.358293325,0.0255278758447328,0,0,28886701.358293325,Regular (<$250M)
678512,Sound of Freedom,2023,Action; Drama,14500000.0,250600000.0,2602880.3109312076,0.0,155560676.18785176,247997119.6890688,0.0209588768283183,0,0,-247997119.6890688,High Grossing ($250M-$400M)
496450,"Miraculous: Ladybug & Cat Noir, The Movie",2023,Animation; Fantasy; Action; Romance; Family,86000000.0,40208268.0,123480545.90253806,0.0,276438341.77945864,83272277.90253806,0.0427655124060938,0,0,83272277.90253806,Regular (<$250M)
614479,Insidious: The Red Door,2023,Horror; Thriller,16000000.0,189090647.0,33009905.754012764,0.0,185967701.6309333,156080741.24598724,0.0209964126968833,0,0,-156080741.24598724,Regular (<$250M)
575264,Mission: Impossible - Dead Reckoning Part One,2023,Action; Adventure; Thriller,220000000.0,571125435.0,589497962.6387613,436540166.7618407,742455758.5156819,18372527.63876128,0.7016553211039539,1,1,18372527.638761282,Blockbuster (>$400M)
508883,The Boy and the Heron,2023,Animation; Fantasy; Drama,50000000.0,294200000.0,23321805.83119707,0.0,176279601.70811763,270878194.1688029,0.021443908672989,0,0,-270878194.1688029,High Grossing ($250M-$400M)
1006462,The Flood,2023,Action; Mystery; Thriller; Horror,2.0,25.0,477.27656208748766,0.0,152958273.15348265,452.27656208748766,0.020802882925697,0,0,452.27656208748766,Regular (<$250M)
1058616,20 Days in Mariupol,2023,Documentary; War,,21000.0,678671.5681875891,0.0,153636467.44510815,657671.5681875891,0.020802882925697,0,0,657671.5681875891,Regular (<$250M)
856289,Creation of the Gods I: Kingdom of Storms,2023,Action; Fantasy; War,85000000.0,369081777.0,332179570.1080093,179221774.23108873,485137365.9849298,36902206.89199072,0.5522413744458066,0,1,-36902206.89199072,High Grossing ($250M-$400M)
346698,Barbie,2023,Comedy; Adventure; Fantasy,145000000.0,1447138421.0,100501348.13536663,0.0,253459144.0122872,1346637072.864633,0.0338830831411379,1,0,-1346637072.8646333,Blockbuster (>$400M)
709631,Cobweb,2023,Horror,13000000.0,10091821.0,7177515.617705387,0.0,160135311.49462593,2914305.382294613,0.020802882925697,0,0,-2914305.382294613,Regular (<$250M)
872585,Oppenheimer,2023,Drama; History,100000000.0,952000000.0,90773622.51284388,0.0,243731418.38976443,861226377.4871562,0.0414007480267875,1,0,-861226377.4871562,Blockbuster (>$400M)
616747,Haunted Mansion,2023,Comedy; Drama; Fantasy,157800000.0,117449790.0,123260850.52523656,0.0,276218646.40215707,5811060.525236547,0.0874099764089338,0,1,5811060.525236562,Regular (<$250M)
1008042,Talk to Me,2023,Horror,4500000.0,91959188.0,4654491.077897898,0.0,157612286.95481846,87304696.92210211,0.021083507447797,0,0,-87304696.92210211,Regular (<$250M)
614930,Teenage Mutant Ninja Turtles: Mutant Mayhem,2023,Animation; Comedy; Action; Science Fiction,75000000.0,180513586.0,205928465.69676065,52970669.8198401,358886261.57368124,25414879.696760654,0.0427655124060938,0,0,25414879.696760654,Regular (<$250M)
615656,Meg 2: The Trench,2023,Action; Science Fiction; Horror,129000000.0,398500317.0,309116392.1241102,156158596.24718967,462074188.0010308,89383924.87588978,0.2342462160964996,0,1,-89383924.87588978,High Grossing ($250M-$400M)
1110358,Yannick,2023,Comedy; Drama; Thriller,,3500000.0,1086152.6619883762,0.0,154043948.53890893,2413847.338011624,0.020802882925697,0,0,-2413847.338011624,Regular (<$250M)
1121612,No More Bets,2023,Drama; Crime,,54578820.0,10648029.592975851,0.0,163605825.4698964,43930790.407024145,0.0274855618463477,0,0,-43930790.407024145,Regular (<$250M)
635910,The Last Voyage of the Demeter,2023,Horror; Fantasy,45000000.0,21600000.0,24629782.26875449,0.0,177587578.14567503,3029782.268754486,0.0209706380367889,0,0,3029782.2687544897,Regular (<$250M)
729854,Concrete Utopia,2023,Thriller; Action,,28900000.0,11937898.459395286,0.0,164895694.33631584,16962101.540604714,0.021369773205029,0,0,-16962101.540604714,Regular (<$250M)
980489,Gran Turismo,2023,Adventure; Drama; Action,60000000.0,121700000.0,54678592.440053545,0.0,207636388.3169741,67021407.559946455,0.0255524057980325,0,0,-67021407.559946455,Regular (<$250M)
1072371,Jules,2023,Comedy; Science Fiction; Drama,,2000000.0,1109377.2968261277,0.0,154067173.17374668,890622.7031738725,0.0208282620888054,0,0,-890622.7031738723,Regular (<$250M)
912480,Red Rooms,2023,Thriller; Crime,,147552.0,1718945.136042934,0.0,154676741.01296347,1571393.136042934,0.020802882925697,0,0,1571393.136042934,Regular (<$250M)
1201104,the revenge,2023,Action; Drama,5.0,30.0,584.2389844424742,0.0,152958380.115905,554.2389844424742,0.020802882925697,0,0,554.2389844424742,Regular (<$250M)
565770,Blue Beetle,2023,Action; Science Fiction; Adventure,104000000.0,130788072.0,100939403.2599871,0.0,253897199.13690764,29848668.7400129,0.033506426192251,0,0,-29848668.7400129,Regular (<$250M)
912908,Strays,2023,Comedy; Adventure,46000000.0,32000000.0,37164013.347307995,0.0,190121809.22422856,5164013.347307995,0.0217837262543972,0,0,5164013.347307995,Regular (<$250M)
862557,The Hill,2023,History; Drama,,7600000.0,1490640.629573687,0.0,154448436.50649422,6109359.370426313,0.020867055873419,0,0,-6109359.370426313,Regular (<$250M)
762430,Retribution,2023,Thriller; Action; Adventure,20000000.0,18685751.0,890516.7523398132,0.0,153848312.62926036,17795234.247660186,0.020802882925697,0,0,-17795234.247660186,Regular (<$250M)
915935,Anatomy of a Fall,2023,Thriller; Mystery; Crime,6600000.0,36000000.0,4089125.899600573,0.0,157046921.77652112,31910874.100399427,0.0210401291130113,0,0,-31910874.100399427,Regular (<$250M)
814776,Bottoms,2023,Comedy,11300000.0,12976079.0,6744737.790137164,0.0,159702533.66705772,6231341.209862836,0.0208178805256418,0,0,-6231341.209862836,Regular (<$250M)
1552742,Luna,2023,Fantasy; Mystery,338.0,342.0,300.5600040062433,0.0,152958096.43692455,41.439995993756725,0.020802882925697,0,0,-41.439995993756725,Regular (<$250M)
926393,The Equalizer 3,2023,Action; Thriller; Crime,70000000.0,191067560.0,141625838.0998192,0.0,294583633.97673976,49441721.90018079,0.0248439896754778,0,0,-49441721.90018079,Regular (<$250M)
968051,The Nun II,2023,Horror,38500000.0,269670590.0,109755644.07890648,0.0,262713439.95582703,159914945.92109352,0.0208995631686838,0,0,-159914945.92109352,High Grossing ($250M-$400M)
1024773,It Lives Inside,2023,Horror; Mystery,,4800000.0,698541.4756763987,0.0,153656337.35259694,4101458.5243236017,0.0208282620888054,0,0,-4101458.5243236013,Regular (<$250M)
872906,Jawan,2023,Action; Thriller,31736340.0,136675088.0,33941163.504445344,0.0,186898959.3813659,102733924.49555466,0.021917318664159,0,0,-102733924.49555466,Regular (<$250M)
1001811,My Big Fat Greek Wedding 3,2023,Comedy; Romance,,34900000.0,21288706.791234437,0.0,174246502.66815498,13611293.208765564,0.0208190322188548,0,0,-13611293.208765563,Regular (<$250M)
812037,Last Summer,2023,Drama,,1022551.0,920091.5728802492,0.0,153877887.4498008,102459.42711975088,0.0208282620888054,0,0,-102459.42711975076,Regular (<$250M)
820525,After Everything,2023,Romance; Drama,14000000.0,10644463.0,17071889.83977039,0.0,170029685.71669096,6427426.839770392,0.0211219772654021,0,0,6427426.839770392,Regular (<$250M)
945729,A Haunting in Venice,2023,Mystery; Thriller; Crime,60000000.0,121400000.0,139350429.03649205,0.0,292308224.9134126,17950429.03649205,0.0223633734149458,0,0,17950429.03649205,Regular (<$250M)
958006,The Kill Room,2023,Comedy; Crime,50000000.0,476375.0,8547019.08384284,0.0,161504814.9607634,8070644.08384284,0.0209389259038926,0,0,8070644.08384284,Regular (<$250M)
986280,Fallen Leaves,2023,Romance; Drama,1480000.0,12400000.0,1337226.5983586984,0.0,154295022.47527924,11062773.401641302,0.020802882925697,0,0,-11062773.401641302,Regular (<$250M)
299054,Expend4bles,2023,Action; Adventure; Thriller,100000000.0,37917985.0,128607912.57142162,0.0,281565708.4483422,90689927.57142162,0.0295782771831076,0,0,90689927.57142162,Regular (<$250M)
676727,The Inventor,2023,Animation; Drama; Family; History,10000000.0,2037563.0,4144410.0710234535,0.0,157102205.94794402,2106847.0710234535,0.0210917350534566,0,0,2106847.0710234535,Regular (<$250M)
792293,Dumb Money,2023,History; Comedy; Drama,30000000.0,20703794.0,9478183.101945002,0.0,162435978.97886556,11225610.898054998,0.0208282620888054,0,0,-11225610.898054998,Regular (<$250M)
859235,Coup de chance,2023,Romance; Drama,12000000.0,7837847.0,11340047.504885113,0.0,164297843.38180566,3502200.504885111,0.0208439566180736,0,0,3502200.504885113,Regular (<$250M)
893723,PAW Patrol: The Mighty Movie,2023,Adventure; Animation; Comedy; Family; Science Fiction,30000000.0,202231360.0,60552852.4626143,0.0,213510648.33953485,141678507.5373857,0.0212481894298521,0,0,-141678507.5373857,Regular (<$250M)
670292,The Creator,2023,Science Fiction; Action; Adventure,80000000.0,104272136.0,72633818.5617654,0.0,225591614.43868595,31638317.438234597,0.0302509947659658,0,0,-31638317.438234597,Regular (<$250M)
944401,Dogman,2023,Action; Drama; Crime,,4082217.0,3154802.525165079,0.0,156112598.40208563,927414.4748349208,0.0208521258963943,0,0,-927414.4748349208,Regular (<$250M)
951491,Saw X,2023,Horror; Mystery,13000000.0,125319714.0,61208665.35387057,0.0,214166461.23079112,64111048.64612943,0.0207358261280625,0,0,-64111048.64612943,Regular (<$250M)
939335,Muzzle,2023,Action; Thriller; TV Movie,,7807.0,1586380.488156634,0.0,154544176.3650772,1578573.488156634,0.0211175229110752,0,0,1578573.488156634,Regular (<$250M)
970348,The Old Oak,2023,Drama,,7729788.0,2117051.291287217,0.0,155074847.16820776,5612736.708712783,0.0208282620888054,0,0,-5612736.708712783,Regular (<$250M)
807172,The Exorcist: Believer,2023,Horror,30000000.0,136998069.0,63194732.86698825,0.0,216152528.7439088,73803336.13301176,0.0208870178610218,0,0,-73803336.13301176,Regular (<$250M)
943134,The Animal Kingdom,2023,Adventure; Drama; Science Fiction,15200000.0,9138503.0,8135337.611592803,0.0,161093133.48851335,1003165.3884071968,0.0209915197978345,0,0,-1003165.3884071968,Regular (<$250M)
744857,When Evil Lurks,2023,Horror; Thriller,,2090252.0,1008684.399514188,0.0,153966480.27643475,1081567.600485812,0.021083507447797,0,0,-1081567.600485812,Regular (<$250M)
897087,Freelance,2023,Action; Comedy,40000000.0,9112817.0,7826315.722906291,0.0,160784111.59982684,1286501.2770937094,0.0209389259038926,0,0,-1286501.2770937094,Regular (<$250M)
980026,The Promised Land,2023,Action; Drama; History,8500000.0,2246680.0,2939293.3980277395,0.0,155897089.2749483,692613.3980277395,0.0209588768283183,0,0,692613.3980277395,Regular (<$250M)
1046090,"The Pig, the Snake and the Pigeon",2023,Crime; Drama; Thriller,,91608950.0,1540908.8025844523,0.0,154498704.679505,90068041.19741555,0.0236856769178478,0,0,-90068041.19741555,Regular (<$250M)
837335,La Chimera,2023,Drama; Fantasy; Comedy,,4933288.0,2853087.045057122,0.0,155810882.92197767,2080200.954942878,0.0209915197978345,0,0,-2080200.9549428779,Regular (<$250M)
901362,Trolls Band Together,2023,Animation; Family; Music; Fantasy; Comedy; Adventure,95000000.0,210231405.0,299642151.15950596,146684355.2825854,452599947.03642654,89410746.15950596,0.0996056577156131,0,1,89410746.15950596,Regular (<$250M)
1160003,Night of the Hunted,2023,Horror; Mystery; Thriller,,344758.0,262351.64724258834,0.0,153220147.52416313,82406.35275741166,0.020802882925697,0,0,-82406.35275741166,Regular (<$250M)
734002,The Peasants,2023,Animation; History; Drama,7475000.0,10064347.0,20561913.6430232,0.0,173519709.51994374,10497566.6430232,0.0211531103091028,0,0,10497566.6430232,Regular (<$250M)
988402,Humanist Vampire Seeking Consenting Suicidal Person,2023,Comedy; Fantasy; Horror,3000000.0,97578.0,1547521.9371119137,0.0,154505317.81403247,1449943.9371119137,0.020802882925697,0,0,1449943.9371119137,Regular (<$250M)
1160164,TAYLOR SWIFT | THE ERAS TOUR,2023,Music,15000000.0,261656269.0,6800480.331346475,0.0,159758276.20826703,254855788.66865352,0.0316170817627853,0,0,-254855788.66865352,High Grossing ($250M-$400M)
466420,Killers of the Flower Moon,2023,Crime; History; Drama,200000000.0,158722599.0,39547299.958119705,0.0,192505095.83504027,119175299.0418803,0.0765659977623953,0,1,-119175299.0418803,Regular (<$250M)
949229,Leo,2023,Action; Crime; Thriller,42219285.0,71772785.0,19009269.55036451,0.0,171967065.42728508,52763515.44963549,0.021654832392981,0,0,-52763515.44963549,Regular (<$250M)
965791,A Difficult Year,2023,Comedy,13000000.0,7004555.0,12077597.424802711,0.0,165035393.30172327,5073042.424802711,0.0207944774117597,0,0,5073042.424802711,Regular (<$250M)
912916,The Other Zoey,2023,Romance; Drama; Comedy,,168000.0,1426858.4618997274,0.0,154384654.33882028,1258858.4618997274,0.020867055873419,0,0,1258858.4618997274,Regular (<$250M)
1058694,Radical,2023,Drama,10000000.0,21761164.0,14433305.22143667,0.0,167391101.09835723,7327858.77856333,0.0210779297097782,0,0,-7327858.77856333,Regular (<$250M)
507089,Five Nights at Freddy's,2023,Horror; Thriller,20000000.0,297242145.0,51363580.02014189,0.0,204321375.89706245,245878564.9798581,0.0212040636455847,0,0,-245878564.9798581,High Grossing ($250M-$400M)
800158,The Killer,2023,Crime; Thriller,175000000.0,362113.0,19669566.96790273,0.0,172627362.84482327,19307453.96790273,0.0373476361491768,0,0,19307453.96790273,Regular (<$250M)
897160,Brave Citizen,2023,Action; Drama; Comedy,,2116112.0,3597632.3685278525,0.0,156555428.2454484,1481520.3685278525,0.0208282620888054,0,0,1481520.3685278525,Regular (<$250M)
1026227,There's Still Tomorrow,2023,Drama; Comedy; History,9000000.0,50121593.0,2518328.3909204854,0.0,155476124.26784104,47603264.60907952,0.020802882925697,0,0,-47603264.60907952,Regular (<$250M)
840430,The Holdovers,2023,Drama; Comedy,13000000.0,42513270.0,12480978.46929309,0.0,165438774.34621364,30032291.530706912,0.0210401291130113,0,0,-30032291.530706912,Regular (<$250M)
1020006,Priscilla,2023,Drama; Romance,20000000.0,30140906.0,1547646.3015239364,0.0,154505442.17844447,28593259.698476065,0.020802882925697,0,0,-28593259.698476065,Regular (<$250M)
1075175,How to Have Sex,2023,Drama,,1216642.0,448053.3094135063,0.0,153405849.18633404,768588.6905864937,0.020802882925697,0,0,-768588.6905864937,Regular (<$250M)
940721,Godzilla Minus One,2023,Science Fiction; Horror; Action,15000000.0,113676322.0,49123140.5007185,0.0,202080936.37763903,64553181.4992815,0.0215325767587965,0,0,-64553181.4992815,Regular (<$250M)
609681,The Marvels,2023,Science Fiction; Adventure; Action,274800000.0,206136825.0,762518020.048707,609560224.1717864,915475815.9256276,556381195.048707,0.7272592868488393,0,1,556381195.048707,Regular (<$250M)
964960,The Taste of Things,2023,Romance; Drama,6500000.0,5970753.0,2478681.996012508,0.0,155436477.87293306,3492071.003987492,0.0210053173354777,0,0,-3492071.003987492,Regular (<$250M)
1092329,Journey to Bethlehem,2023,Family; Drama,6000000.0,7778330.0,8154004.028970197,0.0,161111799.90589076,375674.0289701968,0.0208178805256418,0,0,375674.02897019684,Regular (<$250M)
823482,Dream Scenario,2023,Comedy; Fantasy,10000000.0,14114415.0,3646606.997467217,0.0,156604402.87438777,10467808.002532784,0.020802882925697,0,0,-10467808.002532784,Regular (<$250M)
976893,Perfect Days,2023,Drama,14000000.0,24094016.0,12412567.625619948,0.0,165370363.5025405,11681448.374380052,0.0209915197978345,0,0,-11681448.374380052,Regular (<$250M)
1056360,American Fiction,2023,Comedy; Drama,16000000.0,22483370.0,16996582.795501627,0.0,169954378.67242217,5486787.204498373,0.0208282620888054,0,0,-5486787.204498373,Regular (<$250M)
1022796,Wish,2023,Animation; Family; Fantasy; Adventure,175000000.0,254997360.0,117112528.64630976,0.0,270070324.5232303,137884831.35369024,0.1110277577505759,0,1,-137884831.35369024,High Grossing ($250M-$400M)
695721,The Hunger Games: The Ballad of Songbirds & Snakes,2023,Science Fiction; Action,100000000.0,337371917.0,243672003.46354857,90714207.58662802,396629799.3404691,93699913.53645144,0.0488114294333507,0,0,-93699913.53645143,High Grossing ($250M-$400M)
621587,Next Goal Wins,2023,Comedy; Drama,14000000.0,18062279.0,21932599.755027693,0.0,174890395.63194823,3870320.7550276928,0.0208092443023786,0,0,3870320.7550276928,Regular (<$250M)
839369,May December,2023,Drama,20000000.0,4232370.0,2716255.895309103,0.0,155674051.77222964,1516114.1046908968,0.0208178805256418,0,0,-1516114.1046908968,Regular (<$250M)
930564,Saltburn,2023,Drama; Comedy; Thriller,20000000.0,21013738.0,15491594.153113896,0.0,168449390.03003445,5522143.846886104,0.021204534991255,0,0,-5522143.846886104,Regular (<$250M)
1071215,Thanksgiving,2023,Horror; Mystery,15000000.0,46553280.0,27166732.610354763,0.0,180124528.4872753,19386547.389645237,0.0209344269877383,0,0,-19386547.389645237,Regular (<$250M)
523607,Maestro,2023,Drama; Romance; Music,80000000.0,300000.0,49584025.50945875,0.0,202541821.3863793,49284025.50945875,0.0372454451830296,0,0,49284025.50945875,Regular (<$250M)
586810,Mars Express,2023,Animation; Science Fiction; Thriller,7900000.0,1455713.0,2018950.8575129283,0.0,154976746.73443347,563237.8575129285,0.0210587446676395,0,0,563237.8575129283,Regular (<$250M)
753342,Napoleon,2023,History; War; Drama,165000000.0,222435664.0,152746676.0226971,0.0,305704471.8996177,69688987.97730291,0.0750223408333928,0,1,-69688987.97730291,Regular (<$250M)
1056380,The Coffee Table,2023,Horror; Thriller; Drama; Comedy,,16630.0,684826.8805705208,0.0,153642622.75749108,668196.8805705208,0.020802882925697,0,0,668196.8805705208,Regular (<$250M)
664341,Eileen,2023,Thriller; Crime,16000000.0,1560142.0,5393966.510371348,0.0,158351762.3872919,3833824.510371348,0.020802882925697,0,0,3833824.510371348,Regular (<$250M)
781732,Animal,2023,Action; Crime; Drama,13000000.0,108300000.0,16728737.387798913,0.0,169686533.26471946,91571262.6122011,0.0214436628542541,0,0,-91571262.6122011,Regular (<$250M)
1208334,Emmanuel,2023,Drama,270.0,10.0,440.8253403365254,0.0,152958236.70226088,430.8253403365254,0.020802882925697,0,0,430.8253403365254,Regular (<$250M)
787699,Wonka,2023,Comedy; Family; Fantasy,125000000.0,634502312.0,349687510.5677404,196729714.69081983,502645306.4446609,284814801.4322596,0.2054927119797898,1,1,-284814801.4322596,Blockbuster (>$400M)
838240,Robot Dreams,2023,Animation; Drama; Comedy; Science Fiction,5300000.0,4656348.0,4071023.146572851,0.0,157028819.0234934,585324.8534271484,0.0210231015883665,0,0,-585324.8534271489,Regular (<$250M)
940551,Migration,2023,Family; Comedy; Adventure; Animation,72000000.0,298776052.0,84739999.78486022,0.0,237697795.66178077,214036052.21513975,0.0267729088237049,0,0,-214036052.21513978,High Grossing ($250M-$400M)
792307,Poor Things,2023,Science Fiction; Romance; Comedy,35000000.0,117607117.0,13369470.783977836,0.0,166327266.6608984,104237646.21602216,0.02123558899794,0,0,-104237646.21602216,Regular (<$250M)
845111,The Three Musketeers: Milady,2023,Adventure; Action; Drama,39000000.0,21730766.0,19019596.837860152,0.0,171977392.7147807,2711169.162139848,0.0213380467853914,0,0,-2711169.162139848,Regular (<$250M)
365620,Ferrari,2023,History; Drama,95000000.0,39220516.0,27988621.954067156,0.0,180946417.8309877,11231894.045932844,0.0288424637356964,0,0,-11231894.045932844,Regular (<$250M)
927107,The Bricklayer,2023,Action; Thriller,23900000.0,899683.0,13475813.100656614,0.0,166433608.97757715,12576130.100656614,0.020802882925697,0,0,12576130.100656614,Regular (<$250M)
467244,The Zone of Interest,2023,Drama; History; War,15000000.0,52631884.0,13852313.616322905,0.0,166810109.49324346,38779570.383677095,0.0208282620888054,0,0,-38779570.383677095,Regular (<$250M)
906126,Society of the Snow,2023,Drama; History,65500000.0,1281.0,11140348.882668238,0.0,164098144.75958878,11139067.882668238,0.0231175233183417,0,0,11139067.882668238,Regular (<$250M)
572802,Aquaman and the Lost Kingdom,2023,Action; Adventure; Fantasy,205000000.0,440181226.0,538244139.4749717,385286343.5980511,691201935.3518922,98062913.47497164,0.651626589422663,1,1,98062913.47497165,Blockbuster (>$400M)
760774,One Life,2023,History; Drama,,51437352.0,1000655.5673450158,0.0,153958451.44426557,50436696.432654984,0.0208282620888054,0,0,-50436696.432654984,Regular (<$250M)
850165,The Iron Claw,2023,Drama; History,15900000.0,40130232.0,14362490.174857195,0.0,167320286.05177775,25767741.8251428,0.0210053173354777,0,0,-25767741.825142805,Regular (<$250M)
1072790,Anyone but You,2023,Romance; Comedy,25000000.0,214891370.0,13631736.955535922,0.0,166589532.83245647,201259633.04446408,0.0208521258963943,0,0,-201259633.04446408,Regular (<$250M)
994108,All of Us Strangers,2023,Romance; Drama; Fantasy,5000000.0,14864960.0,3438443.1990753138,0.0,156396239.07599586,11426516.800924689,0.0208282620888054,0,0,-11426516.800924687,Regular (<$250M)
1062807,SPY x FAMILY CODE: White,2023,Animation; Comedy; Adventure; Action,5000000.0,59629242.0,14371608.287906168,0.0,167329404.16482672,45257633.71209383,0.0211756637078697,0,0,-45257633.71209383,Regular (<$250M)
558915,The Color Purple,2023,Drama,90000000.0,68919191.0,94956009.84755471,0.0,247913805.7244753,26036818.847554713,0.0324953677406634,0,0,26036818.847554713,Regular (<$250M)
823452,The Boys in the Boat,2023,Drama; History,40000000.0,54401583.0,23603529.991506115,0.0,176561325.86842668,30798053.008493885,0.0211339333235501,0,0,-30798053.008493885,Regular (<$250M)
1063879,Infested,2023,Horror; Thriller,,2110014.0,1273883.6862927931,0.0,154231679.56321335,836130.3137072069,0.020802882925697,0,0,-836130.3137072069,Regular (<$250M)
845783,Baghead,2023,Horror,,6691851.0,577038.683876157,0.0,153534834.5607967,6114812.316123843,0.020802882925697,0,0,-6114812.316123843,Regular (<$250M)
1072342,Night Swim,2024,Horror,15000000.0,54785387.0,20163008.62812882,0.0,173120804.50504938,34622378.37187118,0.0208823853530802,0,0,-34622378.37187118,Regular (<$250M)
972433,Race for Glory: Audi vs. Lancia,2024,Drama; History,,2151772.0,647292.9581123677,0.0,153605088.8350329,1504479.0418876323,0.0208282620888054,0,0,-1504479.0418876323,Regular (<$250M)
866398,The Beekeeper,2024,Action; Crime; Thriller,35000000.0,162619535.0,13532925.345065735,0.0,166490721.2219863,149086609.65493426,0.021268694434656,0,0,-149086609.65493426,Regular (<$250M)
1214314,One More Shot,2024,Action; Thriller,,87850934.0,5427031.159566178,0.0,158384827.03648672,82423902.84043382,0.0208870178610218,0,0,-82423902.84043382,Regular (<$250M)
626412,Alienoid: Return to the Future,2024,Action; Fantasy; Adventure; Science Fiction,,10824208.0,12532760.910499496,0.0,165490556.78742003,1708552.9104994943,0.021369773205029,0,0,1708552.9104994964,Regular (<$250M)
673593,Mean Girls,2024,Comedy,36000000.0,104970953.0,26312521.6229917,0.0,179270317.49991226,78658431.3770083,0.0210382854682337,0,0,-78658431.3770083,Regular (<$250M)
758679,Mothers' Instinct,2024,Thriller; Drama,,2681023.0,398295.4928783199,0.0,153356091.36979887,2282727.5071216803,0.0208282620888054,0,0,-2282727.5071216803,Regular (<$250M)
976584,The Book of Clarence,2024,Adventure; Comedy; Drama,40000000.0,6205230.0,37535764.75404624,0.0,190493560.6309668,31330534.75404624,0.0221702405265443,0,0,31330534.75404624,Regular (<$250M)
1026436,Miller's Girl,2024,Thriller; Drama; Romance,4000000.0,1430985.0,4122464.849835245,0.0,157080260.7267558,2691479.849835245,0.020825323946338,0,0,2691479.849835245,Regular (<$250M)
785542,The Outrun,2024,Drama,,3983828.0,2739978.834752334,0.0,155697774.71167287,1243849.1652476666,0.020802882925697,0,0,-1243849.1652476662,Regular (<$250M)
790462,I.S.S.,2024,Science Fiction; Thriller,13800000.0,6605079.0,5232096.421258799,0.0,158189892.29817936,1372982.5787412012,0.020802882925697,0,0,-1372982.5787412012,Regular (<$250M)
1096342,Beautiful Wedding,2024,Romance; Comedy; Drama,,1781246.0,4146377.098127907,0.0,157104172.97504845,2365131.0981279076,0.0209057306944117,0,0,2365131.098127907,Regular (<$250M)
586353,The Master and Margarita,2024,Fantasy; Drama,15000000.0,28013812.0,12795486.94027676,0.0,165753282.81719732,15218325.05972324,0.021324941375055,0,0,-15218325.05972324,Regular (<$250M)
1019939,Hundreds of Beavers,2024,Comedy; Adventure; Action,150000.0,1267995.0,855390.9340173301,0.0,153813186.81093788,412604.06598266994,0.020802882925697,0,0,-412604.06598266994,Regular (<$250M)
1146972,Mobile Suit Gundam SEED FREEDOM,2024,Animation; Science Fiction; Action; Drama,,36038764.0,9622423.382957537,0.0,162580219.2598781,26416340.617042467,0.0216969307097812,0,0,-26416340.617042463,Regular (<$250M)
1719529,i guess it's over,2024,,1.0,1.0,72.47870655721968,0.0,152957868.35562712,71.47870655721968,0.020802882925697,0,0,71.47870655721968,Regular (<$250M)
848538,Argylle,2024,Action; Adventure; Comedy,200000000.0,96221061.0,33279642.877516534,0.0,186237438.7544371,62941418.12248346,0.0496696811588018,0,0,-62941418.12248346,Regular (<$250M)
914206,The Beast,2024,Science Fiction; Drama; Romance,7500000.0,760979.0,3934108.2058438137,0.0,156891904.08276436,3173129.2058438133,0.0210401291130113,0,0,3173129.2058438137,Regular (<$250M)
973912,Cocorico,2024,Comedy,,18259571.0,7623753.597276876,0.0,160581549.47419742,10635817.402723124,0.021083507447797,0,0,-10635817.402723124,Regular (<$250M)
993784,Lisa Frankenstein,2024,Horror; Comedy; Romance,13400000.0,9927714.0,5581030.66047564,0.0,158538826.5373962,4346683.33952436,0.020802882925697,0,0,-4346683.33952436,Regular (<$250M)
1045770,Daaaaaalí!,2024,Comedy; Fantasy; Drama,6700000.0,3.0,1742869.6871762923,0.0,154700665.56409684,1742866.6871762923,0.020802882925697,0,0,1742866.6871762923,Regular (<$250M)
832262,Force of Nature: The Dry 2,2024,Mystery; Thriller,,5786313.0,6109534.188600979,0.0,159067330.06552154,323221.1886009788,0.021083507447797,0,0,323221.1886009788,Regular (<$250M)
969492,Land of Bad,2024,Action; War; Thriller,18000000.0,7021101.0,2119829.772654799,0.0,155077625.64957535,4901271.227345201,0.020802882925697,0,0,-4901271.227345201,Regular (<$250M)
1228891,Pegasus 2,2024,Drama; Comedy; Adventure,60000000.0,466862668.0,172834319.2542805,19876523.377359957,325792115.131201,294028348.7457195,0.051516533482227,1,0,-294028348.7457195,Blockbuster (>$400M)
634492,Madame Web,2024,Action; Fantasy,80000000.0,100498764.0,87733956.38521178,0.0,240691752.26213235,12764807.61478822,0.0282968211319675,0,0,-12764807.61478822,Regular (<$250M)
802219,Bob Marley: One Love,2024,Music; History; Drama,70000000.0,180828556.0,57778043.82929855,0.0,210735839.7062191,123050512.17070144,0.0231524054557425,0,0,-123050512.17070144,Regular (<$250M)
598387,The Tiger's Apprentice,2024,Animation; Family; Fantasy,17000000.0,762183.0,12913488.077899558,0.0,165871283.9548201,12151305.077899558,0.021011298917771,0,0,12151305.077899558,Regular (<$250M)
869291,Cuckoo,2024,Horror; Mystery; Thriller,7000000.0,6680396.0,3300584.457303108,0.0,156258380.33422366,3379811.542696892,0.020802882925697,0,0,-3379811.542696892,Regular (<$250M)
1012201,HAIKYU!! The Dumpster Battle,2024,Animation; Comedy,5000000.0,100255784.0,16003811.519938324,0.0,168961607.39685887,84251972.48006168,0.0216499477891591,0,0,-84251972.48006168,Regular (<$250M)
618588,Arthur the King,2024,Adventure; Drama,19000000.0,40829138.0,13697368.456388086,0.0,166655164.33330864,27131769.54361191,0.0209216666707987,0,0,-27131769.543611914,Regular (<$250M)
838209,Exhuma,2024,Mystery; Horror; Thriller,,97974828.0,7034211.448454198,0.0,159992007.32537475,90940616.5515458,0.021132290070586,0,0,-90940616.5515458,Regular (<$250M)
957304,Drive-Away Dolls,2024,Comedy; Crime,8000000.0,7935363.0,9943287.43586502,0.0,162901083.31278557,2007924.4358650204,0.0208282620888054,0,0,2007924.4358650204,Regular (<$250M)
974036,Ordinary Angels,2024,Drama,13000000.0,20571534.0,15919833.77547726,0.0,168877629.6523978,4651700.22452274,0.020867055873419,0,0,-4651700.22452274,Regular (<$250M)
975773,Wicked Little Letters,2024,Comedy; Drama; Mystery,12600000.0,27219729.0,7283787.978494207,0.0,160241583.85541475,19935941.02150579,0.0207499993464402,0,0,-19935941.02150579,Regular (<$250M)
693134,Dune: Part Two,2024,Science Fiction; Adventure,190000000.0,714844358.0,575556638.7911296,422598842.914209,728514434.6680502,139287719.2088704,0.6062127454353011,1,1,-139287719.2088704,Blockbuster (>$400M)
1011985,Kung Fu Panda 4,2024,Action; Adventure; Animation; Comedy; Family; Fantasy,80000000.0,548040835.0,324895187.0164812,171937391.13956067,477852982.89340174,223145647.9835188,0.1543444275562187,1,1,-223145647.98351878,Blockbuster (>$400M)
1125311,Imaginary,2024,Horror; Mystery,10000000.0,43778760.0,23147660.53689125,0.0,176105456.4138118,20631099.46310875,0.0208439566180736,0,0,-20631099.46310875,Regular (<$250M)
763215,Damsel,2024,Fantasy; Action; Adventure,60000000.0,5000.0,51546684.21449814,0.0,204504480.09141868,51541684.21449814,0.0224419821826343,0,0,51541684.21449814,Regular (<$250M)
948549,Love Lies Bleeding,2024,Crime; Romance; Thriller,10000000.0,12778225.0,4683756.281214426,0.0,157641552.15813497,8094468.718785574,0.020802882925697,0,0,-8094468.718785574,Regular (<$250M)
972614,Knox Goes Away,2024,Action; Crime; Drama; Thriller,,963703.0,1966472.856339045,0.0,154924268.7332596,1002769.8563390452,0.020802882925697,0,0,1002769.8563390451,Regular (<$250M)
1037113,Snack Shack,2024,Comedy; Drama,3000000.0,455708.0,10557450.270174082,0.0,163515246.14709464,10101742.270174082,0.0208517460433032,0,0,10101742.270174082,Regular (<$250M)
1760208,Sucesso aqui vou eu! Short Clip,2024,Drama; Comedy; Family; Music,200.0,200.0,168.9036724268823,0.0,152957964.78059298,31.09632757311769,0.020802882925697,0,0,-31.09632757311769,Regular (<$250M)
938614,Late Night with the Devil,2024,Horror,,16765533.0,495230.06628810166,0.0,153453025.94320866,16270302.933711898,0.020802882925697,0,0,-16270302.933711898,Regular (<$250M)
967847,Ghostbusters: Frozen Empire,2024,Fantasy; Adventure; Comedy,100000000.0,201967521.0,271755619.49002826,118797823.61310773,424713415.3669488,69788098.49002826,0.0348730485025547,0,0,69788098.49002826,Regular (<$250M)
1041613,Immaculate,2024,Horror; Mystery; Thriller,9000000.0,35340015.0,5456509.522960071,0.0,158414305.39988062,29883505.47703993,0.0208282620888054,0,0,-29883505.47703993,Regular (<$250M)
1333100,Attack on Titan: THE LAST ATTACK,2024,Animation; Action; Adventure; Drama,,21525687.0,18764880.00839117,0.0,171722675.88531172,2760806.9916088283,0.0219062204268373,0,0,-2760806.9916088283,Regular (<$250M)
1079485,Winnie-the-Pooh: Blood and Honey 2,2024,Horror; Thriller,415000.0,7582541.0,1811157.597914091,0.0,154768953.47483465,5771383.402085909,0.0207358261280625,0,0,-5771383.402085909,Regular (<$250M)
823464,Godzilla x Kong: The New Empire,2024,Action; Adventure; Science Fiction,150000000.0,571750016.0,385228232.5512378,232270436.67431727,538186028.4281584,186521783.44876215,0.3151889563386112,1,1,-186521783.44876218,Blockbuster (>$400M)
1109306,A World Apart,2024,Comedy,,8108856.0,3756028.0078687007,0.0,156713823.88478926,4352827.992131299,0.0208178805256418,0,0,-4352827.992131299,Regular (<$250M)
437342,The First Omen,2024,Horror,30000000.0,53992802.0,60370382.71128097,0.0,213328178.58820152,6377580.711280972,0.0211219772654021,0,0,6377580.711280972,Regular (<$250M)
560016,Monkey Man,2024,Thriller; Crime; Action,10000000.0,35271631.0,16339960.165806176,0.0,169297756.04272673,18931670.834193826,0.0209915197978345,0,0,-18931670.834193826,Regular (<$250M)
1103621,How to Make Millions Before Grandma Dies,2024,Drama,1000000.0,73800000.0,11779527.388361128,0.0,164737323.26528168,62020472.611638874,0.0210779297097782,0,0,-62020472.611638874,Regular (<$250M)
929590,Civil War,2024,War; Action; Drama,50000000.0,126542249.0,16443483.989222996,0.0,169401279.86614355,110098765.010777,0.0213528618556294,0,0,-110098765.010777,Regular (<$250M)
588648,Dragonkeeper,2024,Animation; Family; Action; Adventure; Fantasy,25600000.0,6206231.0,10914707.893486552,0.0,163872503.7704071,4708476.893486552,0.0210231015883665,0,0,4708476.893486552,Regular (<$250M)
998846,Back to Black,2024,Music; History; Drama,30000000.0,51001975.0,8933245.397758264,0.0,161891041.27467883,42068729.60224174,0.0215067900143229,0,0,-42068729.60224174,Regular (<$250M)
1051896,Arcadian,2024,Action; Horror; Science Fiction,,1235594.0,371978.65585461137,0.0,153329774.53277516,863615.3441453886,0.020802882925697,0,0,-863615.3441453886,Regular (<$250M)
1087388,Sting,2024,Horror; Thriller,,2801252.0,537462.1983399745,0.0,153495258.07526052,2263789.8016600255,0.020802882925697,0,0,-2263789.8016600255,Regular (<$250M)
1209217,Detective Conan: The Million-Dollar Pentagram,2024,Animation; Crime; Mystery; Action,,108136957.0,26753791.35820309,0.0,179711587.23512363,81383165.64179692,0.0216499477891591,0,0,-81383165.64179692,Regular (<$250M)
1111873,Abigail,2024,Horror; Thriller; Comedy,28000000.0,43015969.0,16433367.573338475,0.0,169391163.45025903,26582601.42666152,0.0208823853530802,0,0,-26582601.426661525,Regular (<$250M)
567811,10 Lives,2024,Animation; Comedy; Family; Fantasy,,16219846.0,1661547.6455357266,0.0,154619343.5224563,14558298.354464274,0.0210587446676395,0,0,-14558298.354464274,Regular (<$250M)
799583,The Ministry of Ungentlemanly Warfare,2024,Action; Comedy; War,60000000.0,29768915.0,40428384.10712152,0.0,193386179.98404208,10659469.10712152,0.0220189888650129,0,0,10659469.10712152,Regular (<$250M)
937287,Challengers,2024,Drama; Romance,55000000.0,94182533.0,45417647.15665246,0.0,198375443.033573,48764885.84334754,0.0228560407476649,0,0,-48764885.84334754,Regular (<$250M)
1152014,A Little Something Extra,2024,Comedy; Family,6400000.0,84058132.0,3677903.809330682,0.0,156635699.68625122,80380228.19066931,0.020802882925697,0,0,-80380228.19066931,Regular (<$250M)
1104844,BLUE LOCK THE MOVIE -EPISODE NAGI-,2024,Animation; Action; Drama,,14291561.0,1793202.101972886,0.0,154750997.97889343,12498358.898027116,0.0210587446676395,0,0,-12498358.898027115,Regular (<$250M)
746036,The Fall Guy,2024,Action; Comedy; Romance,125000000.0,181073291.0,81737195.64867578,0.0,234694991.52559632,99336095.35132422,0.0371691711123116,0,0,-99336095.35132422,Regular (<$250M)
882059,Boy Kills World,2024,Crime; Thriller; Action,18000000.0,3139717.0,10669468.317105578,0.0,163627264.19402614,7529751.317105578,0.0208282620888054,0,0,7529751.317105578,Regular (<$250M)
1017163,The Roundup: Punishment,2024,Action; Crime; Thriller,,83703350.0,19456723.884337664,0.0,172414519.7612582,64246626.11566234,0.0212238409550277,0,0,-64246626.11566234,Regular (<$250M)
1115009,Unsung Hero,2024,Drama; Music; Family,6000000.0,21220422.0,14824359.909112535,0.0,167782155.7860331,6396062.090887465,0.0208954192525184,0,0,-6396062.090887465,Regular (<$250M)
1243101,Katala: Game Night,2024,Horror,,1448.0,354213.7297720888,0.0,153312009.60669264,352765.7297720888,0.020802882925697,0,0,352765.7297720888,Regular (<$250M)
748783,The Garfield Movie,2024,Adventure; Animation; Comedy; Family,60000000.0,254907482.0,88110827.59211276,0.0,241068623.4690333,166796654.40788722,0.0237633894044211,0,0,-166796654.40788722,High Grossing ($250M-$400M)
719221,Tarot,2024,Horror,8000000.0,49256239.0,7673739.566960173,0.0,160631535.44388074,41582499.43303983,0.020825323946338,0,0,-41582499.43303983,Regular (<$250M)
923667,Twilight of the Warriors: Walled In,2024,Action; Crime; Thriller,38400000.0,95399186.0,71850966.10693727,0.0,224808761.9838578,23548219.89306273,0.0212693666223698,0,0,-23548219.893062726,Regular (<$250M)
843527,The Idea of You,2024,Music; Comedy; Romance; Drama,,36178.0,2537161.620842294,0.0,155494957.49776286,2500983.620842294,0.0208178805256418,0,0,2500983.620842294,Regular (<$250M)
858017,I Saw the TV Glow,2024,Drama; Horror,10000000.0,5407916.0,14993929.24782828,0.0,167951725.12474883,9586013.24782828,0.0209114624188262,0,0,9586013.24782828,Regular (<$250M)
639720,IF,2024,Comedy; Fantasy; Family,110000000.0,190309707.0,78635373.33105744,0.0,231593169.207978,111674333.66894256,0.0268787216159528,0,0,-111674333.66894256,Regular (<$250M)
653346,Kingdom of the Planet of the Apes,2024,Science Fiction; Adventure; Action,160000000.0,397378150.0,359325869.2897,206368073.41277945,512283665.1666205,38052280.71030003,0.3545394305591574,0,1,-38052280.71030003,High Grossing ($250M-$400M)
1047020,The Last Stop in Yuma County,2024,Crime; Drama; Thriller,,94344.0,263788.26059472654,0.0,153221584.13751528,169444.26059472654,0.020802882925697,0,0,169444.26059472654,Regular (<$250M)
1010600,The Strangers: Chapter 1,2024,Horror; Thriller,8500000.0,48166448.0,7853071.654569612,0.0,160810867.53149018,40313376.34543039,0.0209163106624399,0,0,-40313376.34543039,Regular (<$250M)
974635,Hit Man,2024,Comedy; Romance; Crime,8800000.0,5101673.0,10164817.873692526,0.0,163122613.75061306,5063144.873692526,0.020802882925697,0,0,5063144.873692526,Regular (<$250M)
786892,Furiosa: A Mad Max Saga,2024,Action; Science Fiction; Adventure,168000000.0,174287546.0,348063916.9996447,195106121.12272415,501021712.8765652,173776370.9996447,0.4990771488015424,0,1,173776370.9996447,Regular (<$250M)
646683,The Exorcism,2024,Horror; Thriller,22000000.0,12610418.0,8952134.442757588,0.0,161909930.31967813,3658283.557242412,0.0208409377662322,0,0,-3658283.557242412,Regular (<$250M)
1029955,Kinds of Kindness,2024,Comedy; Drama,15000000.0,16398509.0,11214276.774742257,0.0,164172072.6516628,5184232.225257743,0.0214055802083903,0,0,-5184232.225257743,Regular (<$250M)
774531,Young Woman and the Sea,2024,History; Drama,40000000.0,581725.0,38397255.738826364,0.0,191355051.61574692,37815530.738826364,0.0212370867588532,0,0,37815530.738826364,Regular (<$250M)
1214509,In a Violent Nature,2024,Horror; Thriller,600000.0,4258197.0,960468.5096060697,0.0,153918264.3865266,3297728.4903939306,0.021083507447797,0,0,-3297728.49039393,Regular (<$250M)
573435,Bad Boys: Ride or Die,2024,Action; Comedy; Crime,100000000.0,404547819.0,327717181.0219409,174759385.14502034,480674976.8988614,76830637.97805911,0.1781980487726277,1,1,-76830637.97805911,Blockbuster (>$400M)
1086747,The Watchers,2024,Fantasy; Horror; Mystery,30000000.0,51147812.0,15885885.60689366,0.0,168843681.4838142,35261926.39310634,0.0208282620888054,0,0,-35261926.39310634,Regular (<$250M)
1022789,Inside Out 2,2024,Animation; Adventure; Comedy; Family,200000000.0,1698863816.0,546234645.0702503,393276849.1933297,699192440.9471709,1152629170.9297495,0.7304223037942276,1,1,-1152629170.9297497,Blockbuster (>$400M)
1118224,Maharaja,2024,Action; Thriller; Mystery,,10758542.0,10172398.697130015,0.0,163130194.57405058,586143.302869983,0.021132290070586,0,0,-586143.3028699849,Regular (<$250M)
879805,I Am: Celine Dion,2024,Documentary; Music,,292987.0,247623.68581447235,0.0,153205419.56273502,45363.31418552765,0.0208282620888054,0,0,-45363.31418552765,Regular (<$250M)
1008409,The Bikeriders,2024,Crime; Drama,40000000.0,36110860.0,19968011.327718727,0.0,172925807.2046393,16142848.672281273,0.0209706380367889,0,0,-16142848.672281273,Regular (<$250M)
519182,Despicable Me 4,2024,Animation; Comedy; Action; Science Fiction; Family,100000000.0,972021410.0,465740560.5204913,312782764.6435708,618698356.3974118,506280849.4795087,0.6036151108750694,1,1,-506280849.4795087,Blockbuster (>$400M)
1051891,Thelma,2024,Action; Adventure; Comedy,5000000.0,12537071.0,4758165.731196238,0.0,157715961.60811678,7778905.268803762,0.020825323946338,0,0,-7778905.268803762,Regular (<$250M)
762441,A Quiet Place: Day One,2024,Horror; Science Fiction; Thriller,67000000.0,261907653.0,68435596.56741507,0.0,221393392.44433564,193472056.43258497,0.0223580201757771,0,0,-193472056.43258494,High Grossing ($250M-$400M)
801688,Kalki 2898-AD,2024,Drama; Action; Fantasy; Science Fiction,75000000.0,141000000.0,130911544.63438764,0.0,283869340.5113082,10088455.365612373,0.0510053168220942,0,0,-10088455.365612358,Regular (<$250M)
932086,Horizon: An American Saga - Chapter 1,2024,Western; Drama,50000000.0,38735702.0,52876485.21714062,0.0,205834281.09406117,14140783.217140622,0.021674881475472,0,0,14140783.217140622,Regular (<$250M)
843416,Daddio,2024,Drama,,1878377.0,381531.9914263906,0.0,153339327.86834693,1496845.0085736094,0.020802882925697,0,0,-1496845.0085736094,Regular (<$250M)
1084736,The Count of Monte Cristo,2024,Adventure; Action; Drama,46000000.0,75360860.0,15213211.491494764,0.0,168171007.36841533,60147648.50850524,0.0215923606140499,0,0,-60147648.50850524,Regular (<$250M)
1244492,Look Back,2024,Animation; Drama,,25198872.0,3325530.828411172,0.0,156283326.7053317,21873341.171588827,0.0211347902710269,0,0,-21873341.171588827,Regular (<$250M)
1160018,Kill,2024,Action; Crime; Thriller; Drama,4800000.0,5600000.0,5656207.0573093295,0.0,158614002.93422988,56207.05730932951,0.0208954192525184,0,0,56207.05730932951,Regular (<$250M)
1023922,MaXXXine,2024,Horror,10000000.0,22057160.0,20725512.05088339,0.0,173683307.92780393,1331647.94911661,0.021145774006574,0,0,-1331647.94911661,Regular (<$250M)
1730955,Kangmas,2024,Drama,23.0,1000.0,90.04957032589165,0.0,152957885.92649087,909.9504296741084,0.020802882925697,0,0,-909.9504296741084,Regular (<$250M)
718821,Twisters,2024,Action; Thriller,155000000.0,372262265.0,391941516.19033074,238983720.3134102,544899312.0672513,19679251.190330744,0.4293476590894989,0,1,19679251.190330744,High Grossing ($250M-$400M)
956842,Fly Me to the Moon,2024,Romance; Comedy,100000000.0,42260534.0,39319916.64614038,0.0,192277712.52306092,2940617.3538596183,0.029277144354473,0,0,-2940617.3538596183,Regular (<$250M)
1226578,Longlegs,2024,Crime; Horror; Mystery,10000000.0,127961936.0,4870231.27541726,0.0,157828027.15233782,123091704.72458276,0.0208870178610218,0,0,-123091704.72458275,Regular (<$250M)
726139,Project Silence,2024,Thriller; Action; Horror; Science Fiction; Adventure,14750000.0,6283415.0,13366919.982895777,0.0,166324715.8598163,7083504.982895775,0.0208954192525184,0,0,7083504.982895777,Regular (<$250M)
1155828,Sing Sing,2024,Drama,2000000.0,3401789.0,3193697.930585693,0.0,156151493.80750623,208091.0694143069,0.0208282620888054,0,0,-208091.0694143069,Regular (<$250M)
1241320,Kingdom: Return of the Great General,2024,Action; Adventure,,54114815.0,16422994.97602122,0.0,169380790.85294178,37691820.02397878,0.0216174304407734,0,0,-37691820.02397878,Regular (<$250M)
1216191,Oddity,2024,Horror; Mystery,,1850519.0,532241.231724553,0.0,153490037.1086451,1318277.768275447,0.0208282620888054,0,0,-1318277.768275447,Regular (<$250M)
533535,Deadpool & Wolverine,2024,Action; Comedy; Science Fiction,200000000.0,1338073645.0,672434280.2558123,519476484.3788917,825392076.1327329,665639364.7441877,0.6592251287125327,1,1,-665639364.7441877,Blockbuster (>$400M)
826510,Harold and the Purple Crayon,2024,Family; Comedy; Adventure; Fantasy,40000000.0,32227855.0,34357544.60043816,0.0,187315340.4773587,2129689.6004381627,0.0209433251642066,0,0,2129689.6004381627,Regular (<$250M)
1032823,Trap,2024,Crime; Horror; Thriller,30000000.0,83677281.0,19908545.08043599,0.0,172866340.95735654,63768735.91956401,0.0209219331561692,0,0,-63768735.91956401,Regular (<$250M)
870360,The Day the Earth Blew Up: A Looney Tunes Movie,2024,Family; Comedy; Adventure; Animation; Science Fiction,15000000.0,15076954.0,8072343.331025559,0.0,161030139.20794612,7004610.668974441,0.0208178805256418,0,0,-7004610.668974441,Regular (<$250M)
1059064,The Instigators,2024,Crime; Comedy,,11098.0,1759981.635900994,0.0,154717777.51282156,1748883.635900994,0.020905398486874,0,0,1748883.635900994,Regular (<$250M)
1159311,My Hero Academia: You're Next,2024,Animation; Action; Adventure; Science Fiction,,32224616.0,26140802.880869742,0.0,179098598.7577903,6083813.119130254,0.0216499477891591,0,0,-6083813.1191302575,Regular (<$250M)
1180629,Kneecap,2024,Music; Comedy; Drama,,4345446.0,1424540.8943012147,0.0,154382336.77122176,2920905.1056987853,0.020802882925697,0,0,-2920905.1056987853,Regular (<$250M)
365177,Borderlands,2024,Action; Science Fiction; Comedy,115000000.0,33017367.0,106875179.68007807,0.0,259832975.55699864,73857812.68007809,0.0262123219609728,0,0,73857812.68007807,Regular (<$250M)
1079091,It Ends with Us,2024,Drama; Romance,55000000.0,351441044.0,48684891.912390456,0.0,201642687.789311,302756152.0876095,0.0273147966342033,0,0,-302756152.0876095,High Grossing ($250M-$400M)
1221404,Crayon Shin-chan the Movie: Our Dinosaur Diary,2024,Animation; Adventure; Comedy; Family,,21478573.0,13789964.51490553,0.0,166747760.3918261,7688608.485094471,0.0216155946107869,0,0,-7688608.485094471,Regular (<$250M)
945961,Alien: Romulus,2024,Horror; Science Fiction,80000000.0,350865342.0,304610614.5323676,151652818.65544704,457568410.40928817,46254727.46763241,0.0550600851522573,0,0,-46254727.46763241,High Grossing ($250M-$400M)
1064028,Subservience,2024,Horror; Science Fiction; Thriller,4400000.0,262793.0,2767265.666439086,0.0,155725061.54335964,2504472.666439086,0.020802882925697,0,0,2504472.666439086,Regular (<$250M)
840705,Blink Twice,2024,Horror; Mystery; Thriller,20000000.0,46393906.0,1404998.9503166566,0.0,154362794.82723722,44988907.04968334,0.020867055873419,0,0,-44988907.04968334,Regular (<$250M)
957452,The Crow,2024,Action; Fantasy; Horror,50000000.0,24109036.0,15119129.5992556,0.0,168076925.47617614,8989906.4007444,0.0209284241544783,0,0,-8989906.4007444,Regular (<$250M)
974950,Emilia Pérez,2024,Drama; Thriller,26000000.0,16317120.0,7309764.763172577,0.0,160267560.64009312,9007355.236827422,0.0209915197978345,0,0,-9007355.236827422,Regular (<$250M)
970347,The Killer,2024,Action; Thriller; Crime,30000000.0,318618.0,15226855.709861258,0.0,168184651.5867818,14908237.709861258,0.0209588768283183,0,0,14908237.709861258,Regular (<$250M)
1029281,Strange Darling,2024,Horror; Thriller,4000000.0,4853595.0,2009330.634876653,0.0,154967126.5117972,2844264.365123347,0.020802882925697,0,0,-2844264.365123347,Regular (<$250M)
1125073,Between the Temples,2024,Comedy; Drama,,2113603.0,1190387.632816794,0.0,154148183.50973734,923215.367183206,0.020802882925697,0,0,-923215.3671832059,Regular (<$250M)
1186532,The Forge,2024,Drama; Family,5000000.0,40392664.0,31998942.103404753,0.0,184956737.9803253,8393721.896595247,0.0210779297097782,0,0,-8393721.896595247,Regular (<$250M)
989662,A Different Man,2024,Comedy; Drama,,1169365.0,1727628.614182698,0.0,154685424.49110326,558263.6141826981,0.0208282620888054,0,0,558263.6141826981,Regular (<$250M)
1062215,Afraid,2024,Horror; Science Fiction; Thriller,12000000.0,12977758.0,14557897.838449646,0.0,167515693.7153702,1580139.8384496458,0.020802882925697,0,0,1580139.8384496458,Regular (<$250M)
823219,Flow,2024,Adventure; Animation; Family; Fantasy,3700000.0,17660107.0,1369426.0773047537,0.0,154327221.9542253,16290680.922695246,0.020802882925697,0,0,-16290680.922695246,Regular (<$250M)
1087822,Hellboy: The Crooked Man,2024,Fantasy; Horror; Action,20000000.0,2014050.0,1443286.4167723511,0.0,154401082.29369292,570763.5832276489,0.0208282620888054,0,0,-570763.5832276489,Regular (<$250M)
917496,Beetlejuice Beetlejuice,2024,Comedy; Fantasy,99000000.0,452000435.0,233613630.78236273,80655834.90544218,386571426.6592833,218386804.21763727,0.0355617219928772,1,0,-218386804.21763727,Blockbuster (>$400M)
1232827,The Girl with the Needle,2024,Drama; History,,470300.0,3631183.780018679,0.0,156588979.65693924,3160883.780018679,0.0210117095633502,0,0,3160883.780018679,Regular (<$250M)
933260,The Substance,2024,Horror; Science Fiction,17500000.0,77316812.0,8733305.547547676,0.0,161691101.42446822,68583506.45245233,0.0211143984773718,0,0,-68583506.45245233,Regular (<$250M)
698687,Transformers One,2024,Animation; Science Fiction; Adventure; Family,75000000.0,129408392.0,69063686.4989326,0.0,222021482.37585315,60344705.5010674,0.0254233003636429,0,0,-60344705.5010674,Regular (<$250M)
1114513,Speak No Evil,2024,Horror; Thriller,15000000.0,77239314.0,13859561.708587268,0.0,166817357.5855078,63379752.29141273,0.0209114624188262,0,0,-63379752.29141273,Regular (<$250M)
507241,The Killer's Game,2024,Action; Comedy; Thriller,30000000.0,5928351.0,12888411.534267971,0.0,165846207.4111885,6960060.534267971,0.020802882925697,0,0,6960060.534267971,Regular (<$250M)
832964,Lee,2024,History; Drama; War,,23508220.0,836488.6205124208,0.0,153794284.49743298,22671731.379487578,0.020825323946338,0,0,-22671731.379487578,Regular (<$250M)
1184918,The Wild Robot,2024,Family; Animation; Science Fiction; Adventure,78000000.0,331982078.0,330041915.7939107,177084119.91699013,482999711.6708312,1940162.2060893176,0.0716452411157332,0,1,-1940162.2060893178,High Grossing ($250M-$400M)
947891,My Old Ass,2024,Drama; Comedy,3000000.0,5705895.0,2883489.215652932,0.0,155841285.0925735,2822405.784347068,0.020867055873419,0,0,-2822405.784347068,Regular (<$250M)
1383086,EL TELÉFONO 2,2024,Horror; Thriller; Adventure; Mystery,3.0,1.0,626.9872887197789,0.0,152958422.86420926,625.9872887197789,0.020802882925697,0,0,625.9872887197789,Regular (<$250M)
814889,Never Let Go,2024,Horror,20000000.0,21760713.0,7092199.558745859,0.0,160049995.4356664,14668513.44125414,0.020802882925697,0,0,-14668513.44125414,Regular (<$250M)
1278263,The Seed of the Sacred Fig,2024,Drama; Thriller; Crime,3000000.0,6501810.0,1940308.2169906164,0.0,154898104.09391117,4561501.783009384,0.021324941375055,0,0,-4561501.783009384,Regular (<$250M)
1000837,I'm Still Here,2024,Drama; History,8000000.0,36361572.0,4568228.961537949,0.0,157526024.8384585,31793343.03846205,0.0210053173354777,0,0,-31793343.03846205,Regular (<$250M)
1167271,Weekend in Taipei,2024,Action; Adventure; Thriller,30000000.0,2826064.0,10123919.40598066,0.0,163081715.2829012,7297855.40598066,0.020802882925697,0,0,7297855.40598066,Regular (<$250M)
1014505,OVERLORD: The Sacred Kingdom,2024,Action; Adventure; Animation; Fantasy,,7614966.0,14024191.431427762,0.0,166981987.3083483,6409225.431427762,0.0215838908053896,0,0,6409225.431427762,Regular (<$250M)
927547,All We Imagine as Light,2024,Drama; Romance,,3010117.0,2515882.261990701,0.0,155473678.13891125,494234.7380092991,0.0208282620888054,0,0,-494234.73800929915,Regular (<$250M)
592831,Megalopolis,2024,Science Fiction; Drama; Fantasy,120000000.0,14387154.0,28734357.887617696,0.0,181692153.76453823,14347203.887617696,0.0395923989901557,0,0,14347203.887617696,Regular (<$250M)
976576,Emmanuelle,2024,Drama; Romance,19000000.0,712413.0,3083517.999800965,0.0,156041313.8767215,2371104.999800965,0.020802882925697,0,0,2371104.999800965,Regular (<$250M)
811941,Devara: Part 1,2024,Action; Drama,31764000.0,54216867.0,32730508.896113686,0.0,185688304.77303424,21486358.103886314,0.021674881475472,0,0,-21486358.103886314,Regular (<$250M)
1029235,Azrael,2024,Action; Horror; Thriller,12000000.0,631272.0,6053630.621063672,0.0,159011426.49798423,5422358.621063672,0.0208282620888054,0,0,5422358.621063672,Regular (<$250M)
1120911,Saturday Night,2024,Comedy; Drama,25000000.0,10055029.0,15248687.949314026,0.0,168206483.82623458,5193658.949314026,0.0208282620888054,0,0,5193658.949314026,Regular (<$250M)
831815,Saving Bikini Bottom: The Sandy Cheeks Movie,2024,Family; Comedy; Adventure; Animation,100000000.0,100000000.0,25048444.78062825,0.0,178006240.6575488,74951555.21937175,0.0266377171835351,0,0,-74951555.21937175,Regular (<$250M)
889737,Joker: Folie à Deux,2024,Drama; Crime; Thriller,190000000.0,207500287.0,672240980.9931921,519283185.1162715,825198776.8701127,464740693.9931921,0.7067169201720538,0,1,464740693.9931921,Regular (<$250M)
1160956,Panda Plan,2024,Action; Comedy,25000000.0,42238170.0,60181251.396866836,0.0,213139047.27378735,17943081.396866836,0.0245202241137949,0,0,17943081.396866836,Regular (<$250M)
1171634,When Fall Is Coming,2024,Drama; Thriller; Comedy,,5675601.0,1504639.9627322687,0.0,154462435.8396528,4170961.037267731,0.020802882925697,0,0,-4170961.0372677315,Regular (<$250M)
748230,Salem's Lot,2024,Horror,,851156.0,6916157.462255282,0.0,159873953.33917582,6065001.462255282,0.0208422346687133,0,0,6065001.462255282,Regular (<$250M)
1047373,The Silent Hour,2024,Crime; Thriller; Action,,322064.0,706765.8814189303,0.0,153664561.7583395,384701.88141893025,0.020802882925697,0,0,384701.88141893025,Regular (<$250M)
1118031,Apocalypse Z: The Beginning of the End,2024,Drama; Action; Horror,,500000.0,8018678.68728555,0.0,160976474.5642061,7518678.68728555,0.0208870178610218,0,0,7518678.68728555,Regular (<$250M)
1088514,The Room Next Door,2024,Drama; Comedy,15000000.0,21519488.0,6832899.616817563,0.0,159790695.4937381,14686588.383182436,0.020867055873419,0,0,-14686588.383182436,Regular (<$250M)
1034541,Terrifier 3,2024,Horror,2000000.0,90322103.0,7111731.539531534,0.0,160069527.41645208,83210371.46046847,0.0211479242492602,0,0,-83210371.46046847,Regular (<$250M)
1158996,Souleymane's Story,2024,Drama,,4399858.0,357205.91389811324,0.0,153315001.79081866,4042652.086101887,0.0208282620888054,0,0,-4042652.086101887,Regular (<$250M)
1182047,The Apprentice,2024,History; Drama; Comedy,16000000.0,17271613.0,4020735.797233964,0.0,156978531.67415452,13250877.202766037,0.0209588768283183,0,0,-13250877.202766037,Regular (<$250M)
976734,Canary Black,2024,Action; Thriller; Crime,,525704.0,1271834.6992807104,0.0,154229630.57620126,746130.6992807104,0.020802882925697,0,0,746130.6992807104,Regular (<$250M)
1100099,We Live in Time,2024,Romance; Drama,20000000.0,37182814.0,1131099.3205942695,0.0,154088895.19751483,36051714.679405734,0.020802882925697,0,0,-36051714.679405734,Regular (<$250M)
1236419,Piece by Piece,2024,Animation; Music; Documentary,16000000.0,10722792.0,8543461.443316288,0.0,161501257.32023683,2179330.5566837117,0.0211132470254078,0,0,-2179330.5566837117,Regular (<$250M)
1280941,The Boy with Pink Pants,2024,Drama,,10233279.0,2503187.756505498,0.0,155460983.63342604,7730091.243494501,0.0208282620888054,0,0,-7730091.243494501,Regular (<$250M)
1064213,Anora,2024,Drama; Comedy; Romance,6000000.0,56286295.0,9848802.55986933,0.0,162806598.43678987,46437492.440130666,0.0210401291130113,0,0,-46437492.440130666,Regular (<$250M)
402431,Wicked,2024,Drama; Romance; Fantasy,150000000.0,763963597.0,287919545.1618838,134961749.28496322,440877341.0388043,476044051.8381162,0.3510498906526315,1,1,-476044051.8381162,Blockbuster (>$400M)
959604,Beating Hearts,2024,Romance; Crime; Drama,37315205.0,36010728.0,9179741.750074623,0.0,162137537.62699518,26830986.249925375,0.0215923606140499,0,0,-26830986.249925375,Regular (<$250M)
1100782,Smile 2,2024,Horror; Mystery,28000000.0,138128854.0,96326740.41956396,0.0,249284536.2964845,41802113.58043605,0.0211994713804943,0,0,-41802113.580436036,Regular (<$250M)
1064486,Memoir of a Snail,2024,Animation; Comedy; Drama,4350000.0,7.0,1072807.4658217083,0.0,154030603.34274226,1072800.4658217083,0.0210231015883665,0,0,1072800.4658217083,Regular (<$250M)
912649,Venom: The Last Dance,2024,Science Fiction; Action; Adventure,120000000.0,478937618.0,441657209.9674719,288699414.0905514,594615005.8443924,37280408.0325281,0.4034089564294376,1,1,-37280408.0325281,Blockbuster (>$400M)
1002155,Monsieur Aznavour,2024,History; Music; Drama,28000000.0,16.0,12540038.344584491,0.0,165497834.22150505,12540022.344584491,0.0210401291130113,0,0,12540022.344584491,Regular (<$250M)
1063877,Don't Move,2024,Horror; Thriller,,88489.0,596740.0197707289,0.0,153554535.8966913,508251.0197707289,0.0208282620888054,0,0,508251.0197707289,Regular (<$250M)
1109255,Parthenope,2024,Drama,32000000.0,10361110.0,4456375.761604034,0.0,157414171.6385246,5904734.238395966,0.02123558899794,0,0,-5904734.238395966,Regular (<$250M)
974576,Conclave,2024,Drama; Thriller,20000000.0,115657988.0,4002335.009320259,0.0,156960130.8862408,111655652.99067974,0.0208178805256418,0,0,-111655652.99067974,Regular (<$250M)
1262983,MadS,2024,Horror; Thriller,,49816.0,766411.0908728705,0.0,153724206.96779343,716595.0908728705,0.020802882925697,0,0,716595.0908728705,Regular (<$250M)
1232449,Young Hearts,2024,Drama; Romance,,136344.0,906488.4829838994,0.0,153864284.35990444,770144.4829838994,0.0208282620888054,0,0,770144.4829838994,Regular (<$250M)
1400635,Corrosion,2024,Drama,250.0,400.0,209.93472146366256,0.0,152958005.81164202,190.06527853633744,0.020802882925697,0,0,-190.06527853633744,Regular (<$250M)
940139,Here,2024,Drama,40000000.0,15397270.0,19604807.219280865,0.0,172562603.09620142,4207537.219280865,0.0209389259038926,0,0,4207537.219280865,Regular (<$250M)
1106739,Juror #2,2024,Drama; Thriller,30000000.0,21418477.0,13041030.963701269,0.0,165998826.84062183,8377446.036298733,0.0208521258963943,0,0,-8377446.036298731,Regular (<$250M)
1222248,Number 24,2024,War; History; Drama,,3301976.0,2229284.327282025,0.0,155187080.20420256,1072691.672717975,0.0209808788595771,0,0,-1072691.672717975,Regular (<$250M)
845781,Red One,2024,Action; Adventure; Comedy; Fantasy,250000000.0,185700759.0,46301099.286557965,0.0,199258895.16347852,139399659.71344203,0.0778365268152072,0,1,-139399659.71344203,Regular (<$250M)
927342,Amaran,2024,Action; Drama; Adventure; War,14700000.0,39200000.0,16225927.365266375,0.0,169183723.24218693,22974072.634733625,0.021324941375055,0,0,-22974072.634733625,Regular (<$250M)
974453,Absolution,2024,Action; Crime; Thriller; Mystery,30000000.0,3854594.0,10879707.920793714,0.0,163837503.79771426,7025113.920793714,0.020802882925697,0,0,7025113.920793714,Regular (<$250M)
1138194,Heretic,2024,Thriller; Horror,10000000.0,51913394.0,8282253.285991088,0.0,161240049.16291165,43631140.71400891,0.0208178805256418,0,0,-43631140.71400891,Regular (<$250M)
756397,Hitpig!,2024,Animation; Comedy; Adventure; Family,45000000.0,2345398.0,7366524.800807964,0.0,160324320.6777285,5021126.800807964,0.0213001828900706,0,0,5021126.800807964,Regular (<$250M)
1013850,A Real Pain,2024,Comedy; Drama,3000000.0,24856027.0,2240950.9369571614,0.0,155198746.8138777,22615076.06304284,0.020802882925697,0,0,-22615076.063042838,Regular (<$250M)
1102493,Small Things Like These,2024,Drama,3000000.0,12534032.0,3617699.079039685,0.0,156575494.95596024,8916332.920960315,0.0208439566180736,0,0,-8916332.920960315,Regular (<$250M)
1232493,No Other Land,2024,Documentary,,3608606.0,363380.4995415838,0.0,153321176.37646213,3245225.500458416,0.020802882925697,0,0,-3245225.500458416,Regular (<$250M)
1035048,Elevation,2024,Action; Science Fiction; Thriller,18000000.0,3300000.0,6978182.489168254,0.0,159935978.3660888,3678182.4891682537,0.0208954192525184,0,0,3678182.4891682537,Regular (<$250M)
1211472,September 5,2024,Thriller; Drama; History,,852000.0,618604.9770862563,0.0,153576400.8540068,233395.02291374377,0.0208282620888054,0,0,-233395.02291374374,Regular (<$250M)
516729,Paddington in Peru,2024,Adventure; Comedy; Family,90000000.0,211000000.0,124338080.94802676,0.0,277295876.8249473,86661919.05197325,0.0362587479641773,0,0,-86661919.05197324,Regular (<$250M)
558449,Gladiator II,2024,Action; Adventure; Drama,310000000.0,462180717.0,572084669.2771552,419126873.4002346,725042465.1540757,109903952.27715516,0.593828845142624,1,1,109903952.27715516,Blockbuster (>$400M)
1241982,Moana 2,2024,Adventure; Animation; Comedy; Family; Fantasy,150000000.0,1059242164.0,506924214.63754463,353966418.76062405,659882010.5144652,552317949.3624554,0.7167645562122225,1,1,-552317949.3624554,Blockbuster (>$400M)
1357633,Solo Leveling -ReAwakening-,2024,Action; Adventure; Fantasy; Animation,,6331827.0,8586900.196432268,0.0,161544696.0733528,2255073.196432268,0.0208954192525184,0,0,2255073.1964322682,Regular (<$250M)
1000866,The Marching Band,2024,Comedy; Drama; Music,6100000.0,26252618.0,3818991.438658133,0.0,156776787.3155787,22433626.561341867,0.020802882925697,0,0,-22433626.561341867,Regular (<$250M)
1038263,Maria,2024,History; Drama; Music,,504938.0,2146059.72705072,0.0,155103855.60397127,1641121.7270507202,0.0209915197978345,0,0,1641121.7270507198,Regular (<$250M)
1059128,Queer,2024,Drama; Romance,53400000.0,5450715.0,17722634.856384534,0.0,170680430.7333051,12271919.856384534,0.0233019332927222,0,0,12271919.856384534,Regular (<$250M)
975511,The Return,2024,History; Drama; Adventure,20000000.0,3300444.0,2240369.3453769567,0.0,155198165.22229752,1060074.6546230433,0.020802882925697,0,0,-1060074.6546230433,Regular (<$250M)
1252309,Tell Me What You Want,2024,Romance; Drama,,2265661.0,6004812.87780058,0.0,158962608.75472113,3739151.87780058,0.0208954192525184,0,0,3739151.87780058,Regular (<$250M)
970450,Werewolves,2024,Action; Horror; Thriller; Science Fiction,,1052998.0,864951.6656783017,0.0,153822747.54259884,188046.3343216983,0.020802882925697,0,0,-188046.3343216983,Regular (<$250M)
839033,The Lord of the Rings: The War of the Rohirrim,2024,Animation; Fantasy; Adventure; Action,30000000.0,20658572.0,16209626.687528463,0.0,169167422.564449,4448945.312471537,0.0214101862835276,0,0,-4448945.312471537,Regular (<$250M)
1082195,The Order,2024,Crime; Drama; Thriller,20000000.0,1970445.0,1335002.452854414,0.0,154292798.32977498,635442.547145586,0.020802882925697,0,0,-635442.547145586,Regular (<$250M)
728949,Nightbitch,2024,Comedy; Horror,20000000.0,170737.0,835122.9975488853,0.0,153792918.87446943,664385.9975488853,0.0208282620888054,0,0,664385.9975488853,Regular (<$250M)
799766,Better Man,2024,Music; Drama,110000000.0,22549151.0,43244546.944601566,0.0,196202342.82152212,20695395.94460157,0.167387816652359,0,1,20695395.944601566,Regular (<$250M)
1094274,Y2K,2024,Science Fiction; Horror; Comedy,15000000.0,4481473.0,12253128.62493384,0.0,165210924.5018544,7771655.624933839,0.0208178805256418,0,0,7771655.624933841,Regular (<$250M)
1128650,The Prosecutor,2024,Action; Drama; Crime; Thriller,38500000.0,128093757.0,14763420.948377,0.0,167721216.82529756,113330336.051623,0.0210191229412876,0,0,-113330336.051623,Regular (<$250M)
539972,Kraven the Hunter,2024,Action; Adventure; Thriller,130000000.0,62076533.0,160759759.4128488,7801963.535928249,313717555.28976935,98683226.4128488,0.0484316164578149,0,0,98683226.4128488,Regular (<$250M)
1079310,Holy Cow,2024,Drama; Comedy,,6587495.0,681982.9939386932,0.0,153639778.87085924,5905512.006061307,0.020802882925697,0,0,-5905512.006061307,Regular (<$250M)
1028196,Nickel Boys,2024,Drama; History,23200000.0,3016380.0,8739702.894181387,0.0,161697498.77110195,5723322.8941813875,0.0210053173354777,0,0,5723322.8941813875,Regular (<$250M)
1235499,The Last Showgirl,2024,Drama,2000000.0,6380079.0,1497161.6232145752,0.0,154454957.50013512,4882917.376785425,0.020802882925697,0,0,-4882917.376785425,Regular (<$250M)
762509,Mufasa: The Lion King,2024,Adventure; Family; Animation,200000000.0,722631756.0,656536092.4856063,503578296.60868573,809493888.3625269,66095663.51439369,0.6750459204699641,1,1,-66095663.51439369,Blockbuster (>$400M)
929204,Wallace & Gromit: Vengeance Most Fowl,2024,Animation; Adventure; Comedy; Science Fiction; Family,,191452.0,1947810.5009606732,0.0,154905606.37788123,1756358.5009606732,0.0211132470254078,0,0,1756358.5009606732,Regular (<$250M)
1719538,THE_CAR_MEET,2024,,30.0,5.0,43.687582177022314,0.0,152957839.56450272,38.687582177022314,0.020802882925697,0,0,38.687582177022314,Regular (<$250M)
939243,Sonic the Hedgehog 3,2024,Action; Science Fiction; Comedy; Family,122000000.0,492162604.0,319279837.47671235,166322041.5997918,472237633.3536329,172882766.52328765,0.2017061805569516,1,1,-172882766.52328765,Blockbuster (>$400M)
1299046,Diamonds,2024,Comedy; Drama,,19674980.0,2317486.9123630617,0.0,155275282.7892836,17357493.08763694,0.0210053173354777,0,0,-17357493.08763694,Regular (<$250M)
549509,The Brutalist,2024,Drama,9600000.0,50145227.0,6043416.0434620315,0.0,159001211.9203826,44101810.95653797,0.021324941375055,0,0,-44101810.95653797,Regular (<$250M)
426063,Nosferatu,2024,Horror; Fantasy,50000000.0,181805645.0,18363372.611095663,0.0,171321168.48801622,163442272.38890433,0.02123558899794,0,0,-163442272.38890433,Regular (<$250M)
661539,A Complete Unknown,2024,Drama; Music,65000000.0,140508652.0,60081652.05408511,0.0,213039447.9310057,80426999.9459149,0.023338350031634,0,0,-80426999.9459149,Regular (<$250M)
1097549,Babygirl,2024,Romance; Thriller,20000000.0,60934894.0,3231779.548686716,0.0,156189575.42560726,57703114.45131329,0.0209114624188262,0,0,-57703114.45131329,Regular (<$250M)
1631299,Qarn Almnazil,2024,Documentary,,4000.0,65983.64797370847,0.0,153023779.52489427,61983.647973708474,0.020802882925697,0,0,61983.647973708474,Regular (<$250M)
1278101,Big World,2024,Drama; Family,7000000.0,109500000.0,29179165.821795,0.0,182136961.69871557,80320834.178205,0.0246340338485245,0,0,-80320834.178205,Regular (<$250M)
1064307,Spermageddon,2024,Animation; Adventure; Fantasy; Comedy,3000000.0,1333332.0,1399119.327552618,0.0,154356915.20447317,65787.327552618,0.0210231015883665,0,0,65787.327552618,Regular (<$250M)
