tmdb_id,source_count,source_files
189,2,tmdb_movies_20260904T204600Z.json; tmdb_movies_20260904T212105Z.json
1771,2,tmdb_movies_20260904T204600Z.json; tmdb_movies_20260904T212105Z.json
1865,2,tmdb_movies_20260904T204600Z.json; tmdb_movies_20260904T212105Z.json
1930,2,tmdb_movies_20260904T204600Z.json; tmdb_movies_20260904T212105Z.json
4258,2,tmdb_movies_20260904T204600Z.json; tmdb_movies_20260904T212105Z.json
7978,2,tmdb_movies_20260904T204600Z.json; tmdb_movies_20260904T212105Z.json
8952,2,tmdb_movies_20260904T204600Z.json; tmdb_movies_20260904T212105Z.json
8967,2,tmdb_movies_20260904T204600Z.json; tmdb_movies_20260904T212105Z.json
9543,2,tmdb_movies_20260904T204600Z.json; tmdb_movies_20260904T212105Z.json
10138,2,tmdb_movies_20260904T204600Z.json; tmdb_movies_20260904T212105Z.json
10140,2,tmdb_movies_20260904T204600Z.json; tmdb_movies_20260904T212105Z.json
10191,2,tmdb_movies_20260904T204600Z.json; tmdb_movies_20260904T212105Z.json
10192,2,tmdb_movies_20260904T204600Z.json; tmdb_movies_20260904T212105Z.json
10193,2,tmdb_movies_20260904T204600Z.json; tmdb_movies_20260904T212105Z.json
10195,2,tmdb_movies_20260904T204600Z.json; tmdb_movies_20260904T212105Z.json
10196,2,tmdb_movies_20260904T204600Z.json; tmdb_movies_20260904T212105Z.json
10316,2,tmdb_movies_20260904T204600Z.json; tmdb_movies_20260904T212105Z.json
10679,2,tmdb_movies_20260904T204600Z.json; tmdb_movies_20260904T212105Z.json
11324,2,tmdb_movies_20260904T204600Z.json; tmdb_movies_20260904T212105Z.json
11439,2,tmdb_movies_20260904T204600Z.json; tmdb_movies_20260904T212105Z.json
12155,2,tmdb_movies_20260904T204600Z.json; tmdb_movies_20260904T212105Z.json
12201,2,tmdb_movies_20260904T204600Z.json; tmdb_movies_20260904T212105Z.json
12444,2,tmdb_movies_20260904T204600Z.json; tmdb_movies_20260904T212105Z.json
12445,2,tmdb_movies_20260904T204600Z.json; tmdb_movies_20260904T212105Z.json
12819,2,tmdb_movies_20260904T204600Z.json; tmdb_movies_20260904T212105Z.json
13477,2,tmdb_movies_20260904T204600Z.json; tmdb_movies_20260904T212105Z.json
16290,2,tmdb_movies_20260904T204600Z.json; tmdb_movies_20260904T212105Z.json
17578,2,tmdb_movies_20260904T204600Z.json; tmdb_movies_20260904T212105Z.json
18823,2,tmdb_movies_20260904T204600Z.json; tmdb_movies_20260904T212105Z.json
19901,2,tmdb_movies_20260904T204600Z.json; tmdb_movies_20260904T212105Z.json
20352,2,tmdb_movies_20260904T204600Z.json; tmdb_movies_20260904T212105Z.json
20504,2,tmdb_movies_20260904T204600Z.json; tmdb_movies_20260904T212105Z.json
20526,2,tmdb_movies_20260904T204600Z.json; tmdb_movies_20260904T212105Z.json
20533,2,tmdb_movies_20260904T204600Z.json; tmdb_movies_20260904T212105Z.json
20662,2,tmdb_movies_20260904T204600Z.json; tmdb_movies_20260904T212105Z.json
22538,2,tmdb_movies_20260904T204600Z.json; tmdb_movies_20260904T212105Z.json
22894,2,tmdb_movies_20260904T204600Z.json; tmdb_movies_20260904T212105Z.json
22907,2,tmdb_movies_20260904T204600Z.json; tmdb_movies_20260904T212105Z.json
22970,2,tmdb_movies_20260904T204600Z.json; tmdb_movies_20260904T212105Z.json
22971,2,tmdb_movies_20260904T204600Z.json; tmdb_movies_20260904T212105Z.json
22972,2,tmdb_movies_20260904T204600Z.json; tmdb_movies_20260904T212105Z.json
23023,2,tmdb_movies_20260904T204600Z.json; tmdb_movies_20260904T212105Z.json
23047,2,tmdb_movies_20260904T204600Z.json; tmdb_movies_20260904T212105Z.json
23048,2,tmdb_movies_20260904T204600Z.json; tmdb_movies_20260904T212105Z.json
23168,2,tmdb_movies_20260904T204600Z.json; tmdb_movies_20260904T212105Z.json
23169,2,tmdb_movies_20260904T204600Z.json; tmdb_movies_20260904T212105Z.json
23172,2,tmdb_movies_20260904T204600Z.json; tmdb_movies_20260904T212105Z.json
23437,2,tmdb_movies_20260904T204600Z.json; tmdb_movies_20260904T212105Z.json
23483,2,tmdb_movies_20260904T204600Z.json; tmdb_movies_20260904T212105Z.json
23629,2,tmdb_movies_20260904T204600Z.json; tmdb_movies_20260904T212105Z.json
23631,2,tmdb_movies_20260904T204600Z.json; tmdb_movies_20260904T212105Z.json
23742,2,tmdb_movies_20260904T204600Z.json; tmdb_movies_20260904T212105Z.json
23759,2,tmdb_movies_20260904T204600Z.json; tmdb_movies_20260904T212105Z.json
23830,2,tmdb_movies_20260904T204600Z.json; tmdb_movies_20260904T212105Z.json
24021,2,tmdb_movies_20260904T204600Z.json; tmdb_movies_20260904T212105Z.json
24428,2,tmdb_movies_20260904T204600Z.json; tmdb_movies_20260904T212105Z.json
25195,2,tmdb_movies_20260904T204600Z.json; tmdb_movies_20260904T212105Z.json
26022,2,tmdb_movies_20260904T204600Z.json; tmdb_movies_20260904T212105Z.json
26388,2,tmdb_movies_20260904T204600Z.json; tmdb_movies_20260904T212105Z.json
26389,2,tmdb_movies_20260904T204600Z.json; tmdb_movies_20260904T212105Z.json
26390,2,tmdb_movies_20260904T204600Z.json; tmdb_movies_20260904T212105Z.json
27022,2,tmdb_movies_20260904T204600Z.json; tmdb_movies_20260904T212105Z.json
27205,2,tmdb_movies_20260904T204600Z.json; tmdb_movies_20260904T212105Z.json
27569,2,tmdb_movies_20260904T204600Z.json; tmdb_movies_20260904T212105Z.json
27573,2,tmdb_movies_20260904T204600Z.json; tmdb_movies_20260904T212105Z.json
27576,2,tmdb_movies_20260904T204600Z.json; tmdb_movies_20260904T212105Z.json
27578,2,tmdb_movies_20260904T204600Z.json; tmdb_movies_20260904T212105Z.json
27579,2,tmdb_movies_20260904T204600Z.json; tmdb_movies_20260904T212105Z.json
27581,2,tmdb_movies_20260904T204600Z.json; tmdb_movies_20260904T212105Z.json
27582,2,tmdb_movies_20260904T204600Z.json; tmdb_movies_20260904T212105Z.json
27585,2,tmdb_movies_20260904T204600Z.json; tmdb_movies_20260904T212105Z.json
28211,2,tmdb_movies_20260904T204600Z.json; tmdb_movies_20260904T212105Z.json
28510,2,tmdb_movies_20260904T204600Z.json; tmdb_movies_20260904T212105Z.json
29427,2,tmdb_movies_20260904T204600Z.json; tmdb_movies_20260904T212105Z.json
30061,2,tmdb_movies_20260904T204600Z.json; tmdb_movies_20260904T212105Z.json
30618,2,tmdb_movies_20260904T204600Z.json; tmdb_movies_20260904T212105Z.json
30675,2,tmdb_movies_20260904T204600Z.json; tmdb_movies_20260904T212105Z.json
31867,2,tmdb_movies_20260904T204600Z.json; tmdb_movies_20260904T212105Z.json
32657,2,tmdb_movies_20260904T204600Z.json; tmdb_movies_20260904T212105Z.json
32823,2,tmdb_movies_20260904T204600Z.json; tmdb_movies_20260904T212105Z.json
32856,2,tmdb_movies_20260904T204600Z.json; tmdb_movies_20260904T212105Z.json
33217,2,tmdb_movies_20260904T204600Z.json; tmdb_movies_20260904T212105Z.json
33909,2,tmdb_movies_20260904T204600Z.json; tmdb_movies_20260904T212105Z.json
34016,2,tmdb_movies_20260904T204600Z.json; tmdb_movies_20260904T212105Z.json
34134,2,tmdb_movies_20260904T204600Z.json; tmdb_movies_20260904T212105Z.json
34544,2,tmdb_movies_20260904T204600Z.json; tmdb_movies_20260904T212105Z.json
34647,2,tmdb_movies_20260904T204600Z.json; tmdb_movies_20260904T212105Z.json
34803,2,tmdb_movies_20260904T204600Z.json; tmdb_movies_20260904T212105Z.json
34806,2,tmdb_movies_20260904T204600Z.json; tmdb_movies_20260904T212105Z.json
34813,2,tmdb_movies_20260904T204600Z.json; tmdb_movies_20260904T212105Z.json
34851,2,tmdb_movies_20260904T204600Z.json; tmdb_movies_20260904T212105Z.json
35019,2,tmdb_movies_20260904T204600Z.json; tmdb_movies_20260904T212105Z.json
35056,2,tmdb_movies_20260904T204600Z.json; tmdb_movies_20260904T212105Z.json
35552,2,tmdb_movies_20260904T204600Z.json; tmdb_movies_20260904T212105Z.json
35558,2,tmdb_movies_20260904T204600Z.json; tmdb_movies_20260904T212105Z.json
35690,2,tmdb_movies_20260904T204600Z.json; tmdb_movies_20260904T212105Z.json
36950,2,tmdb_movies_20260904T204600Z.json; tmdb_movies_20260904T212105Z.json
37056,2,tmdb_movies_20260904T204600Z.json; tmdb_movies_20260904T212105Z.json
37414,2,tmdb_movies_20260904T204600Z.json; tmdb_movies_20260904T212105Z.json
37430,2,tmdb_movies_20260904T204600Z.json; tmdb_movies_20260904T212105Z.json
37495,2,tmdb_movies_20260904T204600Z.json; tmdb_movies_20260904T212105Z.json
37645,2,tmdb_movies_20260904T204600Z.json; tmdb_movies_20260904T212105Z.json
37686,2,tmdb_movies_20260904T204600Z.json; tmdb_movies_20260904T212105Z.json
37707,2,tmdb_movies_20260904T204600Z.json; tmdb_movies_20260904T212105Z.json
37710,2,tmdb_movies_20260904T204600Z.json; tmdb_movies_20260904T212105Z.json
37724,2,tmdb_movies_20260904T204600Z.json; tmdb_movies_20260904T212105Z.json
37735,2,tmdb_movies_20260904T204600Z.json; tmdb_movies_20260904T212105Z.json
37786,2,tmdb_movies_20260904T204600Z.json; tmdb_movies_20260904T212105Z.json
37799,2,tmdb_movies_20260904T204600Z.json; tmdb_movies_20260904T212105Z.json
37821,2,tmdb_movies_20260904T204600Z.json; tmdb_movies_20260904T212105Z.json
37834,2,tmdb_movies_20260904T204600Z.json; tmdb_movies_20260904T212105Z.json
37861,2,tmdb_movies_20260904T204600Z.json; tmdb_movies_20260904T212105Z.json
37931,2,tmdb_movies_20260904T204600Z.json; tmdb_movies_20260904T212105Z.json
37958,2,tmdb_movies_20260904T204600Z.json; tmdb_movies_20260904T212105Z.json
38055,2,tmdb_movies_20260904T204600Z.json; tmdb_movies_20260904T212105Z.json
38167,2,tmdb_movies_20260904T204600Z.json; tmdb_movies_20260904T212105Z.json
38199,2,tmdb_movies_20260904T204600Z.json; tmdb_movies_20260904T212105Z.json
38234,2,tmdb_movies_20260904T204600Z.json; tmdb_movies_20260904T212105Z.json
38303,2,tmdb_movies_20260904T204600Z.json; tmdb_movies_20260904T212105Z.json
38317,2,tmdb_movies_20260904T204600Z.json; tmdb_movies_20260904T212105Z.json
38321,2,tmdb_movies_20260904T204600Z.json; tmdb_movies_20260904T212105Z.json
38322,2,tmdb_movies_20260904T204600Z.json; tmdb_movies_20260904T212105Z.json
38356,2,tmdb_movies_20260904T204600Z.json; tmdb_movies_20260904T212105Z.json
38357,2,tmdb_movies_20260904T204600Z.json; tmdb_movies_20260904T212105Z.json
38358,2,tmdb_movies_20260904T204600Z.json; tmdb_movies_20260904T212105Z.json
38363,2,tmdb_movies_20260904T204600Z.json; tmdb_movies_20260904T212105Z.json
38365,2,tmdb_movies_20260904T204600Z.json; tmdb_movies_20260904T212105Z.json
38368,2,tmdb_movies_20260904T204600Z.json; tmdb_movies_20260904T212105Z.json
38541,2,tmdb_movies_20260904T204600Z.json; tmdb_movies_20260904T212105Z.json
38543,2,tmdb_movies_20260904T204600Z.json; tmdb_movies_20260904T212105Z.json
38575,2,tmdb_movies_20260904T204600Z.json; tmdb_movies_20260904T212105Z.json
38579,2,tmdb_movies_20260904T204600Z.json; tmdb_movies_20260904T212105Z.json
38684,2,tmdb_movies_20260904T204600Z.json; tmdb_movies_20260904T212105Z.json
38745,2,tmdb_movies_20260904T204600Z.json; tmdb_movies_20260904T212105Z.json
38757,2,tmdb_movies_20260904T204600Z.json; tmdb_movies_20260904T212105Z.json
38778,2,tmdb_movies_20260904T204600Z.json; tmdb_movies_20260904T212105Z.json
38843,2,tmdb_movies_20260904T204600Z.json; tmdb_movies_20260904T212105Z.json
39013,2,tmdb_movies_20260904T204600Z.json; tmdb_movies_20260904T212105Z.json
39210,2,tmdb_movies_20260904T204600Z.json; tmdb_movies_20260904T212105Z.json
39254,2,tmdb_movies_20260904T204600Z.json; tmdb_movies_20260904T212105Z.json
39451,2,tmdb_movies_20260904T204600Z.json; tmdb_movies_20260904T212105Z.json
39513,2,tmdb_movies_20260904T204600Z.json; tmdb_movies_20260904T212105Z.json
39514,2,tmdb_movies_20260904T204600Z.json; tmdb_movies_20260904T212105Z.json
39538,2,tmdb_movies_20260904T204600Z.json; tmdb_movies_20260904T212105Z.json
39691,2,tmdb_movies_20260904T204600Z.json; tmdb_movies_20260904T212105Z.json
39781,2,tmdb_movies_20260904T204600Z.json; tmdb_movies_20260904T212105Z.json
40205,2,tmdb_movies_20260904T204600Z.json; tmdb_movies_20260904T212105Z.json
40264,2,tmdb_movies_20260904T204600Z.json; tmdb_movies_20260904T212105Z.json
40619,2,tmdb_movies_20260904T204600Z.json; tmdb_movies_20260904T212105Z.json
40662,2,tmdb_movies_20260904T204600Z.json; tmdb_movies_20260904T212105Z.json
40805,2,tmdb_movies_20260904T204600Z.json; tmdb_movies_20260904T212105Z.json
40807,2,tmdb_movies_20260904T204600Z.json; tmdb_movies_20260904T212105Z.json
41154,2,tmdb_movies_20260904T204600Z.json; tmdb_movies_20260904T212105Z.json
41201,2,tmdb_movies_20260904T204600Z.json; tmdb_movies_20260904T212105Z.json
41210,2,tmdb_movies_20260904T204600Z.json; tmdb_movies_20260904T212105Z.json
41215,2,tmdb_movies_20260904T204600Z.json; tmdb_movies_20260904T212105Z.json
41216,2,tmdb_movies_20260904T204600Z.json; tmdb_movies_20260904T212105Z.json
41233,2,tmdb_movies_20260904T204600Z.json; tmdb_movies_20260904T212105Z.json
41283,2,tmdb_movies_20260904T204600Z.json; tmdb_movies_20260904T212105Z.json
41402,2,tmdb_movies_20260904T204600Z.json; tmdb_movies_20260904T212105Z.json
41439,2,tmdb_movies_20260904T204600Z.json; tmdb_movies_20260904T212105Z.json
41446,2,tmdb_movies_20260904T204600Z.json; tmdb_movies_20260904T212105Z.json
41513,2,tmdb_movies_20260904T204600Z.json; tmdb_movies_20260904T212105Z.json
41592,2,tmdb_movies_20260904T204600Z.json; tmdb_movies_20260904T212105Z.json
41630,2,tmdb_movies_20260904T204600Z.json; tmdb_movies_20260904T212105Z.json
41733,2,tmdb_movies_20260904T204600Z.json; tmdb_movies_20260904T212105Z.json
42188,2,tmdb_movies_20260904T204600Z.json; tmdb_movies_20260904T212105Z.json
42194,2,tmdb_movies_20260904T204600Z.json; tmdb_movies_20260904T212105Z.json
42684,2,tmdb_movies_20260904T204600Z.json; tmdb_movies_20260904T212105Z.json
42888,2,tmdb_movies_20260904T204600Z.json; tmdb_movies_20260904T212105Z.json
42941,2,tmdb_movies_20260904T204600Z.json; tmdb_movies_20260904T212105Z.json
42949,2,tmdb_movies_20260904T204600Z.json; tmdb_movies_20260904T212105Z.json
43074,2,tmdb_movies_20260904T204600Z.json; tmdb_movies_20260904T212105Z.json
43209,2,tmdb_movies_20260904T204600Z.json; tmdb_movies_20260904T212105Z.json
43347,2,tmdb_movies_20260904T204600Z.json; tmdb_movies_20260904T212105Z.json
43539,2,tmdb_movies_20260904T204600Z.json; tmdb_movies_20260904T212105Z.json
43549,2,tmdb_movies_20260904T204600Z.json; tmdb_movies_20260904T212105Z.json
43593,2,tmdb_movies_20260904T204600Z.json; tmdb_movies_20260904T212105Z.json
43641,2,tmdb_movies_20260904T204600Z.json; tmdb_movies_20260904T212105Z.json
43933,2,tmdb_movies_20260904T204600Z.json; tmdb_movies_20260904T212105Z.json
43939,2,tmdb_movies_20260904T204600Z.json; tmdb_movies_20260904T212105Z.json
43947,2,tmdb_movies_20260904T204600Z.json; tmdb_movies_20260904T212105Z.json
43949,2,tmdb_movies_20260904T204600Z.json; tmdb_movies_20260904T212105Z.json
43959,2,tmdb_movies_20260904T204600Z.json; tmdb_movies_20260904T212105Z.json
44009,2,tmdb_movies_20260904T204600Z.json; tmdb_movies_20260904T212105Z.json
44040,2,tmdb_movies_20260904T204600Z.json; tmdb_movies_20260904T212105Z.json
44048,2,tmdb_movies_20260904T204600Z.json; tmdb_movies_20260904T212105Z.json
44113,2,tmdb_movies_20260904T204600Z.json; tmdb_movies_20260904T212105Z.json
44115,2,tmdb_movies_20260904T204600Z.json; tmdb_movies_20260904T212105Z.json
44129,2,tmdb_movies_20260904T204600Z.json; tmdb_movies_20260904T212105Z.json
44147,2,tmdb_movies_20260904T204600Z.json; tmdb_movies_20260904T212105Z.json
44214,2,tmdb_movies_20260904T204600Z.json; tmdb_movies_20260904T212105Z.json
44244,2,tmdb_movies_20260904T204600Z.json; tmdb_movies_20260904T212105Z.json
44264,2,tmdb_movies_20260904T204600Z.json; tmdb_movies_20260904T212105Z.json
44363,2,tmdb_movies_20260904T204600Z.json; tmdb_movies_20260904T212105Z.json
44564,2,tmdb_movies_20260904T204600Z.json; tmdb_movies_20260904T212105Z.json
44639,2,tmdb_movies_20260904T204600Z.json; tmdb_movies_20260904T212105Z.json
44683,2,tmdb_movies_20260904T204600Z.json; tmdb_movies_20260904T212105Z.json
44718,2,tmdb_movies_20260904T204600Z.json; tmdb_movies_20260904T212105Z.json
44826,2,tmdb_movies_20260904T204600Z.json; tmdb_movies_20260904T212105Z.json
44833,2,tmdb_movies_20260904T204600Z.json; tmdb_movies_20260904T212105Z.json
44835,2,tmdb_movies_20260904T204600Z.json; tmdb_movies_20260904T212105Z.json
44874,2,tmdb_movies_20260904T204600Z.json; tmdb_movies_20260904T212105Z.json
44896,2,tmdb_movies_20260904T204600Z.json; tmdb_movies_20260904T212105Z.json
44912,2,tmdb_movies_20260904T204600Z.json; tmdb_movies_20260904T212105Z.json
44943,2,tmdb_movies_20260904T204600Z.json; tmdb_movies_20260904T212105Z.json
44945,2,tmdb_movies_20260904T204600Z.json; tmdb_movies_20260904T212105Z.json
44982,2,tmdb_movies_20260904T204600Z.json; tmdb_movies_20260904T212105Z.json
45162,2,tmdb_movies_20260904T204600Z.json; tmdb_movies_20260904T212105Z.json
45202,2,tmdb_movies_20260904T204600Z.json; tmdb_movies_20260904T212105Z.json
45243,2,tmdb_movies_20260904T204600Z.json; tmdb_movies_20260904T212105Z.json
45269,2,tmdb_movies_20260904T204600Z.json; tmdb_movies_20260904T212105Z.json
45284,2,tmdb_movies_20260904T204600Z.json; tmdb_movies_20260904T212105Z.json
45317,2,tmdb_movies_20260904T204600Z.json; tmdb_movies_20260904T212105Z.json
45610,2,tmdb_movies_20260904T204600Z.json; tmdb_movies_20260904T212105Z.json
45612,2,tmdb_movies_20260904T204600Z.json; tmdb_movies_20260904T212105Z.json
45657,2,tmdb_movies_20260904T204600Z.json; tmdb_movies_20260904T212105Z.json
45772,2,tmdb_movies_20260904T204600Z.json; tmdb_movies_20260904T212105Z.json
46146,2,tmdb_movies_20260904T204600Z.json; tmdb_movies_20260904T212105Z.json
46195,2,tmdb_movies_20260904T204600Z.json; tmdb_movies_20260904T212105Z.json
46261,2,tmdb_movies_20260904T204600Z.json; tmdb_movies_20260904T212105Z.json
46503,2,tmdb_movies_20260904T204600Z.json; tmdb_movies_20260904T212105Z.json
46528,2,tmdb_movies_20260904T204600Z.json; tmdb_movies_20260904T212105Z.json
46529,2,tmdb_movies_20260904T204600Z.json; tmdb_movies_20260904T212105Z.json
46705,2,tmdb_movies_20260904T204600Z.json; tmdb_movies_20260904T212105Z.json
46738,2,tmdb_movies_20260904T204600Z.json; tmdb_movies_20260904T212105Z.json
46838,2,tmdb_movies_20260904T204600Z.json; tmdb_movies_20260904T212105Z.json
47327,2,tmdb_movies_20260904T204600Z.json; tmdb_movies_20260904T212105Z.json
47533,2,tmdb_movies_20260904T204600Z.json; tmdb_movies_20260904T212105Z.json
47909,2,tmdb_movies_20260904T204600Z.json; tmdb_movies_20260904T212105Z.json
47931,2,tmdb_movies_20260904T204600Z.json; tmdb_movies_20260904T212105Z.json
47933,2,tmdb_movies_20260904T204600Z.json; tmdb_movies_20260904T212105Z.json
47964,2,tmdb_movies_20260904T204600Z.json; tmdb_movies_20260904T212105Z.json
47971,2,tmdb_movies_20260904T204600Z.json; tmdb_movies_20260904T212105Z.json
48138,2,tmdb_movies_20260904T204600Z.json; tmdb_movies_20260904T212105Z.json
48171,2,tmdb_movies_20260904T204600Z.json; tmdb_movies_20260904T212105Z.json
48340,2,tmdb_movies_20260904T204600Z.json; tmdb_movies_20260904T212105Z.json
48415,2,tmdb_movies_20260904T204600Z.json; tmdb_movies_20260904T212105Z.json
48572,2,tmdb_movies_20260904T204600Z.json; tmdb_movies_20260904T212105Z.json
48650,2,tmdb_movies_20260904T204600Z.json; tmdb_movies_20260904T212105Z.json
48838,2,tmdb_movies_20260904T204600Z.json; tmdb_movies_20260904T212105Z.json
48988,2,tmdb_movies_20260904T204600Z.json; tmdb_movies_20260904T212105Z.json
49009,2,tmdb_movies_20260904T204600Z.json; tmdb_movies_20260904T212105Z.json
49012,2,tmdb_movies_20260904T204600Z.json; tmdb_movies_20260904T212105Z.json
49013,2,tmdb_movies_20260904T204600Z.json; tmdb_movies_20260904T212105Z.json
49014,2,tmdb_movies_20260904T204600Z.json; tmdb_movies_20260904T212105Z.json
49017,2,tmdb_movies_20260904T204600Z.json; tmdb_movies_20260904T212105Z.json
49018,2,tmdb_movies_20260904T204600Z.json; tmdb_movies_20260904T212105Z.json
49020,2,tmdb_movies_20260904T204600Z.json; tmdb_movies_20260904T212105Z.json
49021,2,tmdb_movies_20260904T204600Z.json; tmdb_movies_20260904T212105Z.json
49022,2,tmdb_movies_20260904T204600Z.json; tmdb_movies_20260904T212105Z.json
49026,2,tmdb_movies_20260904T204600Z.json; tmdb_movies_20260904T212105Z.json
49040,2,tmdb_movies_20260904T204600Z.json; tmdb_movies_20260904T212105Z.json
49047,2,tmdb_movies_20260904T204600Z.json; tmdb_movies_20260904T212105Z.json
49049,2,tmdb_movies_20260904T204600Z.json; tmdb_movies_20260904T212105Z.json
49051,2,tmdb_movies_20260904T204600Z.json; tmdb_movies_20260904T212105Z.json
49444,2,tmdb_movies_20260904T204600Z.json; tmdb_movies_20260904T212105Z.json
49494,2,tmdb_movies_20260904T204600Z.json; tmdb_movies_20260904T212105Z.json
49517,2,tmdb_movies_20260904T204600Z.json; tmdb_movies_20260904T212105Z.json
49519,2,tmdb_movies_20260904T204600Z.json; tmdb_movies_20260904T212105Z.json
49520,2,tmdb_movies_20260904T204600Z.json; tmdb_movies_20260904T212105Z.json
49521,2,tmdb_movies_20260904T204600Z.json; tmdb_movies_20260904T212105Z.json
49524,2,tmdb_movies_20260904T204600Z.json; tmdb_movies_20260904T212105Z.json
49526,2,tmdb_movies_20260904T204600Z.json; tmdb_movies_20260904T212105Z.json
49527,2,tmdb_movies_20260904T204600Z.json; tmdb_movies_20260904T212105Z.json
49529,2,tmdb_movies_20260904T204600Z.json; tmdb_movies_20260904T212105Z.json
49530,2,tmdb_movies_20260904T204600Z.json; tmdb_movies_20260904T212105Z.json
49797,2,tmdb_movies_20260904T204600Z.json; tmdb_movies_20260904T212105Z.json
49849,2,tmdb_movies_20260904T204600Z.json; tmdb_movies_20260904T212105Z.json
49950,2,tmdb_movies_20260904T204600Z.json; tmdb_movies_20260904T212105Z.json
49953,2,tmdb_movies_20260904T204600Z.json; tmdb_movies_20260904T212105Z.json
50014,2,tmdb_movies_20260904T204600Z.json; tmdb_movies_20260904T212105Z.json
50204,2,tmdb_movies_20260904T204600Z.json; tmdb_movies_20260904T212105Z.json
50321,2,tmdb_movies_20260904T204600Z.json; tmdb_movies_20260904T212105Z.json
50357,2,tmdb_movies_20260904T204600Z.json; tmdb_movies_20260904T212105Z.json
50393,2,tmdb_movies_20260904T204600Z.json; tmdb_movies_20260904T212105Z.json
50456,2,tmdb_movies_20260904T204600Z.json; tmdb_movies_20260904T212105Z.json
50544,2,tmdb_movies_20260904T204600Z.json; tmdb_movies_20260904T212105Z.json
50546,2,tmdb_movies_20260904T204600Z.json; tmdb_movies_20260904T212105Z.json
50619,2,tmdb_movies_20260904T204600Z.json; tmdb_movies_20260904T212105Z.json
50620,2,tmdb_movies_20260904T204600Z.json; tmdb_movies_20260904T212105Z.json
50646,2,tmdb_movies_20260904T204600Z.json; tmdb_movies_20260904T212105Z.json
50671,2,tmdb_movies_20260904T204600Z.json; tmdb_movies_20260904T212105Z.json
50698,2,tmdb_movies_20260904T204600Z.json; tmdb_movies_20260904T212105Z.json
50837,2,tmdb_movies_20260904T204600Z.json; tmdb_movies_20260904T212105Z.json
50839,2,tmdb_movies_20260904T204600Z.json; tmdb_movies_20260904T212105Z.json
51162,2,tmdb_movies_20260904T204600Z.json; tmdb_movies_20260904T212105Z.json
51170,2,tmdb_movies_20260904T204600Z.json; tmdb_movies_20260904T212105Z.json
51209,2,tmdb_movies_20260904T204600Z.json; tmdb_movies_20260904T212105Z.json
51533,2,tmdb_movies_20260904T204600Z.json; tmdb_movies_20260904T212105Z.json
51540,2,tmdb_movies_20260904T204600Z.json; tmdb_movies_20260904T212105Z.json
51608,2,tmdb_movies_20260904T204600Z.json; tmdb_movies_20260904T212105Z.json
51620,2,tmdb_movies_20260904T204600Z.json; tmdb_movies_20260904T212105Z.json
51739,2,tmdb_movies_20260904T204600Z.json; tmdb_movies_20260904T212105Z.json
51876,2,tmdb_movies_20260904T204600Z.json; tmdb_movies_20260904T212105Z.json
51999,2,tmdb_movies_20260904T204600Z.json; tmdb_movies_20260904T212105Z.json
52077,2,tmdb_movies_20260904T204600Z.json; tmdb_movies_20260904T212105Z.json
52449,2,tmdb_movies_20260904T204600Z.json; tmdb_movies_20260904T212105Z.json
52451,2,tmdb_movies_20260904T204600Z.json; tmdb_movies_20260904T212105Z.json
52505,2,tmdb_movies_20260904T204600Z.json; tmdb_movies_20260904T212105Z.json
52520,2,tmdb_movies_20260904T204600Z.json; tmdb_movies_20260904T212105Z.json
52629,2,tmdb_movies_20260904T204600Z.json; tmdb_movies_20260904T212105Z.json
53172,2,tmdb_movies_20260904T204600Z.json; tmdb_movies_20260904T212105Z.json
53182,2,tmdb_movies_20260904T204600Z.json; tmdb_movies_20260904T212105Z.json
53457,2,tmdb_movies_20260904T204600Z.json; tmdb_movies_20260904T212105Z.json
53487,2,tmdb_movies_20260904T204600Z.json; tmdb_movies_20260904T212105Z.json
54054,2,tmdb_movies_20260904T204600Z.json; tmdb_movies_20260904T212105Z.json
54138,2,tmdb_movies_20260904T204600Z.json; tmdb_movies_20260904T212105Z.json
54186,2,tmdb_movies_20260904T204600Z.json; tmdb_movies_20260904T212105Z.json
54518,2,tmdb_movies_20260904T204600Z.json; tmdb_movies_20260904T212105Z.json
54540,2,tmdb_movies_20260904T204600Z.json; tmdb_movies_20260904T212105Z.json
55292,2,tmdb_movies_20260904T204600Z.json; tmdb_movies_20260904T212105Z.json
55301,2,tmdb_movies_20260904T204600Z.json; tmdb_movies_20260904T212105Z.json
55341,2,tmdb_movies_20260904T204600Z.json; tmdb_movies_20260904T212105Z.json
55420,2,tmdb_movies_20260904T204600Z.json; tmdb_movies_20260904T212105Z.json
55465,2,tmdb_movies_20260904T204600Z.json; tmdb_movies_20260904T212105Z.json
55721,2,tmdb_movies_20260904T204600Z.json; tmdb_movies_20260904T212105Z.json
55787,2,tmdb_movies_20260904T204600Z.json; tmdb_movies_20260904T212105Z.json
55846,2,tmdb_movies_20260904T204600Z.json; tmdb_movies_20260904T212105Z.json
56288,2,tmdb_movies_20260904T204600Z.json; tmdb_movies_20260904T212105Z.json
56292,2,tmdb_movies_20260904T204600Z.json; tmdb_movies_20260904T212105Z.json
56812,2,tmdb_movies_20260904T204600Z.json; tmdb_movies_20260904T212105Z.json
57089,2,tmdb_movies_20260904T204600Z.json; tmdb_movies_20260904T212105Z.json
57157,2,tmdb_movies_20260904T204600Z.json; tmdb_movies_20260904T212105Z.json
57158,2,tmdb_movies_20260904T204600Z.json; tmdb_movies_20260904T212105Z.json
57165,2,tmdb_movies_20260904T204600Z.json; tmdb_movies_20260904T212105Z.json
57201,2,tmdb_movies_20260904T204600Z.json; tmdb_movies_20260904T212105Z.json
57212,2,tmdb_movies_20260904T204600Z.json; tmdb_movies_20260904T212105Z.json
57214,2,tmdb_movies_20260904T204600Z.json; tmdb_movies_20260904T212105Z.json
57361,2,tmdb_movies_20260904T204600Z.json; tmdb_movies_20260904T212105Z.json
57431,2,tmdb_movies_20260904T204600Z.json; tmdb_movies_20260904T212105Z.json
57737,2,tmdb_movies_20260904T204600Z.json; tmdb_movies_20260904T212105Z.json
57800,2,tmdb_movies_20260904T204600Z.json; tmdb_movies_20260904T212105Z.json
58232,2,tmdb_movies_20260904T204600Z.json; tmdb_movies_20260904T212105Z.json
58233,2,tmdb_movies_20260904T204600Z.json; tmdb_movies_20260904T212105Z.json
58244,2,tmdb_movies_20260904T204600Z.json; tmdb_movies_20260904T212105Z.json
58431,2,tmdb_movies_20260904T204600Z.json; tmdb_movies_20260904T212105Z.json
58496,2,tmdb_movies_20260904T204600Z.json; tmdb_movies_20260904T212105Z.json
58574,2,tmdb_movies_20260904T204600Z.json; tmdb_movies_20260904T212105Z.json
58595,2,tmdb_movies_20260904T204600Z.json; tmdb_movies_20260904T212105Z.json
58857,2,tmdb_movies_20260904T204600Z.json; tmdb_movies_20260904T212105Z.json
59108,2,tmdb_movies_20260904T204600Z.json; tmdb_movies_20260904T212105Z.json
59421,2,tmdb_movies_20260904T204600Z.json; tmdb_movies_20260904T212105Z.json
59440,2,tmdb_movies_20260904T204600Z.json; tmdb_movies_20260904T212105Z.json
59468,2,tmdb_movies_20260904T204600Z.json; tmdb_movies_20260904T212105Z.json
59678,2,tmdb_movies_20260904T204600Z.json; tmdb_movies_20260904T212105Z.json
59859,2,tmdb_movies_20260904T204600Z.json; tmdb_movies_20260904T212105Z.json
59861,2,tmdb_movies_20260904T204600Z.json; tmdb_movies_20260904T212105Z.json
59961,2,tmdb_movies_20260904T204600Z.json; tmdb_movies_20260904T212105Z.json
59962,2,tmdb_movies_20260904T204600Z.json; tmdb_movies_20260904T212105Z.json
59965,2,tmdb_movies_20260904T204600Z.json; tmdb_movies_20260904T212105Z.json
59967,2,tmdb_movies_20260904T204600Z.json; tmdb_movies_20260904T212105Z.json
60243,2,tmdb_movies_20260904T204600Z.json; tmdb_movies_20260904T212105Z.json
60304,2,tmdb_movies_20260904T204600Z.json; tmdb_movies_20260904T212105Z.json
60307,2,tmdb_movies_20260904T204600Z.json; tmdb_movies_20260904T212105Z.json
60308,2,tmdb_movies_20260904T204600Z.json; tmdb_movies_20260904T212105Z.json
60405,2,tmdb_movies_20260904T204600Z.json; tmdb_movies_20260904T212105Z.json
60599,2,tmdb_movies_20260904T204600Z.json; tmdb_movies_20260904T212105Z.json
60747,2,tmdb_movies_20260904T204600Z.json; tmdb_movies_20260904T212105Z.json
60935,2,tmdb_movies_20260904T204600Z.json; tmdb_movies_20260904T212105Z.json
61012,2,tmdb_movies_20260904T204600Z.json; tmdb_movies_20260904T212105Z.json
61791,2,tmdb_movies_20260904T204600Z.json; tmdb_movies_20260904T212105Z.json
61891,2,tmdb_movies_20260904T204600Z.json; tmdb_movies_20260904T212105Z.json
61979,2,tmdb_movies_20260904T204600Z.json; tmdb_movies_20260904T212105Z.json
62177,2,tmdb_movies_20260904T204600Z.json; tmdb_movies_20260904T212105Z.json
62206,2,tmdb_movies_20260904T204600Z.json; tmdb_movies_20260904T212105Z.json
62211,2,tmdb_movies_20260904T204600Z.json; tmdb_movies_20260904T212105Z.json
62213,2,tmdb_movies_20260904T204600Z.json; tmdb_movies_20260904T212105Z.json
62214,2,tmdb_movies_20260904T204600Z.json; tmdb_movies_20260904T212105Z.json
62630,2,tmdb_movies_20260904T204600Z.json; tmdb_movies_20260904T212105Z.json
62764,2,tmdb_movies_20260904T204600Z.json; tmdb_movies_20260904T212105Z.json
62835,2,tmdb_movies_20260904T204600Z.json; tmdb_movies_20260904T212105Z.json
62837,2,tmdb_movies_20260904T204600Z.json; tmdb_movies_20260904T212105Z.json
62838,2,tmdb_movies_20260904T204600Z.json; tmdb_movies_20260904T212105Z.json
63207,2,tmdb_movies_20260904T204600Z.json; tmdb_movies_20260904T212105Z.json
63311,2,tmdb_movies_20260904T204600Z.json; tmdb_movies_20260904T212105Z.json
63492,2,tmdb_movies_20260904T204600Z.json; tmdb_movies_20260904T212105Z.json
63493,2,tmdb_movies_20260904T204600Z.json; tmdb_movies_20260904T212105Z.json
64328,2,tmdb_movies_20260904T204600Z.json; tmdb_movies_20260904T212105Z.json
64586,2,tmdb_movies_20260904T204600Z.json; tmdb_movies_20260904T212105Z.json
64635,2,tmdb_movies_20260904T204600Z.json; tmdb_movies_20260904T212105Z.json
64639,2,tmdb_movies_20260904T204600Z.json; tmdb_movies_20260904T212105Z.json
64682,2,tmdb_movies_20260904T204600Z.json; tmdb_movies_20260904T212105Z.json
64685,2,tmdb_movies_20260904T204600Z.json; tmdb_movies_20260904T212105Z.json
64686,2,tmdb_movies_20260904T204600Z.json; tmdb_movies_20260904T212105Z.json
64688,2,tmdb_movies_20260904T204600Z.json; tmdb_movies_20260904T212105Z.json
64689,2,tmdb_movies_20260904T204600Z.json; tmdb_movies_20260904T212105Z.json
64690,2,tmdb_movies_20260904T204600Z.json; tmdb_movies_20260904T212105Z.json
64807,2,tmdb_movies_20260904T204600Z.json; tmdb_movies_20260904T212105Z.json
65055,2,tmdb_movies_20260904T204600Z.json; tmdb_movies_20260904T212105Z.json
65086,2,tmdb_movies_20260904T204600Z.json; tmdb_movies_20260904T212105Z.json
65218,2,tmdb_movies_20260904T204600Z.json; tmdb_movies_20260904T212105Z.json
65229,2,tmdb_movies_20260904T204600Z.json; tmdb_movies_20260904T212105Z.json
65291,2,tmdb_movies_20260904T204600Z.json; tmdb_movies_20260904T212105Z.json
65754,2,tmdb_movies_20260904T204600Z.json; tmdb_movies_20260904T212105Z.json
65759,2,tmdb_movies_20260904T204600Z.json; tmdb_movies_20260904T212105Z.json
66125,2,tmdb_movies_20260904T204600Z.json; tmdb_movies_20260904T212105Z.json
67913,2,tmdb_movies_20260904T204600Z.json; tmdb_movies_20260904T212105Z.json
68179,2,tmdb_movies_20260904T204600Z.json; tmdb_movies_20260904T212105Z.json
68718,2,tmdb_movies_20260904T204600Z.json; tmdb_movies_20260904T212105Z.json
68721,2,tmdb_movies_20260904T204600Z.json; tmdb_movies_20260904T212105Z.json
68722,2,tmdb_movies_20260904T204600Z.json; tmdb_movies_20260904T212105Z.json
68724,2,tmdb_movies_20260904T204600Z.json; tmdb_movies_20260904T212105Z.json
68726,2,tmdb_movies_20260904T204600Z.json; tmdb_movies_20260904T212105Z.json
68727,2,tmdb_movies_20260904T204600Z.json; tmdb_movies_20260904T212105Z.json
68728,2,tmdb_movies_20260904T204600Z.json; tmdb_movies_20260904T212105Z.json
68730,2,tmdb_movies_20260904T204600Z.json; tmdb_movies_20260904T212105Z.json
68734,2,tmdb_movies_20260904T204600Z.json; tmdb_movies_20260904T212105Z.json
68735,2,tmdb_movies_20260904T204600Z.json; tmdb_movies_20260904T212105Z.json
68737,2,tmdb_movies_20260904T204600Z.json; tmdb_movies_20260904T212105Z.json
68812,2,tmdb_movies_20260904T204600Z.json; tmdb_movies_20260904T212105Z.json
68817,2,tmdb_movies_20260904T204600Z.json; tmdb_movies_20260904T212105Z.json
69668,2,tmdb_movies_20260904T204600Z.json; tmdb_movies_20260904T212105Z.json
69735,2,tmdb_movies_20260904T204600Z.json; tmdb_movies_20260904T212105Z.json
70006,2,tmdb_movies_20260904T204600Z.json; tmdb_movies_20260904T212105Z.json
70160,2,tmdb_movies_20260904T204600Z.json; tmdb_movies_20260904T212105Z.json
70435,2,tmdb_movies_20260904T204600Z.json; tmdb_movies_20260904T212105Z.json
70868,2,tmdb_movies_20260904T204600Z.json; tmdb_movies_20260904T212105Z.json
70954,2,tmdb_movies_20260904T204600Z.json; tmdb_movies_20260904T212105Z.json
70981,2,tmdb_movies_20260904T204600Z.json; tmdb_movies_20260904T212105Z.json
71552,2,tmdb_movies_20260904T204600Z.json; tmdb_movies_20260904T212105Z.json
71668,2,tmdb_movies_20260904T204600Z.json; tmdb_movies_20260904T212105Z.json
71670,2,tmdb_movies_20260904T204600Z.json; tmdb_movies_20260904T212105Z.json
71672,2,tmdb_movies_20260904T204600Z.json; tmdb_movies_20260904T212105Z.json
71676,2,tmdb_movies_20260904T204600Z.json; tmdb_movies_20260904T212105Z.json
71677,2,tmdb_movies_20260904T204600Z.json; tmdb_movies_20260904T212105Z.json
71689,2,tmdb_movies_20260904T204600Z.json; tmdb_movies_20260904T212105Z.json
71859,2,tmdb_movies_20260904T204600Z.json; tmdb_movies_20260904T212105Z.json
71864,2,tmdb_movies_20260904T204600Z.json; tmdb_movies_20260904T212105Z.json
71880,2,tmdb_movies_20260904T204600Z.json; tmdb_movies_20260904T212105Z.json
72105,2,tmdb_movies_20260904T204600Z.json; tmdb_movies_20260904T212105Z.json
72113,2,tmdb_movies_20260904T204600Z.json; tmdb_movies_20260904T212105Z.json
72190,2,tmdb_movies_20260904T204600Z.json; tmdb_movies_20260904T212105Z.json
72197,2,tmdb_movies_20260904T204600Z.json; tmdb_movies_20260904T212105Z.json
72207,2,tmdb_movies_20260904T204600Z.json; tmdb_movies_20260904T212105Z.json
72213,2,tmdb_movies_20260904T204600Z.json; tmdb_movies_20260904T212105Z.json
72331,2,tmdb_movies_20260904T204600Z.json; tmdb_movies_20260904T212105Z.json
72358,2,tmdb_movies_20260904T204600Z.json; tmdb_movies_20260904T212105Z.json
72387,2,tmdb_movies_20260904T204600Z.json; tmdb_movies_20260904T212105Z.json
72431,2,tmdb_movies_20260904T204600Z.json; tmdb_movies_20260904T212105Z.json
72432,2,tmdb_movies_20260904T204600Z.json; tmdb_movies_20260904T212105Z.json
72477,2,tmdb_movies_20260904T204600Z.json; tmdb_movies_20260904T212105Z.json
72545,2,tmdb_movies_20260904T204600Z.json; tmdb_movies_20260904T212105Z.json
72559,2,tmdb_movies_20260904T204600Z.json; tmdb_movies_20260904T212105Z.json
72570,2,tmdb_movies_20260904T204600Z.json; tmdb_movies_20260904T212105Z.json
72710,2,tmdb_movies_20260904T204600Z.json; tmdb_movies_20260904T212105Z.json
72784,2,tmdb_movies_20260904T204600Z.json; tmdb_movies_20260904T212105Z.json
72976,2,tmdb_movies_20260904T204600Z.json; tmdb_movies_20260904T212105Z.json
73456,2,tmdb_movies_20260904T204600Z.json; tmdb_movies_20260904T212105Z.json
73499,2,tmdb_movies_20260904T204600Z.json; tmdb_movies_20260904T212105Z.json
73567,2,tmdb_movies_20260904T204600Z.json; tmdb_movies_20260904T212105Z.json
73723,2,tmdb_movies_20260904T204600Z.json; tmdb_movies_20260904T212105Z.json
73861,2,tmdb_movies_20260904T204600Z.json; tmdb_movies_20260904T212105Z.json
73937,2,tmdb_movies_20260904T204600Z.json; tmdb_movies_20260904T212105Z.json
74018,2,tmdb_movies_20260904T204600Z.json; tmdb_movies_20260904T212105Z.json
74308,2,tmdb_movies_20260904T204600Z.json; tmdb_movies_20260904T212105Z.json
74534,2,tmdb_movies_20260904T204600Z.json; tmdb_movies_20260904T212105Z.json
74643,2,tmdb_movies_20260904T204600Z.json; tmdb_movies_20260904T212105Z.json
74725,2,tmdb_movies_20260904T204600Z.json; tmdb_movies_20260904T212105Z.json
74997,2,tmdb_movies_20260904T204600Z.json; tmdb_movies_20260904T212105Z.json
74998,2,tmdb_movies_20260904T204600Z.json; tmdb_movies_20260904T212105Z.json
75174,2,tmdb_movies_20260904T204600Z.json; tmdb_movies_20260904T212105Z.json
75233,2,tmdb_movies_20260904T204600Z.json; tmdb_movies_20260904T212105Z.json
75258,2,tmdb_movies_20260904T204600Z.json; tmdb_movies_20260904T212105Z.json
75612,2,tmdb_movies_20260904T204600Z.json; tmdb_movies_20260904T212105Z.json
75622,2,tmdb_movies_20260904T204600Z.json; tmdb_movies_20260904T212105Z.json
75638,2,tmdb_movies_20260904T204600Z.json; tmdb_movies_20260904T212105Z.json
75656,2,tmdb_movies_20260904T204600Z.json; tmdb_movies_20260904T212105Z.json
75674,2,tmdb_movies_20260904T204600Z.json; tmdb_movies_20260904T212105Z.json
75761,2,tmdb_movies_20260904T204600Z.json; tmdb_movies_20260904T212105Z.json
75780,2,tmdb_movies_20260904T204600Z.json; tmdb_movies_20260904T212105Z.json
75900,2,tmdb_movies_20260904T204600Z.json; tmdb_movies_20260904T212105Z.json
76163,2,tmdb_movies_20260904T204600Z.json; tmdb_movies_20260904T212105Z.json
76203,2,tmdb_movies_20260904T204600Z.json; tmdb_movies_20260904T212105Z.json
76285,2,tmdb_movies_20260904T204600Z.json; tmdb_movies_20260904T212105Z.json
76338,2,tmdb_movies_20260904T204600Z.json; tmdb_movies_20260904T212105Z.json
76341,2,tmdb_movies_20260904T204600Z.json; tmdb_movies_20260904T212105Z.json
76489,2,tmdb_movies_20260904T204600Z.json; tmdb_movies_20260904T212105Z.json
76492,2,tmdb_movies_20260904T204600Z.json; tmdb_movies_20260904T212105Z.json
76493,2,tmdb_movies_20260904T204600Z.json; tmdb_movies_20260904T212105Z.json
76494,2,tmdb_movies_20260904T204600Z.json; tmdb_movies_20260904T212105Z.json
76617,2,tmdb_movies_20260904T204600Z.json; tmdb_movies_20260904T212105Z.json
76640,2,tmdb_movies_20260904T204600Z.json; tmdb_movies_20260904T212105Z.json
76649,2,tmdb_movies_20260904T204600Z.json; tmdb_movies_20260904T212105Z.json
76726,2,tmdb_movies_20260904T204600Z.json; tmdb_movies_20260904T212105Z.json
76757,2,tmdb_movies_20260904T204600Z.json; tmdb_movies_20260904T212105Z.json
76758,2,tmdb_movies_20260904T204600Z.json; tmdb_movies_20260904T212105Z.json
77016,2,tmdb_movies_20260904T204600Z.json; tmdb_movies_20260904T212105Z.json
77174,2,tmdb_movies_20260904T204600Z.json; tmdb_movies_20260904T212105Z.json
77234,2,tmdb_movies_20260904T204600Z.json; tmdb_movies_20260904T212105Z.json
77338,2,tmdb_movies_20260904T204600Z.json; tmdb_movies_20260904T212105Z.json
77459,2,tmdb_movies_20260904T204600Z.json; tmdb_movies_20260904T212105Z.json
77495,2,tmdb_movies_20260904T204600Z.json; tmdb_movies_20260904T212105Z.json
77663,2,tmdb_movies_20260904T204600Z.json; tmdb_movies_20260904T212105Z.json
77805,2,tmdb_movies_20260904T204600Z.json; tmdb_movies_20260904T212105Z.json
77866,2,tmdb_movies_20260904T204600Z.json; tmdb_movies_20260904T212105Z.json
77877,2,tmdb_movies_20260904T204600Z.json; tmdb_movies_20260904T212105Z.json
77887,2,tmdb_movies_20260904T204600Z.json; tmdb_movies_20260904T212105Z.json
77930,2,tmdb_movies_20260904T204600Z.json; tmdb_movies_20260904T212105Z.json
77931,2,tmdb_movies_20260904T204600Z.json; tmdb_movies_20260904T212105Z.json
77948,2,tmdb_movies_20260904T204600Z.json; tmdb_movies_20260904T212105Z.json
77949,2,tmdb_movies_20260904T204600Z.json; tmdb_movies_20260904T212105Z.json
77950,2,tmdb_movies_20260904T204600Z.json; tmdb_movies_20260904T212105Z.json
77951,2,tmdb_movies_20260904T204600Z.json; tmdb_movies_20260904T212105Z.json
77953,2,tmdb_movies_20260904T204600Z.json; tmdb_movies_20260904T212105Z.json
77987,2,tmdb_movies_20260904T204600Z.json; tmdb_movies_20260904T212105Z.json
78049,2,tmdb_movies_20260904T204600Z.json; tmdb_movies_20260904T212105Z.json
78383,2,tmdb_movies_20260904T204600Z.json; tmdb_movies_20260904T212105Z.json
78698,2,tmdb_movies_20260904T204600Z.json; tmdb_movies_20260904T212105Z.json
79218,2,tmdb_movies_20260904T204600Z.json; tmdb_movies_20260904T212105Z.json
79548,2,tmdb_movies_20260904T204600Z.json; tmdb_movies_20260904T212105Z.json
79707,2,tmdb_movies_20260904T204600Z.json; tmdb_movies_20260904T212105Z.json
80035,2,tmdb_movies_20260904T204600Z.json; tmdb_movies_20260904T212105Z.json
80184,2,tmdb_movies_20260904T204600Z.json; tmdb_movies_20260904T212105Z.json
80274,2,tmdb_movies_20260904T204600Z.json; tmdb_movies_20260904T212105Z.json
80278,2,tmdb_movies_20260904T204600Z.json; tmdb_movies_20260904T212105Z.json
80280,2,tmdb_movies_20260904T204600Z.json; tmdb_movies_20260904T212105Z.json
80321,2,tmdb_movies_20260904T204600Z.json; tmdb_movies_20260904T212105Z.json
80389,2,tmdb_movies_20260904T204600Z.json; tmdb_movies_20260904T212105Z.json
80585,2,tmdb_movies_20260904T204600Z.json; tmdb_movies_20260904T212105Z.json
81005,2,tmdb_movies_20260904T204600Z.json; tmdb_movies_20260904T212105Z.json
81025,2,tmdb_movies_20260904T204600Z.json; tmdb_movies_20260904T212105Z.json
81188,2,tmdb_movies_20260904T204600Z.json; tmdb_movies_20260904T212105Z.json
81250,2,tmdb_movies_20260904T204600Z.json; tmdb_movies_20260904T212105Z.json
81481,2,tmdb_movies_20260904T204600Z.json; tmdb_movies_20260904T212105Z.json
81796,2,tmdb_movies_20260904T204600Z.json; tmdb_movies_20260904T212105Z.json
82507,2,tmdb_movies_20260904T204600Z.json; tmdb_movies_20260904T212105Z.json
82525,2,tmdb_movies_20260904T204600Z.json; tmdb_movies_20260904T212105Z.json
82633,2,tmdb_movies_20260904T204600Z.json; tmdb_movies_20260904T212105Z.json
82650,2,tmdb_movies_20260904T204600Z.json; tmdb_movies_20260904T212105Z.json
82654,2,tmdb_movies_20260904T204600Z.json; tmdb_movies_20260904T212105Z.json
82657,2,tmdb_movies_20260904T204600Z.json; tmdb_movies_20260904T212105Z.json
82675,2,tmdb_movies_20260904T204600Z.json; tmdb_movies_20260904T212105Z.json
82682,2,tmdb_movies_20260904T204600Z.json; tmdb_movies_20260904T212105Z.json
82684,2,tmdb_movies_20260904T204600Z.json; tmdb_movies_20260904T212105Z.json
82687,2,tmdb_movies_20260904T204600Z.json; tmdb_movies_20260904T212105Z.json
82690,2,tmdb_movies_20260904T204600Z.json; tmdb_movies_20260904T212105Z.json
82693,2,tmdb_movies_20260904T204600Z.json; tmdb_movies_20260904T212105Z.json
82695,2,tmdb_movies_20260904T204600Z.json; tmdb_movies_20260904T212105Z.json
82700,2,tmdb_movies_20260904T204600Z.json; tmdb_movies_20260904T212105Z.json
82702,2,tmdb_movies_20260904T204600Z.json; tmdb_movies_20260904T212105Z.json
82703,2,tmdb_movies_20260904T204600Z.json; tmdb_movies_20260904T212105Z.json
82881,2,tmdb_movies_20260904T204600Z.json; tmdb_movies_20260904T212105Z.json
82990,2,tmdb_movies_20260904T204600Z.json; tmdb_movies_20260904T212105Z.json
83201,2,tmdb_movies_20260904T204600Z.json; tmdb_movies_20260904T212105Z.json
83389,2,tmdb_movies_20260904T204600Z.json; tmdb_movies_20260904T212105Z.json
83542,2,tmdb_movies_20260904T204600Z.json; tmdb_movies_20260904T212105Z.json
83666,2,tmdb_movies_20260904T204600Z.json; tmdb_movies_20260904T212105Z.json
83686,2,tmdb_movies_20260904T204600Z.json; tmdb_movies_20260904T212105Z.json
83770,2,tmdb_movies_20260904T204600Z.json; tmdb_movies_20260904T212105Z.json
83899,2,tmdb_movies_20260904T204600Z.json; tmdb_movies_20260904T212105Z.json
84175,2,tmdb_movies_20260904T204600Z.json; tmdb_movies_20260904T212105Z.json
84188,2,tmdb_movies_20260904T204600Z.json; tmdb_movies_20260904T212105Z.json
84306,2,tmdb_movies_20260904T204600Z.json; tmdb_movies_20260904T212105Z.json
84329,2,tmdb_movies_20260904T204600Z.json; tmdb_movies_20260904T212105Z.json
84330,2,tmdb_movies_20260904T204600Z.json; tmdb_movies_20260904T212105Z.json
84332,2,tmdb_movies_20260904T204600Z.json; tmdb_movies_20260904T212105Z.json
84348,2,tmdb_movies_20260904T204600Z.json; tmdb_movies_20260904T212105Z.json
84892,2,tmdb_movies_20260904T204600Z.json; tmdb_movies_20260904T212105Z.json
85350,2,tmdb_movies_20260904T204600Z.json; tmdb_movies_20260904T212105Z.json
85446,2,tmdb_movies_20260904T204600Z.json; tmdb_movies_20260904T212105Z.json
85889,2,tmdb_movies_20260904T204600Z.json; tmdb_movies_20260904T212105Z.json
86331,2,tmdb_movies_20260904T204600Z.json; tmdb_movies_20260904T212105Z.json
86467,2,tmdb_movies_20260904T204600Z.json; tmdb_movies_20260904T212105Z.json
86825,2,tmdb_movies_20260904T204600Z.json; tmdb_movies_20260904T212105Z.json
86828,2,tmdb_movies_20260904T204600Z.json; tmdb_movies_20260904T212105Z.json
86829,2,tmdb_movies_20260904T204600Z.json; tmdb_movies_20260904T212105Z.json
86835,2,tmdb_movies_20260904T204600Z.json; tmdb_movies_20260904T212105Z.json
86837,2,tmdb_movies_20260904T204600Z.json; tmdb_movies_20260904T212105Z.json
86838,2,tmdb_movies_20260904T204600Z.json; tmdb_movies_20260904T212105Z.json
87101,2,tmdb_movies_20260904T204600Z.json; tmdb_movies_20260904T212105Z.json
87428,2,tmdb_movies_20260904T204600Z.json; tmdb_movies_20260904T212105Z.json
87492,2,tmdb_movies_20260904T204600Z.json; tmdb_movies_20260904T212105Z.json
87496,2,tmdb_movies_20260904T204600Z.json; tmdb_movies_20260904T212105Z.json
87502,2,tmdb_movies_20260904T204600Z.json; tmdb_movies_20260904T212105Z.json
87567,2,tmdb_movies_20260904T204600Z.json; tmdb_movies_20260904T212105Z.json
87818,2,tmdb_movies_20260904T204600Z.json; tmdb_movies_20260904T212105Z.json
87826,2,tmdb_movies_20260904T204600Z.json; tmdb_movies_20260904T212105Z.json
87827,2,tmdb_movies_20260904T204600Z.json; tmdb_movies_20260904T212105Z.json
88273,2,tmdb_movies_20260904T204600Z.json; tmdb_movies_20260904T212105Z.json
88794,2,tmdb_movies_20260904T204600Z.json; tmdb_movies_20260904T212105Z.json
89185,2,tmdb_movies_20260904T204600Z.json; tmdb_movies_20260904T212105Z.json
89492,2,tmdb_movies_20260904T204600Z.json; tmdb_movies_20260904T212105Z.json
91010,2,tmdb_movies_20260904T204600Z.json; tmdb_movies_20260904T212105Z.json
91314,2,tmdb_movies_20260904T204600Z.json; tmdb_movies_20260904T212105Z.json
91342,2,tmdb_movies_20260904T204600Z.json; tmdb_movies_20260904T212105Z.json
91417,2,tmdb_movies_20260904T204600Z.json; tmdb_movies_20260904T212105Z.json
91586,2,tmdb_movies_20260904T204600Z.json; tmdb_movies_20260904T212105Z.json
91745,2,tmdb_movies_20260904T204600Z.json; tmdb_movies_20260904T212105Z.json
92591,2,tmdb_movies_20260904T204600Z.json; tmdb_movies_20260904T212105Z.json
93456,2,tmdb_movies_20260904T204600Z.json; tmdb_movies_20260904T212105Z.json
93828,2,tmdb_movies_20260904T204600Z.json; tmdb_movies_20260904T212105Z.json
94329,2,tmdb_movies_20260904T204600Z.json; tmdb_movies_20260904T212105Z.json
94348,2,tmdb_movies_20260904T204600Z.json; tmdb_movies_20260904T212105Z.json
94365,2,tmdb_movies_20260904T204600Z.json; tmdb_movies_20260904T212105Z.json
95610,2,tmdb_movies_20260904T204600Z.json; tmdb_movies_20260904T212105Z.json
96721,2,tmdb_movies_20260904T204600Z.json; tmdb_movies_20260904T212105Z.json
96724,2,tmdb_movies_20260904T204600Z.json; tmdb_movies_20260904T212105Z.json
96936,2,tmdb_movies_20260904T204600Z.json; tmdb_movies_20260904T212105Z.json
97020,2,tmdb_movies_20260904T204600Z.json; tmdb_movies_20260904T212105Z.json
97365,2,tmdb_movies_20260904T204600Z.json; tmdb_movies_20260904T212105Z.json
97367,2,tmdb_movies_20260904T204600Z.json; tmdb_movies_20260904T212105Z.json
97370,2,tmdb_movies_20260904T204600Z.json; tmdb_movies_20260904T212105Z.json
97430,2,tmdb_movies_20260904T204600Z.json; tmdb_movies_20260904T212105Z.json
97434,2,tmdb_movies_20260904T204600Z.json; tmdb_movies_20260904T212105Z.json
97614,2,tmdb_movies_20260904T204600Z.json; tmdb_movies_20260904T212105Z.json
97630,2,tmdb_movies_20260904T204600Z.json; tmdb_movies_20260904T212105Z.json
98357,2,tmdb_movies_20260904T204600Z.json; tmdb_movies_20260904T212105Z.json
98566,2,tmdb_movies_20260904T204600Z.json; tmdb_movies_20260904T212105Z.json
98567,2,tmdb_movies_20260904T204600Z.json; tmdb_movies_20260904T212105Z.json
99770,2,tmdb_movies_20260904T204600Z.json; tmdb_movies_20260904T212105Z.json
99861,2,tmdb_movies_20260904T204600Z.json; tmdb_movies_20260904T212105Z.json
100042,2,tmdb_movies_20260904T204600Z.json; tmdb_movies_20260904T212105Z.json
100241,2,tmdb_movies_20260904T204600Z.json; tmdb_movies_20260904T212105Z.json
100271,2,tmdb_movies_20260904T204600Z.json; tmdb_movies_20260904T212105Z.json
100402,2,tmdb_movies_20260904T204600Z.json; tmdb_movies_20260904T212105Z.json
101173,2,tmdb_movies_20260904T204600Z.json; tmdb_movies_20260904T212105Z.json
101299,2,tmdb_movies_20260904T204600Z.json; tmdb_movies_20260904T212105Z.json
101731,2,tmdb_movies_20260904T204600Z.json; tmdb_movies_20260904T212105Z.json
102207,2,tmdb_movies_20260904T204600Z.json; tmdb_movies_20260904T212105Z.json
102362,2,tmdb_movies_20260904T204600Z.json; tmdb_movies_20260904T212105Z.json
102382,2,tmdb_movies_20260904T204600Z.json; tmdb_movies_20260904T212105Z.json
102651,2,tmdb_movies_20260904T204600Z.json; tmdb_movies_20260904T212105Z.json
102780,2,tmdb_movies_20260904T204600Z.json; tmdb_movies_20260904T212105Z.json
102899,2,tmdb_movies_20260904T204600Z.json; tmdb_movies_20260904T212105Z.json
103328,2,tmdb_movies_20260904T204600Z.json; tmdb_movies_20260904T212105Z.json
103332,2,tmdb_movies_20260904T204600Z.json; tmdb_movies_20260904T212105Z.json
103620,2,tmdb_movies_20260904T204600Z.json; tmdb_movies_20260904T212105Z.json
103663,2,tmdb_movies_20260904T204600Z.json; tmdb_movies_20260904T212105Z.json
103731,2,tmdb_movies_20260904T204600Z.json; tmdb_movies_20260904T212105Z.json
105864,2,tmdb_movies_20260904T204600Z.json; tmdb_movies_20260904T212105Z.json
106021,2,tmdb_movies_20260904T204600Z.json; tmdb_movies_20260904T212105Z.json
106646,2,tmdb_movies_20260904T204600Z.json; tmdb_movies_20260904T212105Z.json
106747,2,tmdb_movies_20260904T204600Z.json; tmdb_movies_20260904T212105Z.json
107811,2,tmdb_movies_20260904T204600Z.json; tmdb_movies_20260904T212105Z.json
107846,2,tmdb_movies_20260904T204600Z.json; tmdb_movies_20260904T212105Z.json
107985,2,tmdb_movies_20260904T204600Z.json; tmdb_movies_20260904T212105Z.json
109099,2,tmdb_movies_20260904T204600Z.json; tmdb_movies_20260904T212105Z.json
109410,2,tmdb_movies_20260904T204600Z.json; tmdb_movies_20260904T212105Z.json
109414,2,tmdb_movies_20260904T204600Z.json; tmdb_movies_20260904T212105Z.json
109418,2,tmdb_movies_20260904T204600Z.json; tmdb_movies_20260904T212105Z.json
109421,2,tmdb_movies_20260904T204600Z.json; tmdb_movies_20260904T212105Z.json
109424,2,tmdb_movies_20260904T204600Z.json; tmdb_movies_20260904T212105Z.json
109428,2,tmdb_movies_20260904T204600Z.json; tmdb_movies_20260904T212105Z.json
109431,2,tmdb_movies_20260904T204600Z.json; tmdb_movies_20260904T212105Z.json
109439,2,tmdb_movies_20260904T204600Z.json; tmdb_movies_20260904T212105Z.json
109443,2,tmdb_movies_20260904T204600Z.json; tmdb_movies_20260904T212105Z.json
109445,2,tmdb_movies_20260904T204600Z.json; tmdb_movies_20260904T212105Z.json
109491,2,tmdb_movies_20260904T204600Z.json; tmdb_movies_20260904T212105Z.json
109513,2,tmdb_movies_20260904T204600Z.json; tmdb_movies_20260904T212105Z.json
109689,2,tmdb_movies_20260904T204600Z.json; tmdb_movies_20260904T212105Z.json
110415,2,tmdb_movies_20260904T204600Z.json; tmdb_movies_20260904T212105Z.json
110416,2,tmdb_movies_20260904T204600Z.json; tmdb_movies_20260904T212105Z.json
110420,2,tmdb_movies_20260904T204600Z.json; tmdb_movies_20260904T212105Z.json
111083,2,tmdb_movies_20260904T204600Z.json; tmdb_movies_20260904T212105Z.json
111190,2,tmdb_movies_20260904T204600Z.json; tmdb_movies_20260904T212105Z.json
111969,2,tmdb_movies_20260904T204600Z.json; tmdb_movies_20260904T212105Z.json
112160,2,tmdb_movies_20260904T204600Z.json; tmdb_movies_20260904T212105Z.json
112205,2,tmdb_movies_20260904T204600Z.json; tmdb_movies_20260904T212105Z.json
112336,2,tmdb_movies_20260904T204600Z.json; tmdb_movies_20260904T212105Z.json
112454,2,tmdb_movies_20260904T204600Z.json; tmdb_movies_20260904T212105Z.json
112949,2,tmdb_movies_20260904T204600Z.json; tmdb_movies_20260904T212105Z.json
113082,2,tmdb_movies_20260904T204600Z.json; tmdb_movies_20260904T212105Z.json
113947,2,tmdb_movies_20260904T204600Z.json; tmdb_movies_20260904T212105Z.json
114150,2,tmdb_movies_20260904T204600Z.json; tmdb_movies_20260904T212105Z.json
114955,2,tmdb_movies_20260904T204600Z.json; tmdb_movies_20260904T212105Z.json
115290,2,tmdb_movies_20260904T204600Z.json; tmdb_movies_20260904T212105Z.json
115782,2,tmdb_movies_20260904T204600Z.json; tmdb_movies_20260904T212105Z.json
116149,2,tmdb_movies_20260904T204600Z.json; tmdb_movies_20260904T212105Z.json
117251,2,tmdb_movies_20260904T204600Z.json; tmdb_movies_20260904T212105Z.json
117263,2,tmdb_movies_20260904T204600Z.json; tmdb_movies_20260904T212105Z.json
118340,2,tmdb_movies_20260904T204600Z.json; tmdb_movies_20260904T212105Z.json
118406,2,tmdb_movies_20260904T204600Z.json; tmdb_movies_20260904T212105Z.json
118412,2,tmdb_movies_20260904T204600Z.json; tmdb_movies_20260904T212105Z.json
118957,2,tmdb_movies_20260904T204600Z.json; tmdb_movies_20260904T212105Z.json
119283,2,tmdb_movies_20260904T204600Z.json; tmdb_movies_20260904T212105Z.json
119450,2,tmdb_movies_20260904T204600Z.json; tmdb_movies_20260904T212105Z.json
119569,2,tmdb_movies_20260904T204600Z.json; tmdb_movies_20260904T212105Z.json
119675,2,tmdb_movies_20260904T204600Z.json; tmdb_movies_20260904T212105Z.json
120467,2,tmdb_movies_20260904T204600Z.json; tmdb_movies_20260904T212105Z.json
121734,2,tmdb_movies_20260904T204600Z.json; tmdb_movies_20260904T212105Z.json
121824,2,tmdb_movies_20260904T204600Z.json; tmdb_movies_20260904T212105Z.json
121826,2,tmdb_movies_20260904T204600Z.json; tmdb_movies_20260904T212105Z.json
121856,2,tmdb_movies_20260904T204600Z.json; tmdb_movies_20260904T212105Z.json
121875,2,tmdb_movies_20260904T204600Z.json; tmdb_movies_20260904T212105Z.json
121986,2,tmdb_movies_20260904T204600Z.json; tmdb_movies_20260904T212105Z.json
122081,2,tmdb_movies_20260904T204600Z.json; tmdb_movies_20260904T212105Z.json
122906,2,tmdb_movies_20260904T204600Z.json; tmdb_movies_20260904T212105Z.json
122917,2,tmdb_movies_20260904T204600Z.json; tmdb_movies_20260904T212105Z.json
123025,2,tmdb_movies_20260904T204600Z.json; tmdb_movies_20260904T212105Z.json
123109,2,tmdb_movies_20260904T204600Z.json; tmdb_movies_20260904T212105Z.json
123229,2,tmdb_movies_20260904T204600Z.json; tmdb_movies_20260904T212105Z.json
123553,2,tmdb_movies_20260904T204600Z.json; tmdb_movies_20260904T212105Z.json
123678,2,tmdb_movies_20260904T204600Z.json; tmdb_movies_20260904T212105Z.json
124459,2,tmdb_movies_20260904T204600Z.json; tmdb_movies_20260904T212105Z.json
124905,2,tmdb_movies_20260904T204600Z.json; tmdb_movies_20260904T212105Z.json
125490,2,tmdb_movies_20260904T204600Z.json; tmdb_movies_20260904T212105Z.json
125509,2,tmdb_movies_20260904T204600Z.json; tmdb_movies_20260904T212105Z.json
126277,2,tmdb_movies_20260904T204600Z.json; tmdb_movies_20260904T212105Z.json
126889,2,tmdb_movies_20260904T204600Z.json; tmdb_movies_20260904T212105Z.json
127380,2,tmdb_movies_20260904T204600Z.json; tmdb_movies_20260904T212105Z.json
127493,2,tmdb_movies_20260904T204600Z.json; tmdb_movies_20260904T212105Z.json
127521,2,tmdb_movies_20260904T204600Z.json; tmdb_movies_20260904T212105Z.json
127533,2,tmdb_movies_20260904T204600Z.json; tmdb_movies_20260904T212105Z.json
127585,2,tmdb_movies_20260904T204600Z.json; tmdb_movies_20260904T212105Z.json
129139,2,tmdb_movies_20260904T204600Z.json; tmdb_movies_20260904T212105Z.json
129533,2,tmdb_movies_20260904T204600Z.json; tmdb_movies_20260904T212105Z.json
130150,2,tmdb_movies_20260904T204600Z.json; tmdb_movies_20260904T212105Z.json
131631,2,tmdb_movies_20260904T204600Z.json; tmdb_movies_20260904T212105Z.json
131634,2,tmdb_movies_20260904T204600Z.json; tmdb_movies_20260904T212105Z.json
132344,2,tmdb_movies_20260904T204600Z.json; tmdb_movies_20260904T212105Z.json
132363,2,tmdb_movies_20260904T204600Z.json; tmdb_movies_20260904T212105Z.json
133121,2,tmdb_movies_20260904T204600Z.json; tmdb_movies_20260904T212105Z.json
133694,2,tmdb_movies_20260904T204600Z.json; tmdb_movies_20260904T212105Z.json
133805,2,tmdb_movies_20260904T204600Z.json; tmdb_movies_20260904T212105Z.json
133931,2,tmdb_movies_20260904T204600Z.json; tmdb_movies_20260904T212105Z.json
134366,2,tmdb_movies_20260904T204600Z.json; tmdb_movies_20260904T212105Z.json
134374,2,tmdb_movies_20260904T204600Z.json; tmdb_movies_20260904T212105Z.json
134375,2,tmdb_movies_20260904T204600Z.json; tmdb_movies_20260904T212105Z.json
134411,2,tmdb_movies_20260904T204600Z.json; tmdb_movies_20260904T212105Z.json
134597,2,tmdb_movies_20260904T204600Z.json; tmdb_movies_20260904T212105Z.json
135397,2,tmdb_movies_20260904T204600Z.json; tmdb_movies_20260904T212105Z.json
136400,2,tmdb_movies_20260904T204600Z.json; tmdb_movies_20260904T212105Z.json
136418,2,tmdb_movies_20260904T204600Z.json; tmdb_movies_20260904T212105Z.json
136795,2,tmdb_movies_20260904T204600Z.json; tmdb_movies_20260904T212105Z.json
136797,2,tmdb_movies_20260904T204600Z.json; tmdb_movies_20260904T212105Z.json
136799,2,tmdb_movies_20260904T204600Z.json; tmdb_movies_20260904T212105Z.json
136835,2,tmdb_movies_20260904T204600Z.json; tmdb_movies_20260904T212105Z.json
137093,2,tmdb_movies_20260904T204600Z.json; tmdb_movies_20260904T212105Z.json
137094,2,tmdb_movies_20260904T204600Z.json; tmdb_movies_20260904T212105Z.json
137106,2,tmdb_movies_20260904T204600Z.json; tmdb_movies_20260904T212105Z.json
137113,2,tmdb_movies_20260904T204600Z.json; tmdb_movies_20260904T212105Z.json
137116,2,tmdb_movies_20260904T204600Z.json; tmdb_movies_20260904T212105Z.json
137321,2,tmdb_movies_20260904T204600Z.json; tmdb_movies_20260904T212105Z.json
138103,2,tmdb_movies_20260904T204600Z.json; tmdb_movies_20260904T212105Z.json
138697,2,tmdb_movies_20260904T204600Z.json; tmdb_movies_20260904T212105Z.json
138843,2,tmdb_movies_20260904T204600Z.json; tmdb_movies_20260904T212105Z.json
139038,2,tmdb_movies_20260904T204600Z.json; tmdb_movies_20260904T212105Z.json
139567,2,tmdb_movies_20260904T204600Z.json; tmdb_movies_20260904T212105Z.json
140300,2,tmdb_movies_20260904T204600Z.json; tmdb_movies_20260904T212105Z.json
140607,2,tmdb_movies_20260904T204600Z.json; tmdb_movies_20260904T212105Z.json
140823,2,tmdb_movies_20260904T204600Z.json; tmdb_movies_20260904T212105Z.json
141052,2,tmdb_movies_20260904T204600Z.json; tmdb_movies_20260904T212105Z.json
142061,2,tmdb_movies_20260904T204600Z.json; tmdb_movies_20260904T212105Z.json
144336,2,tmdb_movies_20260904T204600Z.json; tmdb_movies_20260904T212105Z.json
144789,2,tmdb_movies_20260904T204600Z.json; tmdb_movies_20260904T212105Z.json
145220,2,tmdb_movies_20260904T204600Z.json; tmdb_movies_20260904T212105Z.json
146015,2,tmdb_movies_20260904T204600Z.json; tmdb_movies_20260904T212105Z.json
146198,2,tmdb_movies_20260904T204600Z.json; tmdb_movies_20260904T212105Z.json
146203,2,tmdb_movies_20260904T204600Z.json; tmdb_movies_20260904T212105Z.json
146223,2,tmdb_movies_20260904T204600Z.json; tmdb_movies_20260904T212105Z.json
146233,2,tmdb_movies_20260904T204600Z.json; tmdb_movies_20260904T212105Z.json
146238,2,tmdb_movies_20260904T204600Z.json; tmdb_movies_20260904T212105Z.json
146239,2,tmdb_movies_20260904T204600Z.json; tmdb_movies_20260904T212105Z.json
147441,2,tmdb_movies_20260904T204600Z.json; tmdb_movies_20260904T212105Z.json
149509,2,tmdb_movies_20260904T204600Z.json; tmdb_movies_20260904T212105Z.json
149870,2,tmdb_movies_20260904T204600Z.json; tmdb_movies_20260904T212105Z.json
149871,2,tmdb_movies_20260904T204600Z.json; tmdb_movies_20260904T212105Z.json
150117,2,tmdb_movies_20260904T204600Z.json; tmdb_movies_20260904T212105Z.json
150202,2,tmdb_movies_20260904T204600Z.json; tmdb_movies_20260904T212105Z.json
150540,2,tmdb_movies_20260904T204600Z.json; tmdb_movies_20260904T212105Z.json
150689,2,tmdb_movies_20260904T204600Z.json; tmdb_movies_20260904T212105Z.json
152599,2,tmdb_movies_20260904T204600Z.json; tmdb_movies_20260904T212105Z.json
152603,2,tmdb_movies_20260904T204600Z.json; tmdb_movies_20260904T212105Z.json
152737,2,tmdb_movies_20260904T204600Z.json; tmdb_movies_20260904T212105Z.json
152742,2,tmdb_movies_20260904T204600Z.json; tmdb_movies_20260904T212105Z.json
152747,2,tmdb_movies_20260904T204600Z.json; tmdb_movies_20260904T212105Z.json
152760,2,tmdb_movies_20260904T204600Z.json; tmdb_movies_20260904T212105Z.json
152792,2,tmdb_movies_20260904T204600Z.json; tmdb_movies_20260904T212105Z.json
152795,2,tmdb_movies_20260904T204600Z.json; tmdb_movies_20260904T212105Z.json
153518,2,tmdb_movies_20260904T204600Z.json; tmdb_movies_20260904T212105Z.json
154400,2,tmdb_movies_20260904T204600Z.json; tmdb_movies_20260904T212105Z.json
155084,2,tmdb_movies_20260904T204600Z.json; tmdb_movies_20260904T212105Z.json
156022,2,tmdb_movies_20260904T204600Z.json; tmdb_movies_20260904T212105Z.json
156717,2,tmdb_movies_20260904T204600Z.json; tmdb_movies_20260904T212105Z.json
157336,2,tmdb_movies_20260904T204600Z.json; tmdb_movies_20260904T212105Z.json
157350,2,tmdb_movies_20260904T204600Z.json; tmdb_movies_20260904T212105Z.json
157353,2,tmdb_movies_20260904T204600Z.json; tmdb_movies_20260904T212105Z.json
157354,2,tmdb_movies_20260904T204600Z.json; tmdb_movies_20260904T212105Z.json
157370,2,tmdb_movies_20260904T204600Z.json; tmdb_movies_20260904T212105Z.json
157386,2,tmdb_movies_20260904T204600Z.json; tmdb_movies_20260904T212105Z.json
157433,2,tmdb_movies_20260904T204600Z.json; tmdb_movies_20260904T212105Z.json
157547,2,tmdb_movies_20260904T204600Z.json; tmdb_movies_20260904T212105Z.json
157834,2,tmdb_movies_20260904T204600Z.json; tmdb_movies_20260904T212105Z.json
157845,2,tmdb_movies_20260904T204600Z.json; tmdb_movies_20260904T212105Z.json
157849,2,tmdb_movies_20260904T204600Z.json; tmdb_movies_20260904T212105Z.json
157851,2,tmdb_movies_20260904T204600Z.json; tmdb_movies_20260904T212105Z.json
158011,2,tmdb_movies_20260904T204600Z.json; tmdb_movies_20260904T212105Z.json
158015,2,tmdb_movies_20260904T204600Z.json; tmdb_movies_20260904T212105Z.json
158852,2,tmdb_movies_20260904T204600Z.json; tmdb_movies_20260904T212105Z.json
158999,2,tmdb_movies_20260904T204600Z.json; tmdb_movies_20260904T212105Z.json
159824,2,tmdb_movies_20260904T204600Z.json; tmdb_movies_20260904T212105Z.json
160588,2,tmdb_movies_20260904T204600Z.json; tmdb_movies_20260904T212105Z.json
162215,2,tmdb_movies_20260904T204600Z.json; tmdb_movies_20260904T212105Z.json
162903,2,tmdb_movies_20260904T204600Z.json; tmdb_movies_20260904T212105Z.json
164457,2,tmdb_movies_20260904T204600Z.json; tmdb_movies_20260904T212105Z.json
165213,2,tmdb_movies_20260904T204600Z.json; tmdb_movies_20260904T212105Z.json
166424,2,tmdb_movies_20260904T204600Z.json; tmdb_movies_20260904T212105Z.json
166426,2,tmdb_movies_20260904T204600Z.json; tmdb_movies_20260904T212105Z.json
166428,2,tmdb_movies_20260904T204600Z.json; tmdb_movies_20260904T212105Z.json
166666,2,tmdb_movies_20260904T204600Z.json; tmdb_movies_20260904T212105Z.json
167032,2,tmdb_movies_20260904T204600Z.json; tmdb_movies_20260904T212105Z.json
167073,2,tmdb_movies_20260904T204600Z.json; tmdb_movies_20260904T212105Z.json
168098,2,tmdb_movies_20260904T204600Z.json; tmdb_movies_20260904T212105Z.json
168259,2,tmdb_movies_20260904T204600Z.json; tmdb_movies_20260904T212105Z.json
168530,2,tmdb_movies_20260904T204600Z.json; tmdb_movies_20260904T212105Z.json
168672,2,tmdb_movies_20260904T204600Z.json; tmdb_movies_20260904T212105Z.json
169209,2,tmdb_movies_20260904T204600Z.json; tmdb_movies_20260904T212105Z.json
169219,2,tmdb_movies_20260904T204600Z.json; tmdb_movies_20260904T212105Z.json
169813,2,tmdb_movies_20260904T204600Z.json; tmdb_movies_20260904T212105Z.json
169881,2,tmdb_movies_20260904T204600Z.json; tmdb_movies_20260904T212105Z.json
169917,2,tmdb_movies_20260904T204600Z.json; tmdb_movies_20260904T212105Z.json
170522,2,tmdb_movies_20260904T204600Z.json; tmdb_movies_20260904T212105Z.json
170657,2,tmdb_movies_20260904T204600Z.json; tmdb_movies_20260904T212105Z.json
170687,2,tmdb_movies_20260904T204600Z.json; tmdb_movies_20260904T212105Z.json
171274,2,tmdb_movies_20260904T204600Z.json; tmdb_movies_20260904T212105Z.json
171424,2,tmdb_movies_20260904T204600Z.json; tmdb_movies_20260904T212105Z.json
172385,2,tmdb_movies_20260904T204600Z.json; tmdb_movies_20260904T212105Z.json
173185,2,tmdb_movies_20260904T204600Z.json; tmdb_movies_20260904T212105Z.json
174751,2,tmdb_movies_20260904T204600Z.json; tmdb_movies_20260904T212105Z.json
174772,2,tmdb_movies_20260904T204600Z.json; tmdb_movies_20260904T212105Z.json
175112,2,tmdb_movies_20260904T204600Z.json; tmdb_movies_20260904T212105Z.json
175574,2,tmdb_movies_20260904T204600Z.json; tmdb_movies_20260904T212105Z.json
177572,2,tmdb_movies_20260904T204600Z.json; tmdb_movies_20260904T212105Z.json
177677,2,tmdb_movies_20260904T204600Z.json; tmdb_movies_20260904T212105Z.json
177888,2,tmdb_movies_20260904T204600Z.json; tmdb_movies_20260904T212105Z.json
177945,2,tmdb_movies_20260904T204600Z.json; tmdb_movies_20260904T212105Z.json
178809,2,tmdb_movies_20260904T204600Z.json; tmdb_movies_20260904T212105Z.json
179144,2,tmdb_movies_20260904T204600Z.json; tmdb_movies_20260904T212105Z.json
179826,2,tmdb_movies_20260904T204600Z.json; tmdb_movies_20260904T212105Z.json
180299,2,tmdb_movies_20260904T204600Z.json; tmdb_movies_20260904T212105Z.json
180863,2,tmdb_movies_20260904T204600Z.json; tmdb_movies_20260904T212105Z.json
181283,2,tmdb_movies_20260904T204600Z.json; tmdb_movies_20260904T212105Z.json
181533,2,tmdb_movies_20260904T204600Z.json; tmdb_movies_20260904T212105Z.json
181808,2,tmdb_movies_20260904T204600Z.json; tmdb_movies_20260904T212105Z.json
181812,2,tmdb_movies_20260904T204600Z.json; tmdb_movies_20260904T212105Z.json
181886,2,tmdb_movies_20260904T204600Z.json; tmdb_movies_20260904T212105Z.json
183011,2,tmdb_movies_20260904T204600Z.json; tmdb_movies_20260904T212105Z.json
184125,2,tmdb_movies_20260904T204600Z.json; tmdb_movies_20260904T212105Z.json
184315,2,tmdb_movies_20260904T204600Z.json; tmdb_movies_20260904T212105Z.json
184346,2,tmdb_movies_20260904T204600Z.json; tmdb_movies_20260904T212105Z.json
185341,2,tmdb_movies_20260904T204600Z.json; tmdb_movies_20260904T212105Z.json
187017,2,tmdb_movies_20260904T204600Z.json; tmdb_movies_20260904T212105Z.json
187596,2,tmdb_movies_20260904T204600Z.json; tmdb_movies_20260904T212105Z.json
188161,2,tmdb_movies_20260904T204600Z.json; tmdb_movies_20260904T212105Z.json
188166,2,tmdb_movies_20260904T204600Z.json; tmdb_movies_20260904T212105Z.json
188207,2,tmdb_movies_20260904T204600Z.json; tmdb_movies_20260904T212105Z.json
188222,2,tmdb_movies_20260904T204600Z.json; tmdb_movies_20260904T212105Z.json
188927,2,tmdb_movies_20260904T204600Z.json; tmdb_movies_20260904T212105Z.json
190847,2,tmdb_movies_20260904T204600Z.json; tmdb_movies_20260904T212105Z.json
190859,2,tmdb_movies_20260904T204600Z.json; tmdb_movies_20260904T212105Z.json
190955,2,tmdb_movies_20260904T204600Z.json; tmdb_movies_20260904T212105Z.json
192102,2,tmdb_movies_20260904T204600Z.json; tmdb_movies_20260904T212105Z.json
192141,2,tmdb_movies_20260904T204600Z.json; tmdb_movies_20260904T212105Z.json
192577,2,tmdb_movies_20260904T204600Z.json; tmdb_movies_20260904T212105Z.json
193610,2,tmdb_movies_20260904T204600Z.json; tmdb_movies_20260904T212105Z.json
193756,2,tmdb_movies_20260904T204600Z.json; tmdb_movies_20260904T212105Z.json
193893,2,tmdb_movies_20260904T204600Z.json; tmdb_movies_20260904T212105Z.json
194662,2,tmdb_movies_20260904T204600Z.json; tmdb_movies_20260904T212105Z.json
195589,2,tmdb_movies_20260904T204600Z.json; tmdb_movies_20260904T212105Z.json
196024,2,tmdb_movies_20260904T204600Z.json; tmdb_movies_20260904T212105Z.json
196867,2,tmdb_movies_20260904T204600Z.json; tmdb_movies_20260904T212105Z.json
197082,2,tmdb_movies_20260904T204600Z.json; tmdb_movies_20260904T212105Z.json
197796,2,tmdb_movies_20260904T204600Z.json; tmdb_movies_20260904T212105Z.json
198184,2,tmdb_movies_20260904T204600Z.json; tmdb_movies_20260904T212105Z.json
198277,2,tmdb_movies_20260904T204600Z.json; tmdb_movies_20260904T212105Z.json
198287,2,tmdb_movies_20260904T204600Z.json; tmdb_movies_20260904T212105Z.json
198375,2,tmdb_movies_20260904T204600Z.json; tmdb_movies_20260904T212105Z.json
198663,2,tmdb_movies_20260904T204600Z.json; tmdb_movies_20260904T212105Z.json
199373,2,tmdb_movies_20260904T204600Z.json; tmdb_movies_20260904T212105Z.json
199534,2,tmdb_movies_20260904T204600Z.json; tmdb_movies_20260904T212105Z.json
200085,2,tmdb_movies_20260904T204600Z.json; tmdb_movies_20260904T212105Z.json
200505,2,tmdb_movies_20260904T204600Z.json; tmdb_movies_20260904T212105Z.json
200727,2,tmdb_movies_20260904T204600Z.json; tmdb_movies_20260904T212105Z.json
201085,2,tmdb_movies_20260904T204600Z.json; tmdb_movies_20260904T212105Z.json
201088,2,tmdb_movies_20260904T204600Z.json; tmdb_movies_20260904T212105Z.json
203739,2,tmdb_movies_20260904T204600Z.json; tmdb_movies_20260904T212105Z.json
203801,2,tmdb_movies_20260904T204600Z.json; tmdb_movies_20260904T212105Z.json
203833,2,tmdb_movies_20260904T204600Z.json; tmdb_movies_20260904T212105Z.json
203835,2,tmdb_movies_20260904T204600Z.json; tmdb_movies_20260904T212105Z.json
204082,2,tmdb_movies_20260904T204600Z.json; tmdb_movies_20260904T212105Z.json
204922,2,tmdb_movies_20260904T204600Z.json; tmdb_movies_20260904T212105Z.json
205321,2,tmdb_movies_20260904T204600Z.json; tmdb_movies_20260904T212105Z.json
205584,2,tmdb_movies_20260904T204600Z.json; tmdb_movies_20260904T212105Z.json
205587,2,tmdb_movies_20260904T204600Z.json; tmdb_movies_20260904T212105Z.json
205596,2,tmdb_movies_20260904T204600Z.json; tmdb_movies_20260904T212105Z.json
205601,2,tmdb_movies_20260904T204600Z.json; tmdb_movies_20260904T212105Z.json
205724,2,tmdb_movies_20260904T204600Z.json; tmdb_movies_20260904T212105Z.json
205775,2,tmdb_movies_20260904T204600Z.json; tmdb_movies_20260904T212105Z.json
206563,2,tmdb_movies_20260904T204600Z.json; tmdb_movies_20260904T212105Z.json
206647,2,tmdb_movies_20260904T204600Z.json; tmdb_movies_20260904T212105Z.json
207703,2,tmdb_movies_20260904T204600Z.json; tmdb_movies_20260904T212105Z.json
207768,2,tmdb_movies_20260904T204600Z.json; tmdb_movies_20260904T212105Z.json
207932,2,tmdb_movies_20260904T204600Z.json; tmdb_movies_20260904T212105Z.json
207933,2,tmdb_movies_20260904T204600Z.json; tmdb_movies_20260904T212105Z.json
208134,2,tmdb_movies_20260904T204600Z.json; tmdb_movies_20260904T212105Z.json
209112,2,tmdb_movies_20260904T204600Z.json; tmdb_movies_20260904T212105Z.json
209247,2,tmdb_movies_20260904T204600Z.json; tmdb_movies_20260904T212105Z.json
209276,2,tmdb_movies_20260904T204600Z.json; tmdb_movies_20260904T212105Z.json
209403,2,tmdb_movies_20260904T204600Z.json; tmdb_movies_20260904T212105Z.json
209451,2,tmdb_movies_20260904T204600Z.json; tmdb_movies_20260904T212105Z.json
210479,2,tmdb_movies_20260904T204600Z.json; tmdb_movies_20260904T212105Z.json
210577,2,tmdb_movies_20260904T204600Z.json; tmdb_movies_20260904T212105Z.json
211387,2,tmdb_movies_20260904T204600Z.json; tmdb_movies_20260904T212105Z.json
211672,2,tmdb_movies_20260904T204600Z.json; tmdb_movies_20260904T212105Z.json
212716,2,tmdb_movies_20260904T204600Z.json; tmdb_movies_20260904T212105Z.json
212778,2,tmdb_movies_20260904T204600Z.json; tmdb_movies_20260904T212105Z.json
213681,2,tmdb_movies_20260904T204600Z.json; tmdb_movies_20260904T212105Z.json
214030,2,tmdb_movies_20260904T204600Z.json; tmdb_movies_20260904T212105Z.json
214756,2,tmdb_movies_20260904T204600Z.json; tmdb_movies_20260904T212105Z.json
216015,2,tmdb_movies_20260904T204600Z.json; tmdb_movies_20260904T212105Z.json
216282,2,tmdb_movies_20260904T204600Z.json; tmdb_movies_20260904T212105Z.json
217993,2,tmdb_movies_20260904T204600Z.json; tmdb_movies_20260904T212105Z.json
218043,2,tmdb_movies_20260904T204600Z.json; tmdb_movies_20260904T212105Z.json
218836,2,tmdb_movies_20260904T204600Z.json; tmdb_movies_20260904T212105Z.json
219318,2,tmdb_movies_20260904T204600Z.json; tmdb_movies_20260904T212105Z.json
220286,2,tmdb_movies_20260904T204600Z.json; tmdb_movies_20260904T212105Z.json
220289,2,tmdb_movies_20260904T204600Z.json; tmdb_movies_20260904T212105Z.json
221731,2,tmdb_movies_20260904T204600Z.json; tmdb_movies_20260904T212105Z.json
221902,2,tmdb_movies_20260904T204600Z.json; tmdb_movies_20260904T212105Z.json
222935,2,tmdb_movies_20260904T204600Z.json; tmdb_movies_20260904T212105Z.json
222936,2,tmdb_movies_20260904T204600Z.json; tmdb_movies_20260904T212105Z.json
223485,2,tmdb_movies_20260904T204600Z.json; tmdb_movies_20260904T212105Z.json
223702,2,tmdb_movies_20260904T204600Z.json; tmdb_movies_20260904T212105Z.json
224141,2,tmdb_movies_20260904T204600Z.json; tmdb_movies_20260904T212105Z.json
225574,2,tmdb_movies_20260904T204600Z.json; tmdb_movies_20260904T212105Z.json
225886,2,tmdb_movies_20260904T204600Z.json; tmdb_movies_20260904T212105Z.json
226857,2,tmdb_movies_20260904T204600Z.json; tmdb_movies_20260904T212105Z.json
227156,2,tmdb_movies_20260904T204600Z.json; tmdb_movies_20260904T212105Z.json
227159,2,tmdb_movies_20260904T204600Z.json; tmdb_movies_20260904T212105Z.json
227300,2,tmdb_movies_20260904T204600Z.json; tmdb_movies_20260904T212105Z.json
227306,2,tmdb_movies_20260904T204600Z.json; tmdb_movies_20260904T212105Z.json
227348,2,tmdb_movies_20260904T204600Z.json; tmdb_movies_20260904T212105Z.json
227700,2,tmdb_movies_20260904T204600Z.json; tmdb_movies_20260904T212105Z.json
227719,2,tmdb_movies_20260904T204600Z.json; tmdb_movies_20260904T212105Z.json
227783,2,tmdb_movies_20260904T204600Z.json; tmdb_movies_20260904T212105Z.json
227973,2,tmdb_movies_20260904T204600Z.json; tmdb_movies_20260904T212105Z.json
228066,2,tmdb_movies_20260904T204600Z.json; tmdb_movies_20260904T212105Z.json
228150,2,tmdb_movies_20260904T204600Z.json; tmdb_movies_20260904T212105Z.json
228161,2,tmdb_movies_20260904T204600Z.json; tmdb_movies_20260904T212105Z.json
228165,2,tmdb_movies_20260904T204600Z.json; tmdb_movies_20260904T212105Z.json
228194,2,tmdb_movies_20260904T204600Z.json; tmdb_movies_20260904T212105Z.json
228203,2,tmdb_movies_20260904T204600Z.json; tmdb_movies_20260904T212105Z.json
228205,2,tmdb_movies_20260904T204600Z.json; tmdb_movies_20260904T212105Z.json
228326,2,tmdb_movies_20260904T204600Z.json; tmdb_movies_20260904T212105Z.json
228967,2,tmdb_movies_20260904T204600Z.json; tmdb_movies_20260904T212105Z.json
228970,2,tmdb_movies_20260904T204600Z.json; tmdb_movies_20260904T212105Z.json
230179,2,tmdb_movies_20260904T204600Z.json; tmdb_movies_20260904T212105Z.json
232572,2,tmdb_movies_20260904T204600Z.json; tmdb_movies_20260904T212105Z.json
232672,2,tmdb_movies_20260904T204600Z.json; tmdb_movies_20260904T212105Z.json
234200,2,tmdb_movies_20260904T204600Z.json; tmdb_movies_20260904T212105Z.json
236751,2,tmdb_movies_20260904T204600Z.json; tmdb_movies_20260904T212105Z.json
237791,2,tmdb_movies_20260904T204600Z.json; tmdb_movies_20260904T212105Z.json
238215,2,tmdb_movies_20260904T204600Z.json; tmdb_movies_20260904T212105Z.json
238615,2,tmdb_movies_20260904T204600Z.json; tmdb_movies_20260904T212105Z.json
238636,2,tmdb_movies_20260904T204600Z.json; tmdb_movies_20260904T212105Z.json
238713,2,tmdb_movies_20260904T204600Z.json; tmdb_movies_20260904T212105Z.json
239563,2,tmdb_movies_20260904T204600Z.json; tmdb_movies_20260904T212105Z.json
239571,2,tmdb_movies_20260904T204600Z.json; tmdb_movies_20260904T212105Z.json
239573,2,tmdb_movies_20260904T204600Z.json; tmdb_movies_20260904T212105Z.json
239678,2,tmdb_movies_20260904T204600Z.json; tmdb_movies_20260904T212105Z.json
240832,2,tmdb_movies_20260904T204600Z.json; tmdb_movies_20260904T212105Z.json
241239,2,tmdb_movies_20260904T204600Z.json; tmdb_movies_20260904T212105Z.json
241257,2,tmdb_movies_20260904T204600Z.json; tmdb_movies_20260904T212105Z.json
241259,2,tmdb_movies_20260904T204600Z.json; tmdb_movies_20260904T212105Z.json
241554,2,tmdb_movies_20260904T204600Z.json; tmdb_movies_20260904T212105Z.json
241843,2,tmdb_movies_20260904T204600Z.json; tmdb_movies_20260904T212105Z.json
241848,2,tmdb_movies_20260904T204600Z.json; tmdb_movies_20260904T212105Z.json
241863,2,tmdb_movies_20260904T204600Z.json; tmdb_movies_20260904T212105Z.json
242090,2,tmdb_movies_20260904T204600Z.json; tmdb_movies_20260904T212105Z.json
242095,2,tmdb_movies_20260904T204600Z.json; tmdb_movies_20260904T212105Z.json
242224,2,tmdb_movies_20260904T204600Z.json; tmdb_movies_20260904T212105Z.json
242310,2,tmdb_movies_20260904T204600Z.json; tmdb_movies_20260904T212105Z.json
242512,2,tmdb_movies_20260904T204600Z.json; tmdb_movies_20260904T212105Z.json
242582,2,tmdb_movies_20260904T204600Z.json; tmdb_movies_20260904T212105Z.json
242643,2,tmdb_movies_20260904T204600Z.json; tmdb_movies_20260904T212105Z.json
242828,2,tmdb_movies_20260904T204600Z.json; tmdb_movies_20260904T212105Z.json
243683,2,tmdb_movies_20260904T204600Z.json; tmdb_movies_20260904T212105Z.json
243684,2,tmdb_movies_20260904T204600Z.json; tmdb_movies_20260904T212105Z.json
243688,2,tmdb_movies_20260904T204600Z.json; tmdb_movies_20260904T212105Z.json
243940,2,tmdb_movies_20260904T204600Z.json; tmdb_movies_20260904T212105Z.json
244267,2,tmdb_movies_20260904T204600Z.json; tmdb_movies_20260904T212105Z.json
244458,2,tmdb_movies_20260904T204600Z.json; tmdb_movies_20260904T212105Z.json
244506,2,tmdb_movies_20260904T204600Z.json; tmdb_movies_20260904T212105Z.json
244509,2,tmdb_movies_20260904T204600Z.json; tmdb_movies_20260904T212105Z.json
244761,2,tmdb_movies_20260904T204600Z.json; tmdb_movies_20260904T212105Z.json
244786,2,tmdb_movies_20260904T204600Z.json; tmdb_movies_20260904T212105Z.json
245168,2,tmdb_movies_20260904T204600Z.json; tmdb_movies_20260904T212105Z.json
245698,2,tmdb_movies_20260904T204600Z.json; tmdb_movies_20260904T212105Z.json
245703,2,tmdb_movies_20260904T204600Z.json; tmdb_movies_20260904T212105Z.json
245706,2,tmdb_movies_20260904T204600Z.json; tmdb_movies_20260904T212105Z.json
245891,2,tmdb_movies_20260904T204600Z.json; tmdb_movies_20260904T212105Z.json
245916,2,tmdb_movies_20260904T204600Z.json; tmdb_movies_20260904T212105Z.json
246080,2,tmdb_movies_20260904T204600Z.json; tmdb_movies_20260904T212105Z.json
246655,2,tmdb_movies_20260904T204600Z.json; tmdb_movies_20260904T212105Z.json
246741,2,tmdb_movies_20260904T204600Z.json; tmdb_movies_20260904T212105Z.json
249070,2,tmdb_movies_20260904T204600Z.json; tmdb_movies_20260904T212105Z.json
249164,2,tmdb_movies_20260904T204600Z.json; tmdb_movies_20260904T212105Z.json
249397,2,tmdb_movies_20260904T204600Z.json; tmdb_movies_20260904T212105Z.json
250574,2,tmdb_movies_20260904T204600Z.json; tmdb_movies_20260904T212105Z.json
250734,2,tmdb_movies_20260904T204600Z.json; tmdb_movies_20260904T212105Z.json
252838,2,tmdb_movies_20260904T204600Z.json; tmdb_movies_20260904T212105Z.json
253344,2,tmdb_movies_20260904T204600Z.json; tmdb_movies_20260904T212105Z.json
253626,2,tmdb_movies_20260904T204600Z.json; tmdb_movies_20260904T212105Z.json
254128,2,tmdb_movies_20260904T204600Z.json; tmdb_movies_20260904T212105Z.json
254201,2,tmdb_movies_20260904T204600Z.json; tmdb_movies_20260904T212105Z.json
254302,2,tmdb_movies_20260904T204600Z.json; tmdb_movies_20260904T212105Z.json
254320,2,tmdb_movies_20260904T204600Z.json; tmdb_movies_20260904T212105Z.json
254470,2,tmdb_movies_20260904T204600Z.json; tmdb_movies_20260904T212105Z.json
254473,2,tmdb_movies_20260904T204600Z.json; tmdb_movies_20260904T212105Z.json
254904,2,tmdb_movies_20260904T204600Z.json; tmdb_movies_20260904T212105Z.json
255343,2,tmdb_movies_20260904T204600Z.json; tmdb_movies_20260904T212105Z.json
255709,2,tmdb_movies_20260904T204600Z.json; tmdb_movies_20260904T212105Z.json
256040,2,tmdb_movies_20260904T204600Z.json; tmdb_movies_20260904T212105Z.json
256274,2,tmdb_movies_20260904T204600Z.json; tmdb_movies_20260904T212105Z.json
256835,2,tmdb_movies_20260904T204600Z.json; tmdb_movies_20260904T212105Z.json
256917,2,tmdb_movies_20260904T204600Z.json; tmdb_movies_20260904T212105Z.json
256924,2,tmdb_movies_20260904T204600Z.json; tmdb_movies_20260904T212105Z.json
256961,2,tmdb_movies_20260904T204600Z.json; tmdb_movies_20260904T212105Z.json
257088,2,tmdb_movies_20260904T204600Z.json; tmdb_movies_20260904T212105Z.json
257211,2,tmdb_movies_20260904T204600Z.json; tmdb_movies_20260904T212105Z.json
257344,2,tmdb_movies_20260904T204600Z.json; tmdb_movies_20260904T212105Z.json
257445,2,tmdb_movies_20260904T204600Z.json; tmdb_movies_20260904T212105Z.json
257785,2,tmdb_movies_20260904T204600Z.json; tmdb_movies_20260904T212105Z.json
258230,2,tmdb_movies_20260904T204600Z.json; tmdb_movies_20260904T212105Z.json
258480,2,tmdb_movies_20260904T204600Z.json; tmdb_movies_20260904T212105Z.json
258489,2,tmdb_movies_20260904T204600Z.json; tmdb_movies_20260904T212105Z.json
258509,2,tmdb_movies_20260904T204600Z.json; tmdb_movies_20260904T212105Z.json
259072,2,tmdb_movies_20260904T204600Z.json; tmdb_movies_20260904T212105Z.json
259316,2,tmdb_movies_20260904T204600Z.json; tmdb_movies_20260904T212105Z.json
259693,2,tmdb_movies_20260904T204600Z.json; tmdb_movies_20260904T212105Z.json
259694,2,tmdb_movies_20260904T204600Z.json; tmdb_movies_20260904T212105Z.json
259695,2,tmdb_movies_20260904T204600Z.json; tmdb_movies_20260904T212105Z.json
260346,2,tmdb_movies_20260904T204600Z.json; tmdb_movies_20260904T212105Z.json
260513,2,tmdb_movies_20260904T204600Z.json; tmdb_movies_20260904T212105Z.json
260514,2,tmdb_movies_20260904T204600Z.json; tmdb_movies_20260904T212105Z.json
261023,2,tmdb_movies_20260904T204600Z.json; tmdb_movies_20260904T212105Z.json
262500,2,tmdb_movies_20260904T204600Z.json; tmdb_movies_20260904T212105Z.json
262504,2,tmdb_movies_20260904T204600Z.json; tmdb_movies_20260904T212105Z.json
262543,2,tmdb_movies_20260904T204600Z.json; tmdb_movies_20260904T212105Z.json
262841,2,tmdb_movies_20260904T204600Z.json; tmdb_movies_20260904T212105Z.json
263115,2,tmdb_movies_20260904T204600Z.json; tmdb_movies_20260904T212105Z.json
263341,2,tmdb_movies_20260904T204600Z.json; tmdb_movies_20260904T212105Z.json
263472,2,tmdb_movies_20260904T204600Z.json; tmdb_movies_20260904T212105Z.json
264644,2,tmdb_movies_20260904T204600Z.json; tmdb_movies_20260904T212105Z.json
264656,2,tmdb_movies_20260904T204600Z.json; tmdb_movies_20260904T212105Z.json
264660,2,tmdb_movies_20260904T204600Z.json; tmdb_movies_20260904T212105Z.json
265177,2,tmdb_movies_20260904T204600Z.json; tmdb_movies_20260904T212105Z.json
265195,2,tmdb_movies_20260904T204600Z.json; tmdb_movies_20260904T212105Z.json
265208,2,tmdb_movies_20260904T204600Z.json; tmdb_movies_20260904T212105Z.json
265297,2,tmdb_movies_20260904T204600Z.json; tmdb_movies_20260904T212105Z.json
265712,2,tmdb_movies_20260904T204600Z.json; tmdb_movies_20260904T212105Z.json
266285,2,tmdb_movies_20260904T204600Z.json; tmdb_movies_20260904T212105Z.json
266294,2,tmdb_movies_20260904T204600Z.json; tmdb_movies_20260904T212105Z.json
266396,2,tmdb_movies_20260904T204600Z.json; tmdb_movies_20260904T212105Z.json
266856,2,tmdb_movies_20260904T204600Z.json; tmdb_movies_20260904T212105Z.json
267192,2,tmdb_movies_20260904T204600Z.json; tmdb_movies_20260904T212105Z.json
267193,2,tmdb_movies_20260904T204600Z.json; tmdb_movies_20260904T212105Z.json
267860,2,tmdb_movies_20260904T204600Z.json; tmdb_movies_20260904T212105Z.json
267935,2,tmdb_movies_20260904T204600Z.json; tmdb_movies_20260904T212105Z.json
268531,2,tmdb_movies_20260904T204600Z.json; tmdb_movies_20260904T212105Z.json
268896,2,tmdb_movies_20260904T204600Z.json; tmdb_movies_20260904T212105Z.json
268920,2,tmdb_movies_20260904T204600Z.json; tmdb_movies_20260904T212105Z.json
269149,2,tmdb_movies_20260904T204600Z.json; tmdb_movies_20260904T212105Z.json
269494,2,tmdb_movies_20260904T204600Z.json; tmdb_movies_20260904T212105Z.json
269795,2,tmdb_movies_20260904T204600Z.json; tmdb_movies_20260904T212105Z.json
270010,2,tmdb_movies_20260904T204600Z.json; tmdb_movies_20260904T212105Z.json
270303,2,tmdb_movies_20260904T204600Z.json; tmdb_movies_20260904T212105Z.json
270487,2,tmdb_movies_20260904T204600Z.json; tmdb_movies_20260904T212105Z.json
270774,2,tmdb_movies_20260904T204600Z.json; tmdb_movies_20260904T212105Z.json
270946,2,tmdb_movies_20260904T204600Z.json; tmdb_movies_20260904T212105Z.json
271110,2,tmdb_movies_20260904T204600Z.json; tmdb_movies_20260904T212105Z.json
271674,2,tmdb_movies_20260904T204600Z.json; tmdb_movies_20260904T212105Z.json
271718,2,tmdb_movies_20260904T204600Z.json; tmdb_movies_20260904T212105Z.json
271969,2,tmdb_movies_20260904T204600Z.json; tmdb_movies_20260904T212105Z.json
272693,2,tmdb_movies_20260904T204600Z.json; tmdb_movies_20260904T212105Z.json
273248,2,tmdb_movies_20260904T204600Z.json; tmdb_movies_20260904T212105Z.json
273271,2,tmdb_movies_20260904T204600Z.json; tmdb_movies_20260904T212105Z.json
273477,2,tmdb_movies_20260904T204600Z.json; tmdb_movies_20260904T212105Z.json
273481,2,tmdb_movies_20260904T204600Z.json; tmdb_movies_20260904T212105Z.json
273895,2,tmdb_movies_20260904T204600Z.json; tmdb_movies_20260904T212105Z.json
274109,2,tmdb_movies_20260904T204600Z.json; tmdb_movies_20260904T212105Z.json
274167,2,tmdb_movies_20260904T204600Z.json; tmdb_movies_20260904T212105Z.json
274854,2,tmdb_movies_20260904T204600Z.json; tmdb_movies_20260904T212105Z.json
274855,2,tmdb_movies_20260904T204600Z.json; tmdb_movies_20260904T212105Z.json
274857,2,tmdb_movies_20260904T204600Z.json; tmdb_movies_20260904T212105Z.json
274862,2,tmdb_movies_20260904T204600Z.json; tmdb_movies_20260904T212105Z.json
274870,2,tmdb_movies_20260904T204600Z.json; tmdb_movies_20260904T212105Z.json
276843,2,tmdb_movies_20260904T204600Z.json; tmdb_movies_20260904T212105Z.json
276907,2,tmdb_movies_20260904T204600Z.json; tmdb_movies_20260904T212105Z.json
277216,2,tmdb_movies_20260904T204600Z.json; tmdb_movies_20260904T212105Z.json
277217,2,tmdb_movies_20260904T204600Z.json; tmdb_movies_20260904T212105Z.json
277547,2,tmdb_movies_20260904T204600Z.json; tmdb_movies_20260904T212105Z.json
277558,2,tmdb_movies_20260904T204600Z.json; tmdb_movies_20260904T212105Z.json
277834,2,tmdb_movies_20260904T204600Z.json; tmdb_movies_20260904T212105Z.json
278154,2,tmdb_movies_20260904T204600Z.json; tmdb_movies_20260904T212105Z.json
278236,2,tmdb_movies_20260904T204600Z.json; tmdb_movies_20260904T212105Z.json
278774,2,tmdb_movies_20260904T204600Z.json; tmdb_movies_20260904T212105Z.json
278924,2,tmdb_movies_20260904T204600Z.json; tmdb_movies_20260904T212105Z.json
278927,2,tmdb_movies_20260904T204600Z.json; tmdb_movies_20260904T212105Z.json
279641,2,tmdb_movies_20260904T204600Z.json; tmdb_movies_20260904T212105Z.json
280092,2,tmdb_movies_20260904T204600Z.json; tmdb_movies_20260904T212105Z.json
280217,2,tmdb_movies_20260904T204600Z.json; tmdb_movies_20260904T212105Z.json
280996,2,tmdb_movies_20260904T204600Z.json; tmdb_movies_20260904T212105Z.json
281338,2,tmdb_movies_20260904T204600Z.json; tmdb_movies_20260904T212105Z.json
281957,2,tmdb_movies_20260904T204600Z.json; tmdb_movies_20260904T212105Z.json
282035,2,tmdb_movies_20260904T204600Z.json; tmdb_movies_20260904T212105Z.json
283227,2,tmdb_movies_20260904T204600Z.json; tmdb_movies_20260904T212105Z.json
283235,2,tmdb_movies_20260904T204600Z.json; tmdb_movies_20260904T212105Z.json
283366,2,tmdb_movies_20260904T204600Z.json; tmdb_movies_20260904T212105Z.json
283378,2,tmdb_movies_20260904T204600Z.json; tmdb_movies_20260904T212105Z.json
283445,2,tmdb_movies_20260904T204600Z.json; tmdb_movies_20260904T212105Z.json
283552,2,tmdb_movies_20260904T204600Z.json; tmdb_movies_20260904T212105Z.json
283587,2,tmdb_movies_20260904T204600Z.json; tmdb_movies_20260904T212105Z.json
283995,2,tmdb_movies_20260904T204600Z.json; tmdb_movies_20260904T212105Z.json
284052,2,tmdb_movies_20260904T204600Z.json; tmdb_movies_20260904T212105Z.json
284053,2,tmdb_movies_20260904T204600Z.json; tmdb_movies_20260904T212105Z.json
284054,2,tmdb_movies_20260904T204600Z.json; tmdb_movies_20260904T212105Z.json
284276,2,tmdb_movies_20260904T204600Z.json; tmdb_movies_20260904T212105Z.json
284293,2,tmdb_movies_20260904T204600Z.json; tmdb_movies_20260904T212105Z.json
284427,2,tmdb_movies_20260904T204600Z.json; tmdb_movies_20260904T212105Z.json
284536,2,tmdb_movies_20260904T204600Z.json; tmdb_movies_20260904T212105Z.json
285783,2,tmdb_movies_20260904T204600Z.json; tmdb_movies_20260904T212105Z.json
286217,2,tmdb_movies_20260904T204600Z.json; tmdb_movies_20260904T212105Z.json
286565,2,tmdb_movies_20260904T204600Z.json; tmdb_movies_20260904T212105Z.json
287424,2,tmdb_movies_20260904T204600Z.json; tmdb_movies_20260904T212105Z.json
287947,2,tmdb_movies_20260904T204600Z.json; tmdb_movies_20260904T212105Z.json
288036,2,tmdb_movies_20260904T204600Z.json; tmdb_movies_20260904T212105Z.json
288281,2,tmdb_movies_20260904T204600Z.json; tmdb_movies_20260904T212105Z.json
289222,2,tmdb_movies_20260904T204600Z.json; tmdb_movies_20260904T212105Z.json
289727,2,tmdb_movies_20260904T204600Z.json; tmdb_movies_20260904T212105Z.json
290098,2,tmdb_movies_20260904T204600Z.json; tmdb_movies_20260904T212105Z.json
290250,2,tmdb_movies_20260904T204600Z.json; tmdb_movies_20260904T212105Z.json
290512,2,tmdb_movies_20260904T204600Z.json; tmdb_movies_20260904T212105Z.json
290595,2,tmdb_movies_20260904T204600Z.json; tmdb_movies_20260904T212105Z.json
290637,2,tmdb_movies_20260904T204600Z.json; tmdb_movies_20260904T212105Z.json
290751,2,tmdb_movies_20260904T204600Z.json; tmdb_movies_20260904T212105Z.json
290859,2,tmdb_movies_20260904T204600Z.json; tmdb_movies_20260904T212105Z.json
290864,2,tmdb_movies_20260904T204600Z.json; tmdb_movies_20260904T212105Z.json
291270,2,tmdb_movies_20260904T204600Z.json; tmdb_movies_20260904T212105Z.json
291276,2,tmdb_movies_20260904T204600Z.json; tmdb_movies_20260904T212105Z.json
291351,2,tmdb_movies_20260904T204600Z.json; tmdb_movies_20260904T212105Z.json
291356,2,tmdb_movies_20260904T204600Z.json; tmdb_movies_20260904T212105Z.json
291805,2,tmdb_movies_20260904T204600Z.json; tmdb_movies_20260904T212105Z.json
291870,2,tmdb_movies_20260904T204600Z.json; tmdb_movies_20260904T212105Z.json
292011,2,tmdb_movies_20260904T204600Z.json; tmdb_movies_20260904T212105Z.json
292280,2,tmdb_movies_20260904T204600Z.json; tmdb_movies_20260904T212105Z.json
292431,2,tmdb_movies_20260904T204600Z.json; tmdb_movies_20260904T212105Z.json
293167,2,tmdb_movies_20260904T204600Z.json; tmdb_movies_20260904T212105Z.json
293646,2,tmdb_movies_20260904T204600Z.json; tmdb_movies_20260904T212105Z.json
293660,2,tmdb_movies_20260904T204600Z.json; tmdb_movies_20260904T212105Z.json
293670,2,tmdb_movies_20260904T204600Z.json; tmdb_movies_20260904T212105Z.json
293767,2,tmdb_movies_20260904T204600Z.json; tmdb_movies_20260904T212105Z.json
293768,2,tmdb_movies_20260904T204600Z.json; tmdb_movies_20260904T212105Z.json
293863,2,tmdb_movies_20260904T204600Z.json; tmdb_movies_20260904T212105Z.json
294016,2,tmdb_movies_20260904T204600Z.json; tmdb_movies_20260904T212105Z.json
294254,2,tmdb_movies_20260904T204600Z.json; tmdb_movies_20260904T212105Z.json
294272,2,tmdb_movies_20260904T204600Z.json; tmdb_movies_20260904T212105Z.json
294652,2,tmdb_movies_20260904T204600Z.json; tmdb_movies_20260904T212105Z.json
294963,2,tmdb_movies_20260904T204600Z.json; tmdb_movies_20260904T212105Z.json
295693,2,tmdb_movies_20260904T204600Z.json; tmdb_movies_20260904T212105Z.json
295699,2,tmdb_movies_20260904T204600Z.json; tmdb_movies_20260904T212105Z.json
295964,2,tmdb_movies_20260904T204600Z.json; tmdb_movies_20260904T212105Z.json
296096,2,tmdb_movies_20260904T204600Z.json; tmdb_movies_20260904T212105Z.json
296098,2,tmdb_movies_20260904T204600Z.json; tmdb_movies_20260904T212105Z.json
296099,2,tmdb_movies_20260904T204600Z.json; tmdb_movies_20260904T212105Z.json
296100,2,tmdb_movies_20260904T204600Z.json; tmdb_movies_20260904T212105Z.json
296524,2,tmdb_movies_20260904T204600Z.json; tmdb_movies_20260904T212105Z.json
297222,2,tmdb_movies_20260904T204600Z.json; tmdb_movies_20260904T212105Z.json
297270,2,tmdb_movies_20260904T204600Z.json; tmdb_movies_20260904T212105Z.json
297608,2,tmdb_movies_20260904T204600Z.json; tmdb_movies_20260904T212105Z.json
297725,2,tmdb_movies_20260904T204600Z.json; tmdb_movies_20260904T212105Z.json
297761,2,tmdb_movies_20260904T204600Z.json; tmdb_movies_20260904T212105Z.json
297762,2,tmdb_movies_20260904T204600Z.json; tmdb_movies_20260904T212105Z.json
297802,2,tmdb_movies_20260904T204600Z.json; tmdb_movies_20260904T212105Z.json
298250,2,tmdb_movies_20260904T204600Z.json; tmdb_movies_20260904T212105Z.json
298312,2,tmdb_movies_20260904T204600Z.json; tmdb_movies_20260904T212105Z.json
298382,2,tmdb_movies_20260904T204600Z.json; tmdb_movies_20260904T212105Z.json
299534,2,tmdb_movies_20260904T204600Z.json; tmdb_movies_20260904T212105Z.json
299536,2,tmdb_movies_20260904T204600Z.json; tmdb_movies_20260904T212105Z.json
299537,2,tmdb_movies_20260904T204600Z.json; tmdb_movies_20260904T212105Z.json
299687,2,tmdb_movies_20260904T204600Z.json; tmdb_movies_20260904T212105Z.json
300665,2,tmdb_movies_20260904T204600Z.json; tmdb_movies_20260904T212105Z.json
300668,2,tmdb_movies_20260904T204600Z.json; tmdb_movies_20260904T212105Z.json
300669,2,tmdb_movies_20260904T204600Z.json; tmdb_movies_20260904T212105Z.json
300671,2,tmdb_movies_20260904T204600Z.json; tmdb_movies_20260904T212105Z.json
300673,2,tmdb_movies_20260904T204600Z.json; tmdb_movies_20260904T212105Z.json
300681,2,tmdb_movies_20260904T204600Z.json; tmdb_movies_20260904T212105Z.json
301337,2,tmdb_movies_20260904T204600Z.json; tmdb_movies_20260904T212105Z.json
301351,2,tmdb_movies_20260904T204600Z.json; tmdb_movies_20260904T212105Z.json
301365,2,tmdb_movies_20260904T204600Z.json; tmdb_movies_20260904T212105Z.json
301528,2,tmdb_movies_20260904T204600Z.json; tmdb_movies_20260904T212105Z.json
301804,2,tmdb_movies_20260904T204600Z.json; tmdb_movies_20260904T212105Z.json
301875,2,tmdb_movies_20260904T204600Z.json; tmdb_movies_20260904T212105Z.json
302156,2,tmdb_movies_20260904T204600Z.json; tmdb_movies_20260904T212105Z.json
302401,2,tmdb_movies_20260904T204600Z.json; tmdb_movies_20260904T212105Z.json
302429,2,tmdb_movies_20260904T204600Z.json; tmdb_movies_20260904T212105Z.json
302688,2,tmdb_movies_20260904T204600Z.json; tmdb_movies_20260904T212105Z.json
302699,2,tmdb_movies_20260904T204600Z.json; tmdb_movies_20260904T212105Z.json
302946,2,tmdb_movies_20260904T204600Z.json; tmdb_movies_20260904T212105Z.json
303857,2,tmdb_movies_20260904T204600Z.json; tmdb_movies_20260904T212105Z.json
303858,2,tmdb_movies_20260904T204600Z.json; tmdb_movies_20260904T212105Z.json
303991,2,tmdb_movies_20260904T204600Z.json; tmdb_movies_20260904T212105Z.json
304357,2,tmdb_movies_20260904T204600Z.json; tmdb_movies_20260904T212105Z.json
304410,2,tmdb_movies_20260904T204600Z.json; tmdb_movies_20260904T212105Z.json
305470,2,tmdb_movies_20260904T204600Z.json; tmdb_movies_20260904T212105Z.json
306819,2,tmdb_movies_20260904T204600Z.json; tmdb_movies_20260904T212105Z.json
306947,2,tmdb_movies_20260904T204600Z.json; tmdb_movies_20260904T212105Z.json
307081,2,tmdb_movies_20260904T204600Z.json; tmdb_movies_20260904T212105Z.json
308032,2,tmdb_movies_20260904T204600Z.json; tmdb_movies_20260904T212105Z.json
308266,2,tmdb_movies_20260904T204600Z.json; tmdb_movies_20260904T212105Z.json
308369,2,tmdb_movies_20260904T204600Z.json; tmdb_movies_20260904T212105Z.json
308531,2,tmdb_movies_20260904T204600Z.json; tmdb_movies_20260904T212105Z.json
308639,2,tmdb_movies_20260904T204600Z.json; tmdb_movies_20260904T212105Z.json
309299,2,tmdb_movies_20260904T204600Z.json; tmdb_movies_20260904T212105Z.json
309809,2,tmdb_movies_20260904T204600Z.json; tmdb_movies_20260904T212105Z.json
309886,2,tmdb_movies_20260904T204600Z.json; tmdb_movies_20260904T212105Z.json
310131,2,tmdb_movies_20260904T204600Z.json; tmdb_movies_20260904T212105Z.json
310307,2,tmdb_movies_20260904T204600Z.json; tmdb_movies_20260904T212105Z.json
310593,2,tmdb_movies_20260904T204600Z.json; tmdb_movies_20260904T212105Z.json
311291,2,tmdb_movies_20260904T204600Z.json; tmdb_movies_20260904T212105Z.json
311324,2,tmdb_movies_20260904T204600Z.json; tmdb_movies_20260904T212105Z.json
312221,2,tmdb_movies_20260904T204600Z.json; tmdb_movies_20260904T212105Z.json
312831,2,tmdb_movies_20260904T204600Z.json; tmdb_movies_20260904T212105Z.json
313297,2,tmdb_movies_20260904T204600Z.json; tmdb_movies_20260904T212105Z.json
313369,2,tmdb_movies_20260904T204600Z.json; tmdb_movies_20260904T212105Z.json
313922,2,tmdb_movies_20260904T204600Z.json; tmdb_movies_20260904T212105Z.json
314095,2,tmdb_movies_20260904T204600Z.json; tmdb_movies_20260904T212105Z.json
314365,2,tmdb_movies_20260904T204600Z.json; tmdb_movies_20260904T212105Z.json
314385,2,tmdb_movies_20260904T204600Z.json; tmdb_movies_20260904T212105Z.json
314405,2,tmdb_movies_20260904T204600Z.json; tmdb_movies_20260904T212105Z.json
315011,2,tmdb_movies_20260904T204600Z.json; tmdb_movies_20260904T212105Z.json
315465,2,tmdb_movies_20260904T204600Z.json; tmdb_movies_20260904T212105Z.json
315635,2,tmdb_movies_20260904T204600Z.json; tmdb_movies_20260904T212105Z.json
315664,2,tmdb_movies_20260904T204600Z.json; tmdb_movies_20260904T212105Z.json
315837,2,tmdb_movies_20260904T204600Z.json; tmdb_movies_20260904T212105Z.json
316029,2,tmdb_movies_20260904T204600Z.json; tmdb_movies_20260904T212105Z.json
316152,2,tmdb_movies_20260904T204600Z.json; tmdb_movies_20260904T212105Z.json
316727,2,tmdb_movies_20260904T204600Z.json; tmdb_movies_20260904T212105Z.json
317442,2,tmdb_movies_20260904T204600Z.json; tmdb_movies_20260904T212105Z.json
318121,2,tmdb_movies_20260904T204600Z.json; tmdb_movies_20260904T212105Z.json
318846,2,tmdb_movies_20260904T204600Z.json; tmdb_movies_20260904T212105Z.json
319075,2,tmdb_movies_20260904T204600Z.json; tmdb_movies_20260904T212105Z.json
319888,2,tmdb_movies_20260904T204600Z.json; tmdb_movies_20260904T212105Z.json
320006,2,tmdb_movies_20260904T204600Z.json; tmdb_movies_20260904T212105Z.json
320288,2,tmdb_movies_20260904T204600Z.json; tmdb_movies_20260904T212105Z.json
321258,2,tmdb_movies_20260904T204600Z.json; tmdb_movies_20260904T212105Z.json
321612,2,tmdb_movies_20260904T204600Z.json; tmdb_movies_20260904T212105Z.json
321697,2,tmdb_movies_20260904T204600Z.json; tmdb_movies_20260904T212105Z.json
321741,2,tmdb_movies_20260904T204600Z.json; tmdb_movies_20260904T212105Z.json
322240,2,tmdb_movies_20260904T204600Z.json; tmdb_movies_20260904T212105Z.json
323675,2,tmdb_movies_20260904T204600Z.json; tmdb_movies_20260904T212105Z.json
323677,2,tmdb_movies_20260904T204600Z.json; tmdb_movies_20260904T212105Z.json
324552,2,tmdb_movies_20260904T204600Z.json; tmdb_movies_20260904T212105Z.json
324560,2,tmdb_movies_20260904T204600Z.json; tmdb_movies_20260904T212105Z.json
324668,2,tmdb_movies_20260904T204600Z.json; tmdb_movies_20260904T212105Z.json
324670,2,tmdb_movies_20260904T204600Z.json; tmdb_movies_20260904T212105Z.json
324786,2,tmdb_movies_20260904T204600Z.json; tmdb_movies_20260904T212105Z.json
324849,2,tmdb_movies_20260904T204600Z.json; tmdb_movies_20260904T212105Z.json
324852,2,tmdb_movies_20260904T204600Z.json; tmdb_movies_20260904T212105Z.json
324857,2,tmdb_movies_20260904T204600Z.json; tmdb_movies_20260904T212105Z.json
325133,2,tmdb_movies_20260904T204600Z.json; tmdb_movies_20260904T212105Z.json
325358,2,tmdb_movies_20260904T204600Z.json; tmdb_movies_20260904T212105Z.json
325789,2,tmdb_movies_20260904T204600Z.json; tmdb_movies_20260904T212105Z.json
326359,2,tmdb_movies_20260904T204600Z.json; tmdb_movies_20260904T212105Z.json
326423,2,tmdb_movies_20260904T204600Z.json; tmdb_movies_20260904T212105Z.json
328111,2,tmdb_movies_20260904T204600Z.json; tmdb_movies_20260904T212105Z.json
328387,2,tmdb_movies_20260904T204600Z.json; tmdb_movies_20260904T212105Z.json
328425,2,tmdb_movies_20260904T204600Z.json; tmdb_movies_20260904T212105Z.json
329833,2,tmdb_movies_20260904T204600Z.json; tmdb_movies_20260904T212105Z.json
329865,2,tmdb_movies_20260904T204600Z.json; tmdb_movies_20260904T212105Z.json
329981,2,tmdb_movies_20260904T204600Z.json; tmdb_movies_20260904T212105Z.json
329996,2,tmdb_movies_20260904T204600Z.json; tmdb_movies_20260904T212105Z.json
330457,2,tmdb_movies_20260904T204600Z.json; tmdb_movies_20260904T212105Z.json
330459,2,tmdb_movies_20260904T204600Z.json; tmdb_movies_20260904T212105Z.json
330483,2,tmdb_movies_20260904T204600Z.json; tmdb_movies_20260904T212105Z.json
330947,2,tmdb_movies_20260904T204600Z.json; tmdb_movies_20260904T212105Z.json
331313,2,tmdb_movies_20260904T204600Z.json; tmdb_movies_20260904T212105Z.json
331446,2,tmdb_movies_20260904T204600Z.json; tmdb_movies_20260904T212105Z.json
331482,2,tmdb_movies_20260904T204600Z.json; tmdb_movies_20260904T212105Z.json
331583,2,tmdb_movies_20260904T204600Z.json; tmdb_movies_20260904T212105Z.json
331781,2,tmdb_movies_20260904T204600Z.json; tmdb_movies_20260904T212105Z.json
331962,2,tmdb_movies_20260904T204600Z.json; tmdb_movies_20260904T212105Z.json
332210,2,tmdb_movies_20260904T204600Z.json; tmdb_movies_20260904T212105Z.json
332270,2,tmdb_movies_20260904T204600Z.json; tmdb_movies_20260904T212105Z.json
332283,2,tmdb_movies_20260904T204600Z.json; tmdb_movies_20260904T212105Z.json
332411,2,tmdb_movies_20260904T204600Z.json; tmdb_movies_20260904T212105Z.json
332562,2,tmdb_movies_20260904T204600Z.json; tmdb_movies_20260904T212105Z.json
332567,2,tmdb_movies_20260904T204600Z.json; tmdb_movies_20260904T212105Z.json
332979,2,tmdb_movies_20260904T204600Z.json; tmdb_movies_20260904T212105Z.json
333339,2,tmdb_movies_20260904T204600Z.json; tmdb_movies_20260904T212105Z.json
333348,2,tmdb_movies_20260904T204600Z.json; tmdb_movies_20260904T212105Z.json
333352,2,tmdb_movies_20260904T204600Z.json; tmdb_movies_20260904T212105Z.json
333371,2,tmdb_movies_20260904T204600Z.json; tmdb_movies_20260904T212105Z.json
333484,2,tmdb_movies_20260904T204600Z.json; tmdb_movies_20260904T212105Z.json
333669,2,tmdb_movies_20260904T204600Z.json; tmdb_movies_20260904T212105Z.json
334074,2,tmdb_movies_20260904T204600Z.json; tmdb_movies_20260904T212105Z.json
334521,2,tmdb_movies_20260904T204600Z.json; tmdb_movies_20260904T212105Z.json
334524,2,tmdb_movies_20260904T204600Z.json; tmdb_movies_20260904T212105Z.json
334533,2,tmdb_movies_20260904T204600Z.json; tmdb_movies_20260904T212105Z.json
334536,2,tmdb_movies_20260904T204600Z.json; tmdb_movies_20260904T212105Z.json
334541,2,tmdb_movies_20260904T204600Z.json; tmdb_movies_20260904T212105Z.json
334543,2,tmdb_movies_20260904T204600Z.json; tmdb_movies_20260904T212105Z.json
335778,2,tmdb_movies_20260904T204600Z.json; tmdb_movies_20260904T212105Z.json
335796,2,tmdb_movies_20260904T204600Z.json; tmdb_movies_20260904T212105Z.json
335797,2,tmdb_movies_20260904T204600Z.json; tmdb_movies_20260904T212105Z.json
335866,2,tmdb_movies_20260904T204600Z.json; tmdb_movies_20260904T212105Z.json
335983,2,tmdb_movies_20260904T204600Z.json; tmdb_movies_20260904T212105Z.json
335984,2,tmdb_movies_20260904T204600Z.json; tmdb_movies_20260904T212105Z.json
335988,2,tmdb_movies_20260904T204600Z.json; tmdb_movies_20260904T212105Z.json
336004,2,tmdb_movies_20260904T204600Z.json; tmdb_movies_20260904T212105Z.json
336455,2,tmdb_movies_20260904T204600Z.json; tmdb_movies_20260904T212105Z.json
336804,2,tmdb_movies_20260904T204600Z.json; tmdb_movies_20260904T212105Z.json
336808,2,tmdb_movies_20260904T204600Z.json; tmdb_movies_20260904T212105Z.json
336843,2,tmdb_movies_20260904T204600Z.json; tmdb_movies_20260904T212105Z.json
336882,2,tmdb_movies_20260904T204600Z.json; tmdb_movies_20260904T212105Z.json
337167,2,tmdb_movies_20260904T204600Z.json; tmdb_movies_20260904T212105Z.json
337170,2,tmdb_movies_20260904T204600Z.json; tmdb_movies_20260904T212105Z.json
337339,2,tmdb_movies_20260904T204600Z.json; tmdb_movies_20260904T212105Z.json
337674,2,tmdb_movies_20260904T204600Z.json; tmdb_movies_20260904T212105Z.json
338676,2,tmdb_movies_20260904T204600Z.json; tmdb_movies_20260904T212105Z.json
338766,2,tmdb_movies_20260904T204600Z.json; tmdb_movies_20260904T212105Z.json
338952,2,tmdb_movies_20260904T204600Z.json; tmdb_movies_20260904T212105Z.json
338967,2,tmdb_movies_20260904T204600Z.json; tmdb_movies_20260904T212105Z.json
338970,2,tmdb_movies_20260904T204600Z.json; tmdb_movies_20260904T212105Z.json
339259,2,tmdb_movies_20260904T204600Z.json; tmdb_movies_20260904T212105Z.json
339396,2,tmdb_movies_20260904T204600Z.json; tmdb_movies_20260904T212105Z.json
339397,2,tmdb_movies_20260904T204600Z.json; tmdb_movies_20260904T212105Z.json
339403,2,tmdb_movies_20260904T204600Z.json; tmdb_movies_20260904T212105Z.json
339408,2,tmdb_movies_20260904T204600Z.json; tmdb_movies_20260904T212105Z.json
339527,2,tmdb_movies_20260904T204600Z.json; tmdb_movies_20260904T212105Z.json
339692,2,tmdb_movies_20260904T204600Z.json; tmdb_movies_20260904T212105Z.json
339846,2,tmdb_movies_20260904T204600Z.json; tmdb_movies_20260904T212105Z.json
339964,2,tmdb_movies_20260904T204600Z.json; tmdb_movies_20260904T212105Z.json
339967,2,tmdb_movies_20260904T204600Z.json; tmdb_movies_20260904T212105Z.json
339984,2,tmdb_movies_20260904T204600Z.json; tmdb_movies_20260904T212105Z.json
339988,2,tmdb_movies_20260904T204600Z.json; tmdb_movies_20260904T212105Z.json
340022,2,tmdb_movies_20260904T204600Z.json; tmdb_movies_20260904T212105Z.json
340613,2,tmdb_movies_20260904T204600Z.json; tmdb_movies_20260904T212105Z.json
340666,2,tmdb_movies_20260904T204600Z.json; tmdb_movies_20260904T212105Z.json
340674,2,tmdb_movies_20260904T204600Z.json; tmdb_movies_20260904T212105Z.json
340676,2,tmdb_movies_20260904T204600Z.json; tmdb_movies_20260904T212105Z.json
340837,2,tmdb_movies_20260904T204600Z.json; tmdb_movies_20260904T212105Z.json
341006,2,tmdb_movies_20260904T204600Z.json; tmdb_movies_20260904T212105Z.json
341012,2,tmdb_movies_20260904T204600Z.json; tmdb_movies_20260904T212105Z.json
341013,2,tmdb_movies_20260904T204600Z.json; tmdb_movies_20260904T212105Z.json
341174,2,tmdb_movies_20260904T204600Z.json; tmdb_movies_20260904T212105Z.json
342473,2,tmdb_movies_20260904T204600Z.json; tmdb_movies_20260904T212105Z.json
342521,2,tmdb_movies_20260904T204600Z.json; tmdb_movies_20260904T212105Z.json
342878,2,tmdb_movies_20260904T204600Z.json; tmdb_movies_20260904T212105Z.json
343611,2,tmdb_movies_20260904T204600Z.json; tmdb_movies_20260904T212105Z.json
343668,2,tmdb_movies_20260904T204600Z.json; tmdb_movies_20260904T212105Z.json
343674,2,tmdb_movies_20260904T204600Z.json; tmdb_movies_20260904T212105Z.json
345009,2,tmdb_movies_20260904T204600Z.json; tmdb_movies_20260904T212105Z.json
345887,2,tmdb_movies_20260904T204600Z.json; tmdb_movies_20260904T212105Z.json
345911,2,tmdb_movies_20260904T204600Z.json; tmdb_movies_20260904T212105Z.json
345914,2,tmdb_movies_20260904T204600Z.json; tmdb_movies_20260904T212105Z.json
345915,2,tmdb_movies_20260904T204600Z.json; tmdb_movies_20260904T212105Z.json
345920,2,tmdb_movies_20260904T204600Z.json; tmdb_movies_20260904T212105Z.json
345922,2,tmdb_movies_20260904T204600Z.json; tmdb_movies_20260904T212105Z.json
345938,2,tmdb_movies_20260904T204600Z.json; tmdb_movies_20260904T212105Z.json
345940,2,tmdb_movies_20260904T204600Z.json; tmdb_movies_20260904T212105Z.json
346364,2,tmdb_movies_20260904T204600Z.json; tmdb_movies_20260904T212105Z.json
346648,2,tmdb_movies_20260904T204600Z.json; tmdb_movies_20260904T212105Z.json
346672,2,tmdb_movies_20260904T204600Z.json; tmdb_movies_20260904T212105Z.json
346685,2,tmdb_movies_20260904T204600Z.json; tmdb_movies_20260904T212105Z.json
346808,2,tmdb_movies_20260904T204600Z.json; tmdb_movies_20260904T212105Z.json
346910,2,tmdb_movies_20260904T204600Z.json; tmdb_movies_20260904T212105Z.json
347031,2,tmdb_movies_20260904T204600Z.json; tmdb_movies_20260904T212105Z.json
347201,2,tmdb_movies_20260904T204600Z.json; tmdb_movies_20260904T212105Z.json
347375,2,tmdb_movies_20260904T204600Z.json; tmdb_movies_20260904T212105Z.json
347754,2,tmdb_movies_20260904T204600Z.json; tmdb_movies_20260904T212105Z.json
347866,2,tmdb_movies_20260904T204600Z.json; tmdb_movies_20260904T212105Z.json
347984,2,tmdb_movies_20260904T204600Z.json; tmdb_movies_20260904T212105Z.json
348350,2,tmdb_movies_20260904T204600Z.json; tmdb_movies_20260904T212105Z.json
348668,2,tmdb_movies_20260904T204600Z.json; tmdb_movies_20260904T212105Z.json
348678,2,tmdb_movies_20260904T204600Z.json; tmdb_movies_20260904T212105Z.json
348893,2,tmdb_movies_20260904T204600Z.json; tmdb_movies_20260904T212105Z.json
350312,2,tmdb_movies_20260904T204600Z.json; tmdb_movies_20260904T212105Z.json
351211,2,tmdb_movies_20260904T204600Z.json; tmdb_movies_20260904T212105Z.json
351286,2,tmdb_movies_20260904T204600Z.json; tmdb_movies_20260904T212105Z.json
351339,2,tmdb_movies_20260904T204600Z.json; tmdb_movies_20260904T212105Z.json
353069,2,tmdb_movies_20260904T204600Z.json; tmdb_movies_20260904T212105Z.json
353070,2,tmdb_movies_20260904T204600Z.json; tmdb_movies_20260904T212105Z.json
353081,2,tmdb_movies_20260904T204600Z.json; tmdb_movies_20260904T212105Z.json
353326,2,tmdb_movies_20260904T204600Z.json; tmdb_movies_20260904T212105Z.json
353486,2,tmdb_movies_20260904T204600Z.json; tmdb_movies_20260904T212105Z.json
353491,2,tmdb_movies_20260904T204600Z.json; tmdb_movies_20260904T212105Z.json
353616,2,tmdb_movies_20260904T204600Z.json; tmdb_movies_20260904T212105Z.json
354216,2,tmdb_movies_20260904T204600Z.json; tmdb_movies_20260904T212105Z.json
354282,2,tmdb_movies_20260904T204600Z.json; tmdb_movies_20260904T212105Z.json
354287,2,tmdb_movies_20260904T204600Z.json; tmdb_movies_20260904T212105Z.json
354859,2,tmdb_movies_20260904T204600Z.json; tmdb_movies_20260904T212105Z.json
354912,2,tmdb_movies_20260904T204600Z.json; tmdb_movies_20260904T212105Z.json
355338,2,tmdb_movies_20260904T204600Z.json; tmdb_movies_20260904T212105Z.json
355547,2,tmdb_movies_20260904T204600Z.json; tmdb_movies_20260904T212105Z.json
356305,2,tmdb_movies_20260904T204600Z.json; tmdb_movies_20260904T212105Z.json
357096,2,tmdb_movies_20260904T204600Z.json; tmdb_movies_20260904T212105Z.json
359246,2,tmdb_movies_20260904T204600Z.json; tmdb_movies_20260904T212105Z.json
359412,2,tmdb_movies_20260904T204600Z.json; tmdb_movies_20260904T212105Z.json
359724,2,tmdb_movies_20260904T204600Z.json; tmdb_movies_20260904T212105Z.json
359940,2,tmdb_movies_20260904T204600Z.json; tmdb_movies_20260904T212105Z.json
360784,2,tmdb_movies_20260904T204600Z.json; tmdb_movies_20260904T212105Z.json
360814,2,tmdb_movies_20260904T204600Z.json; tmdb_movies_20260904T212105Z.json
361292,2,tmdb_movies_20260904T204600Z.json; tmdb_movies_20260904T212105Z.json
363088,2,tmdb_movies_20260904T204600Z.json; tmdb_movies_20260904T212105Z.json
363676,2,tmdb_movies_20260904T204600Z.json; tmdb_movies_20260904T212105Z.json
364116,2,tmdb_movies_20260904T204600Z.json; tmdb_movies_20260904T212105Z.json
364433,2,tmdb_movies_20260904T204600Z.json; tmdb_movies_20260904T212105Z.json
364689,2,tmdb_movies_20260904T204600Z.json; tmdb_movies_20260904T212105Z.json
365222,2,tmdb_movies_20260904T204600Z.json; tmdb_movies_20260904T212105Z.json
365942,2,tmdb_movies_20260904T204600Z.json; tmdb_movies_20260904T212105Z.json
366924,2,tmdb_movies_20260904T204600Z.json; tmdb_movies_20260904T212105Z.json
369557,2,tmdb_movies_20260904T204600Z.json; tmdb_movies_20260904T212105Z.json
369885,2,tmdb_movies_20260904T204600Z.json; tmdb_movies_20260904T212105Z.json
369972,2,tmdb_movies_20260904T204600Z.json; tmdb_movies_20260904T212105Z.json
370567,2,tmdb_movies_20260904T204600Z.json; tmdb_movies_20260904T212105Z.json
370663,2,tmdb_movies_20260904T204600Z.json; tmdb_movies_20260904T212105Z.json
370755,2,tmdb_movies_20260904T204600Z.json; tmdb_movies_20260904T212105Z.json
371608,2,tmdb_movies_20260904T204600Z.json; tmdb_movies_20260904T212105Z.json
371638,2,tmdb_movies_20260904T204600Z.json; tmdb_movies_20260904T212105Z.json
371645,2,tmdb_movies_20260904T204600Z.json; tmdb_movies_20260904T212105Z.json
372058,2,tmdb_movies_20260904T204600Z.json; tmdb_movies_20260904T212105Z.json
372343,2,tmdb_movies_20260904T204600Z.json; tmdb_movies_20260904T212105Z.json
373314,2,tmdb_movies_20260904T204600Z.json; tmdb_movies_20260904T212105Z.json
373569,2,tmdb_movies_20260904T204600Z.json; tmdb_movies_20260904T212105Z.json
373571,2,tmdb_movies_20260904T204600Z.json; tmdb_movies_20260904T212105Z.json
374205,2,tmdb_movies_20260904T204600Z.json; tmdb_movies_20260904T212105Z.json
374461,2,tmdb_movies_20260904T204600Z.json; tmdb_movies_20260904T212105Z.json
374473,2,tmdb_movies_20260904T204600Z.json; tmdb_movies_20260904T212105Z.json
374720,2,tmdb_movies_20260904T204600Z.json; tmdb_movies_20260904T212105Z.json
375262,2,tmdb_movies_20260904T204600Z.json; tmdb_movies_20260904T212105Z.json
375366,2,tmdb_movies_20260904T204600Z.json; tmdb_movies_20260904T212105Z.json
375588,2,tmdb_movies_20260904T204600Z.json; tmdb_movies_20260904T212105Z.json
375794,2,tmdb_movies_20260904T204600Z.json; tmdb_movies_20260904T212105Z.json
376290,2,tmdb_movies_20260904T204600Z.json; tmdb_movies_20260904T212105Z.json
376570,2,tmdb_movies_20260904T204600Z.json; tmdb_movies_20260904T212105Z.json
376659,2,tmdb_movies_20260904T204600Z.json; tmdb_movies_20260904T212105Z.json
376660,2,tmdb_movies_20260904T204600Z.json; tmdb_movies_20260904T212105Z.json
376865,2,tmdb_movies_20260904T204600Z.json; tmdb_movies_20260904T212105Z.json
376866,2,tmdb_movies_20260904T204600Z.json; tmdb_movies_20260904T212105Z.json
376867,2,tmdb_movies_20260904T204600Z.json; tmdb_movies_20260904T212105Z.json
377275,2,tmdb_movies_20260904T204600Z.json; tmdb_movies_20260904T212105Z.json
378018,2,tmdb_movies_20260904T204600Z.json; tmdb_movies_20260904T212105Z.json
378064,2,tmdb_movies_20260904T204600Z.json; tmdb_movies_20260904T212105Z.json
378236,2,tmdb_movies_20260904T204600Z.json; tmdb_movies_20260904T212105Z.json
379149,2,tmdb_movies_20260904T204600Z.json; tmdb_movies_20260904T212105Z.json
379170,2,tmdb_movies_20260904T204600Z.json; tmdb_movies_20260904T212105Z.json
379291,2,tmdb_movies_20260904T204600Z.json; tmdb_movies_20260904T212105Z.json
381283,2,tmdb_movies_20260904T204600Z.json; tmdb_movies_20260904T212105Z.json
381284,2,tmdb_movies_20260904T204600Z.json; tmdb_movies_20260904T212105Z.json
381288,2,tmdb_movies_20260904T204600Z.json; tmdb_movies_20260904T212105Z.json
381341,2,tmdb_movies_20260904T204600Z.json; tmdb_movies_20260904T212105Z.json
381719,2,tmdb_movies_20260904T204600Z.json; tmdb_movies_20260904T212105Z.json
382322,2,tmdb_movies_20260904T204600Z.json; tmdb_movies_20260904T212105Z.json
382591,2,tmdb_movies_20260904T204600Z.json; tmdb_movies_20260904T212105Z.json
383498,2,tmdb_movies_20260904T204600Z.json; tmdb_movies_20260904T212105Z.json
384018,2,tmdb_movies_20260904T204600Z.json; tmdb_movies_20260904T212105Z.json
384521,2,tmdb_movies_20260904T204600Z.json; tmdb_movies_20260904T212105Z.json
384680,2,tmdb_movies_20260904T204600Z.json; tmdb_movies_20260904T212105Z.json
384682,2,tmdb_movies_20260904T204600Z.json; tmdb_movies_20260904T212105Z.json
384798,2,tmdb_movies_20260904T204600Z.json; tmdb_movies_20260904T212105Z.json
385332,2,tmdb_movies_20260904T204600Z.json; tmdb_movies_20260904T212105Z.json
387426,2,tmdb_movies_20260904T204600Z.json; tmdb_movies_20260904T212105Z.json
387592,2,tmdb_movies_20260904T204600Z.json; tmdb_movies_20260904T212105Z.json
388399,2,tmdb_movies_20260904T204600Z.json; tmdb_movies_20260904T212105Z.json
389015,2,tmdb_movies_20260904T204600Z.json; tmdb_movies_20260904T212105Z.json
389053,2,tmdb_movies_20260904T204600Z.json; tmdb_movies_20260904T212105Z.json
390043,2,tmdb_movies_20260904T204600Z.json; tmdb_movies_20260904T212105Z.json
390051,2,tmdb_movies_20260904T204600Z.json; tmdb_movies_20260904T212105Z.json
390061,2,tmdb_movies_20260904T204600Z.json; tmdb_movies_20260904T212105Z.json
390062,2,tmdb_movies_20260904T204600Z.json; tmdb_movies_20260904T212105Z.json
390497,2,tmdb_movies_20260904T204600Z.json; tmdb_movies_20260904T212105Z.json
390734,2,tmdb_movies_20260904T204600Z.json; tmdb_movies_20260904T212105Z.json
391713,2,tmdb_movies_20260904T204600Z.json; tmdb_movies_20260904T212105Z.json
392044,2,tmdb_movies_20260904T204600Z.json; tmdb_movies_20260904T212105Z.json
393457,2,tmdb_movies_20260904T204600Z.json; tmdb_movies_20260904T212105Z.json
393519,2,tmdb_movies_20260904T204600Z.json; tmdb_movies_20260904T212105Z.json
393624,2,tmdb_movies_20260904T204600Z.json; tmdb_movies_20260904T212105Z.json
394117,2,tmdb_movies_20260904T204600Z.json; tmdb_movies_20260904T212105Z.json
395458,2,tmdb_movies_20260904T204600Z.json; tmdb_movies_20260904T212105Z.json
395834,2,tmdb_movies_20260904T204600Z.json; tmdb_movies_20260904T212105Z.json
395990,2,tmdb_movies_20260904T204600Z.json; tmdb_movies_20260904T212105Z.json
395991,2,tmdb_movies_20260904T204600Z.json; tmdb_movies_20260904T212105Z.json
395992,2,tmdb_movies_20260904T204600Z.json; tmdb_movies_20260904T212105Z.json
396263,2,tmdb_movies_20260904T204600Z.json; tmdb_movies_20260904T212105Z.json
396371,2,tmdb_movies_20260904T204600Z.json; tmdb_movies_20260904T212105Z.json
396422,2,tmdb_movies_20260904T204600Z.json; tmdb_movies_20260904T212105Z.json
396535,2,tmdb_movies_20260904T204600Z.json; tmdb_movies_20260904T212105Z.json
396806,2,tmdb_movies_20260904T204600Z.json; tmdb_movies_20260904T212105Z.json
397243,2,tmdb_movies_20260904T204600Z.json; tmdb_movies_20260904T212105Z.json
397567,2,tmdb_movies_20260904T204600Z.json; tmdb_movies_20260904T212105Z.json
397722,2,tmdb_movies_20260904T204600Z.json; tmdb_movies_20260904T212105Z.json
397837,2,tmdb_movies_20260904T204600Z.json; tmdb_movies_20260904T212105Z.json
398173,2,tmdb_movies_20260904T204600Z.json; tmdb_movies_20260904T212105Z.json
398175,2,tmdb_movies_20260904T204600Z.json; tmdb_movies_20260904T212105Z.json
398181,2,tmdb_movies_20260904T204600Z.json; tmdb_movies_20260904T212105Z.json
398818,2,tmdb_movies_20260904T204600Z.json; tmdb_movies_20260904T212105Z.json
398978,2,tmdb_movies_20260904T204600Z.json; tmdb_movies_20260904T212105Z.json
399035,2,tmdb_movies_20260904T204600Z.json; tmdb_movies_20260904T212105Z.json
399055,2,tmdb_movies_20260904T204600Z.json; tmdb_movies_20260904T212105Z.json
399057,2,tmdb_movies_20260904T204600Z.json; tmdb_movies_20260904T212105Z.json
399170,2,tmdb_movies_20260904T204600Z.json; tmdb_movies_20260904T212105Z.json
399174,2,tmdb_movies_20260904T204600Z.json; tmdb_movies_20260904T212105Z.json
399360,2,tmdb_movies_20260904T204600Z.json; tmdb_movies_20260904T212105Z.json
399361,2,tmdb_movies_20260904T204600Z.json; tmdb_movies_20260904T212105Z.json
399366,2,tmdb_movies_20260904T204600Z.json; tmdb_movies_20260904T212105Z.json
399402,2,tmdb_movies_20260904T204600Z.json; tmdb_movies_20260904T212105Z.json
399404,2,tmdb_movies_20260904T204600Z.json; tmdb_movies_20260904T212105Z.json
399579,2,tmdb_movies_20260904T204600Z.json; tmdb_movies_20260904T212105Z.json
399796,2,tmdb_movies_20260904T204600Z.json; tmdb_movies_20260904T212105Z.json
400106,2,tmdb_movies_20260904T204600Z.json; tmdb_movies_20260904T212105Z.json
400136,2,tmdb_movies_20260904T204600Z.json; tmdb_movies_20260904T212105Z.json
400155,2,tmdb_movies_20260904T204600Z.json; tmdb_movies_20260904T212105Z.json
400157,2,tmdb_movies_20260904T204600Z.json; tmdb_movies_20260904T212105Z.json
400535,2,tmdb_movies_20260904T204600Z.json; tmdb_movies_20260904T212105Z.json
400617,2,tmdb_movies_20260904T204600Z.json; tmdb_movies_20260904T212105Z.json
400650,2,tmdb_movies_20260904T204600Z.json; tmdb_movies_20260904T212105Z.json
400710,2,tmdb_movies_20260904T204600Z.json; tmdb_movies_20260904T212105Z.json
400928,2,tmdb_movies_20260904T204600Z.json; tmdb_movies_20260904T212105Z.json
401246,2,tmdb_movies_20260904T204600Z.json; tmdb_movies_20260904T212105Z.json
401371,2,tmdb_movies_20260904T204600Z.json; tmdb_movies_20260904T212105Z.json
401469,2,tmdb_movies_20260904T204600Z.json; tmdb_movies_20260904T212105Z.json
401513,2,tmdb_movies_20260904T204600Z.json; tmdb_movies_20260904T212105Z.json
401561,2,tmdb_movies_20260904T204600Z.json; tmdb_movies_20260904T212105Z.json
401847,2,tmdb_movies_20260904T204600Z.json; tmdb_movies_20260904T212105Z.json
401905,2,tmdb_movies_20260904T204600Z.json; tmdb_movies_20260904T212105Z.json
401981,2,tmdb_movies_20260904T204600Z.json; tmdb_movies_20260904T212105Z.json
402529,2,tmdb_movies_20260904T204600Z.json; tmdb_movies_20260904T212105Z.json
402900,2,tmdb_movies_20260904T204600Z.json; tmdb_movies_20260904T212105Z.json
403119,2,tmdb_movies_20260904T204600Z.json; tmdb_movies_20260904T212105Z.json
403300,2,tmdb_movies_20260904T204600Z.json; tmdb_movies_20260904T212105Z.json
404368,2,tmdb_movies_20260904T204600Z.json; tmdb_movies_20260904T212105Z.json
404733,2,tmdb_movies_20260904T204600Z.json; tmdb_movies_20260904T212105Z.json
405177,2,tmdb_movies_20260904T204600Z.json; tmdb_movies_20260904T212105Z.json
405774,2,tmdb_movies_20260904T204600Z.json; tmdb_movies_20260904T212105Z.json
405775,2,tmdb_movies_20260904T204600Z.json; tmdb_movies_20260904T212105Z.json
406563,2,tmdb_movies_20260904T204600Z.json; tmdb_movies_20260904T212105Z.json
406761,2,tmdb_movies_20260904T204600Z.json; tmdb_movies_20260904T212105Z.json
406990,2,tmdb_movies_20260904T204600Z.json; tmdb_movies_20260904T212105Z.json
406997,2,tmdb_movies_20260904T204600Z.json; tmdb_movies_20260904T212105Z.json
407436,2,tmdb_movies_20260904T204600Z.json; tmdb_movies_20260904T212105Z.json
407445,2,tmdb_movies_20260904T204600Z.json; tmdb_movies_20260904T212105Z.json
407448,2,tmdb_movies_20260904T204600Z.json; tmdb_movies_20260904T212105Z.json
408220,2,tmdb_movies_20260904T204600Z.json; tmdb_movies_20260904T212105Z.json
408648,2,tmdb_movies_20260904T204600Z.json; tmdb_movies_20260904T212105Z.json
409297,2,tmdb_movies_20260904T204600Z.json; tmdb_movies_20260904T212105Z.json
410199,2,tmdb_movies_20260904T204600Z.json; tmdb_movies_20260904T212105Z.json
410554,2,tmdb_movies_20260904T204600Z.json; tmdb_movies_20260904T212105Z.json
411088,2,tmdb_movies_20260904T204600Z.json; tmdb_movies_20260904T212105Z.json
411741,2,tmdb_movies_20260904T204600Z.json; tmdb_movies_20260904T212105Z.json
411873,2,tmdb_movies_20260904T204600Z.json; tmdb_movies_20260904T212105Z.json
412117,2,tmdb_movies_20260904T204600Z.json; tmdb_movies_20260904T212105Z.json
413362,2,tmdb_movies_20260904T204600Z.json; tmdb_movies_20260904T212105Z.json
414419,2,tmdb_movies_20260904T204600Z.json; tmdb_movies_20260904T212105Z.json
415842,2,tmdb_movies_20260904T204600Z.json; tmdb_movies_20260904T212105Z.json
416144,2,tmdb_movies_20260904T204600Z.json; tmdb_movies_20260904T212105Z.json
416234,2,tmdb_movies_20260904T204600Z.json; tmdb_movies_20260904T212105Z.json
416477,2,tmdb_movies_20260904T204600Z.json; tmdb_movies_20260904T212105Z.json
417261,2,tmdb_movies_20260904T204600Z.json; tmdb_movies_20260904T212105Z.json
417320,2,tmdb_movies_20260904T204600Z.json; tmdb_movies_20260904T212105Z.json
417384,2,tmdb_movies_20260904T204600Z.json; tmdb_movies_20260904T212105Z.json
417678,2,tmdb_movies_20260904T204600Z.json; tmdb_movies_20260904T212105Z.json
417859,2,tmdb_movies_20260904T204600Z.json; tmdb_movies_20260904T212105Z.json
417870,2,tmdb_movies_20260904T204600Z.json; tmdb_movies_20260904T212105Z.json
418879,2,tmdb_movies_20260904T204600Z.json; tmdb_movies_20260904T212105Z.json
419430,2,tmdb_movies_20260904T204600Z.json; tmdb_movies_20260904T212105Z.json
419478,2,tmdb_movies_20260904T204600Z.json; tmdb_movies_20260904T212105Z.json
419479,2,tmdb_movies_20260904T204600Z.json; tmdb_movies_20260904T212105Z.json
419680,2,tmdb_movies_20260904T204600Z.json; tmdb_movies_20260904T212105Z.json
419704,2,tmdb_movies_20260904T204600Z.json; tmdb_movies_20260904T212105Z.json
419743,2,tmdb_movies_20260904T204600Z.json; tmdb_movies_20260904T212105Z.json
420245,2,tmdb_movies_20260904T204600Z.json; tmdb_movies_20260904T212105Z.json
420426,2,tmdb_movies_20260904T204600Z.json; tmdb_movies_20260904T212105Z.json
420634,2,tmdb_movies_20260904T204600Z.json; tmdb_movies_20260904T212105Z.json
420809,2,tmdb_movies_20260904T204600Z.json; tmdb_movies_20260904T212105Z.json
420814,2,tmdb_movies_20260904T204600Z.json; tmdb_movies_20260904T212105Z.json
420817,2,tmdb_movies_20260904T204600Z.json; tmdb_movies_20260904T212105Z.json
420818,2,tmdb_movies_20260904T204600Z.json; tmdb_movies_20260904T212105Z.json
421658,2,tmdb_movies_20260904T204600Z.json; tmdb_movies_20260904T212105Z.json
422803,2,tmdb_movies_20260904T204600Z.json; tmdb_movies_20260904T212105Z.json
423204,2,tmdb_movies_20260904T204600Z.json; tmdb_movies_20260904T212105Z.json
424121,2,tmdb_movies_20260904T204600Z.json; tmdb_movies_20260904T212105Z.json
424139,2,tmdb_movies_20260904T204600Z.json; tmdb_movies_20260904T212105Z.json
424694,2,tmdb_movies_20260904T204600Z.json; tmdb_movies_20260904T212105Z.json
424781,2,tmdb_movies_20260904T204600Z.json; tmdb_movies_20260904T212105Z.json
424783,2,tmdb_movies_20260904T204600Z.json; tmdb_movies_20260904T212105Z.json
425134,2,tmdb_movies_20260904T204600Z.json; tmdb_movies_20260904T212105Z.json
426238,2,tmdb_movies_20260904T204600Z.json; tmdb_movies_20260904T212105Z.json
426284,2,tmdb_movies_20260904T204600Z.json; tmdb_movies_20260904T212105Z.json
426426,2,tmdb_movies_20260904T204600Z.json; tmdb_movies_20260904T212105Z.json
426543,2,tmdb_movies_20260904T204600Z.json; tmdb_movies_20260904T212105Z.json
426563,2,tmdb_movies_20260904T204600Z.json; tmdb_movies_20260904T212105Z.json
426613,2,tmdb_movies_20260904T204600Z.json; tmdb_movies_20260904T212105Z.json
427641,2,tmdb_movies_20260904T204600Z.json; tmdb_movies_20260904T212105Z.json
427900,2,tmdb_movies_20260904T204600Z.json; tmdb_movies_20260904T212105Z.json
428045,2,tmdb_movies_20260904T204600Z.json; tmdb_movies_20260904T212105Z.json
428078,2,tmdb_movies_20260904T204600Z.json; tmdb_movies_20260904T212105Z.json
428449,2,tmdb_movies_20260904T204600Z.json; tmdb_movies_20260904T212105Z.json
428493,2,tmdb_movies_20260904T204600Z.json; tmdb_movies_20260904T212105Z.json
429189,2,tmdb_movies_20260904T204600Z.json; tmdb_movies_20260904T212105Z.json
429197,2,tmdb_movies_20260904T204600Z.json; tmdb_movies_20260904T212105Z.json
429200,2,tmdb_movies_20260904T204600Z.json; tmdb_movies_20260904T212105Z.json
429203,2,tmdb_movies_20260904T204600Z.json; tmdb_movies_20260904T212105Z.json
429300,2,tmdb_movies_20260904T204600Z.json; tmdb_movies_20260904T212105Z.json
429351,2,tmdb_movies_20260904T204600Z.json; tmdb_movies_20260904T212105Z.json
429415,2,tmdb_movies_20260904T204600Z.json; tmdb_movies_20260904T212105Z.json
429417,2,tmdb_movies_20260904T204600Z.json; tmdb_movies_20260904T212105Z.json
429471,2,tmdb_movies_20260904T204600Z.json; tmdb_movies_20260904T212105Z.json
429617,2,tmdb_movies_20260904T204600Z.json; tmdb_movies_20260904T212105Z.json
430040,2,tmdb_movies_20260904T204600Z.json; tmdb_movies_20260904T212105Z.json
430231,2,tmdb_movies_20260904T204600Z.json; tmdb_movies_20260904T212105Z.json
430424,2,tmdb_movies_20260904T204600Z.json; tmdb_movies_20260904T212105Z.json
430447,2,tmdb_movies_20260904T204600Z.json; tmdb_movies_20260904T212105Z.json
431075,2,tmdb_movies_20260904T204600Z.json; tmdb_movies_20260904T212105Z.json
431530,2,tmdb_movies_20260904T204600Z.json; tmdb_movies_20260904T212105Z.json
431580,2,tmdb_movies_20260904T204600Z.json; tmdb_movies_20260904T212105Z.json
431693,2,tmdb_movies_20260904T204600Z.json; tmdb_movies_20260904T212105Z.json
433498,2,tmdb_movies_20260904T204600Z.json; tmdb_movies_20260904T212105Z.json
433501,2,tmdb_movies_20260904T204600Z.json; tmdb_movies_20260904T212105Z.json
433808,2,tmdb_movies_20260904T204600Z.json; tmdb_movies_20260904T212105Z.json
434203,2,tmdb_movies_20260904T204600Z.json; tmdb_movies_20260904T212105Z.json
434355,2,tmdb_movies_20260904T204600Z.json; tmdb_movies_20260904T212105Z.json
434555,2,tmdb_movies_20260904T204600Z.json; tmdb_movies_20260904T212105Z.json
435129,2,tmdb_movies_20260904T204600Z.json; tmdb_movies_20260904T212105Z.json
436343,2,tmdb_movies_20260904T204600Z.json; tmdb_movies_20260904T212105Z.json
436931,2,tmdb_movies_20260904T204600Z.json; tmdb_movies_20260904T212105Z.json
437068,2,tmdb_movies_20260904T204600Z.json; tmdb_movies_20260904T212105Z.json
437109,2,tmdb_movies_20260904T204600Z.json; tmdb_movies_20260904T212105Z.json
437557,2,tmdb_movies_20260904T204600Z.json; tmdb_movies_20260904T212105Z.json
437586,2,tmdb_movies_20260904T204600Z.json; tmdb_movies_20260904T212105Z.json
438590,2,tmdb_movies_20260904T204600Z.json; tmdb_movies_20260904T212105Z.json
438650,2,tmdb_movies_20260904T204600Z.json; tmdb_movies_20260904T212105Z.json
438674,2,tmdb_movies_20260904T204600Z.json; tmdb_movies_20260904T212105Z.json
438689,2,tmdb_movies_20260904T204600Z.json; tmdb_movies_20260904T212105Z.json
438799,2,tmdb_movies_20260904T204600Z.json; tmdb_movies_20260904T212105Z.json
438808,2,tmdb_movies_20260904T204600Z.json; tmdb_movies_20260904T212105Z.json
439015,2,tmdb_movies_20260904T204600Z.json; tmdb_movies_20260904T212105Z.json
439079,2,tmdb_movies_20260904T204600Z.json; tmdb_movies_20260904T212105Z.json
440021,2,tmdb_movies_20260904T204600Z.json; tmdb_movies_20260904T212105Z.json
440161,2,tmdb_movies_20260904T204600Z.json; tmdb_movies_20260904T212105Z.json
440298,2,tmdb_movies_20260904T204600Z.json; tmdb_movies_20260904T212105Z.json
440471,2,tmdb_movies_20260904T204600Z.json; tmdb_movies_20260904T212105Z.json
440472,2,tmdb_movies_20260904T204600Z.json; tmdb_movies_20260904T212105Z.json
440597,2,tmdb_movies_20260904T204600Z.json; tmdb_movies_20260904T212105Z.json
440762,2,tmdb_movies_20260904T204600Z.json; tmdb_movies_20260904T212105Z.json
441282,2,tmdb_movies_20260904T204600Z.json; tmdb_movies_20260904T212105Z.json
442062,2,tmdb_movies_20260904T204600Z.json; tmdb_movies_20260904T212105Z.json
442249,2,tmdb_movies_20260904T204600Z.json; tmdb_movies_20260904T212105Z.json
445571,2,tmdb_movies_20260904T204600Z.json; tmdb_movies_20260904T212105Z.json
445629,2,tmdb_movies_20260904T204600Z.json; tmdb_movies_20260904T212105Z.json
445651,2,tmdb_movies_20260904T204600Z.json; tmdb_movies_20260904T212105Z.json
445954,2,tmdb_movies_20260904T204600Z.json; tmdb_movies_20260904T212105Z.json
446021,2,tmdb_movies_20260904T204600Z.json; tmdb_movies_20260904T212105Z.json
446101,2,tmdb_movies_20260904T204600Z.json; tmdb_movies_20260904T212105Z.json
446354,2,tmdb_movies_20260904T204600Z.json; tmdb_movies_20260904T212105Z.json
446696,2,tmdb_movies_20260904T204600Z.json; tmdb_movies_20260904T212105Z.json
446791,2,tmdb_movies_20260904T204600Z.json; tmdb_movies_20260904T212105Z.json
446807,2,tmdb_movies_20260904T204600Z.json; tmdb_movies_20260904T212105Z.json
446894,2,tmdb_movies_20260904T204600Z.json; tmdb_movies_20260904T212105Z.json
447200,2,tmdb_movies_20260904T204600Z.json; tmdb_movies_20260904T212105Z.json
447332,2,tmdb_movies_20260904T204600Z.json; tmdb_movies_20260904T212105Z.json
447404,2,tmdb_movies_20260904T204600Z.json; tmdb_movies_20260904T212105Z.json
449176,2,tmdb_movies_20260904T204600Z.json; tmdb_movies_20260904T212105Z.json
449443,2,tmdb_movies_20260904T204600Z.json; tmdb_movies_20260904T212105Z.json
449459,2,tmdb_movies_20260904T204600Z.json; tmdb_movies_20260904T212105Z.json
449562,2,tmdb_movies_20260904T204600Z.json; tmdb_movies_20260904T212105Z.json
449574,2,tmdb_movies_20260904T204600Z.json; tmdb_movies_20260904T212105Z.json
449985,2,tmdb_movies_20260904T204600Z.json; tmdb_movies_20260904T212105Z.json
449992,2,tmdb_movies_20260904T204600Z.json; tmdb_movies_20260904T212105Z.json
450465,2,tmdb_movies_20260904T204600Z.json; tmdb_movies_20260904T212105Z.json
451915,2,tmdb_movies_20260904T204600Z.json; tmdb_movies_20260904T212105Z.json
451945,2,tmdb_movies_20260904T204600Z.json; tmdb_movies_20260904T212105Z.json
451955,2,tmdb_movies_20260904T204600Z.json; tmdb_movies_20260904T212105Z.json
452507,2,tmdb_movies_20260904T204600Z.json; tmdb_movies_20260904T212105Z.json
452832,2,tmdb_movies_20260904T204600Z.json; tmdb_movies_20260904T212105Z.json
453405,2,tmdb_movies_20260904T204600Z.json; tmdb_movies_20260904T212105Z.json
453755,2,tmdb_movies_20260904T204600Z.json; tmdb_movies_20260904T212105Z.json
454227,2,tmdb_movies_20260904T204600Z.json; tmdb_movies_20260904T212105Z.json
454293,2,tmdb_movies_20260904T204600Z.json; tmdb_movies_20260904T212105Z.json
454294,2,tmdb_movies_20260904T204600Z.json; tmdb_movies_20260904T212105Z.json
454619,2,tmdb_movies_20260904T204600Z.json; tmdb_movies_20260904T212105Z.json
454640,2,tmdb_movies_20260904T204600Z.json; tmdb_movies_20260904T212105Z.json
454983,2,tmdb_movies_20260904T204600Z.json; tmdb_movies_20260904T212105Z.json
454992,2,tmdb_movies_20260904T204600Z.json; tmdb_movies_20260904T212105Z.json
455207,2,tmdb_movies_20260904T204600Z.json; tmdb_movies_20260904T212105Z.json
455236,2,tmdb_movies_20260904T204600Z.json; tmdb_movies_20260904T212105Z.json
455980,2,tmdb_movies_20260904T204600Z.json; tmdb_movies_20260904T212105Z.json
456740,2,tmdb_movies_20260904T204600Z.json; tmdb_movies_20260904T212105Z.json
456750,2,tmdb_movies_20260904T204600Z.json; tmdb_movies_20260904T212105Z.json
457136,2,tmdb_movies_20260904T204600Z.json; tmdb_movies_20260904T212105Z.json
457799,2,tmdb_movies_20260904T204600Z.json; tmdb_movies_20260904T212105Z.json
458156,2,tmdb_movies_20260904T204600Z.json; tmdb_movies_20260904T212105Z.json
458305,2,tmdb_movies_20260904T204600Z.json; tmdb_movies_20260904T212105Z.json
458423,2,tmdb_movies_20260904T204600Z.json; tmdb_movies_20260904T212105Z.json
458594,2,tmdb_movies_20260904T204600Z.json; tmdb_movies_20260904T212105Z.json
458723,2,tmdb_movies_20260904T204600Z.json; tmdb_movies_20260904T212105Z.json
458897,2,tmdb_movies_20260904T204600Z.json; tmdb_movies_20260904T212105Z.json
459910,2,tmdb_movies_20260904T204600Z.json; tmdb_movies_20260904T212105Z.json
459992,2,tmdb_movies_20260904T204600Z.json; tmdb_movies_20260904T212105Z.json
460019,2,tmdb_movies_20260904T204600Z.json; tmdb_movies_20260904T212105Z.json
460648,2,tmdb_movies_20260904T204600Z.json; tmdb_movies_20260904T212105Z.json
460668,2,tmdb_movies_20260904T204600Z.json; tmdb_movies_20260904T212105Z.json
460793,2,tmdb_movies_20260904T204600Z.json; tmdb_movies_20260904T212105Z.json
460846,2,tmdb_movies_20260904T204600Z.json; tmdb_movies_20260904T212105Z.json
460885,2,tmdb_movies_20260904T204600Z.json; tmdb_movies_20260904T212105Z.json
461130,2,tmdb_movies_20260904T204600Z.json; tmdb_movies_20260904T212105Z.json
463257,2,tmdb_movies_20260904T204600Z.json; tmdb_movies_20260904T212105Z.json
463272,2,tmdb_movies_20260904T204600Z.json; tmdb_movies_20260904T212105Z.json
463684,2,tmdb_movies_20260904T204600Z.json; tmdb_movies_20260904T212105Z.json
463821,2,tmdb_movies_20260904T204600Z.json; tmdb_movies_20260904T212105Z.json
465003,2,tmdb_movies_20260904T204600Z.json; tmdb_movies_20260904T212105Z.json
465086,2,tmdb_movies_20260904T204600Z.json; tmdb_movies_20260904T212105Z.json
465136,2,tmdb_movies_20260904T204600Z.json; tmdb_movies_20260904T212105Z.json
465914,2,tmdb_movies_20260904T204600Z.json; tmdb_movies_20260904T212105Z.json
466081,2,tmdb_movies_20260904T204600Z.json; tmdb_movies_20260904T212105Z.json
466272,2,tmdb_movies_20260904T204600Z.json; tmdb_movies_20260904T212105Z.json
466282,2,tmdb_movies_20260904T204600Z.json; tmdb_movies_20260904T212105Z.json
467632,2,tmdb_movies_20260904T204600Z.json; tmdb_movies_20260904T212105Z.json
467660,2,tmdb_movies_20260904T204600Z.json; tmdb_movies_20260904T212105Z.json
467936,2,tmdb_movies_20260904T204600Z.json; tmdb_movies_20260904T212105Z.json
467938,2,tmdb_movies_20260904T204600Z.json; tmdb_movies_20260904T212105Z.json
467956,2,tmdb_movies_20260904T204600Z.json; tmdb_movies_20260904T212105Z.json
468202,2,tmdb_movies_20260904T204600Z.json; tmdb_movies_20260904T212105Z.json
470044,2,tmdb_movies_20260904T204600Z.json; tmdb_movies_20260904T212105Z.json
470114,2,tmdb_movies_20260904T204600Z.json; tmdb_movies_20260904T212105Z.json
471506,2,tmdb_movies_20260904T204600Z.json; tmdb_movies_20260904T212105Z.json
471507,2,tmdb_movies_20260904T204600Z.json; tmdb_movies_20260904T212105Z.json
472451,2,tmdb_movies_20260904T204600Z.json; tmdb_movies_20260904T212105Z.json
472674,2,tmdb_movies_20260904T204600Z.json; tmdb_movies_20260904T212105Z.json
473033,2,tmdb_movies_20260904T204600Z.json; tmdb_movies_20260904T212105Z.json
474350,2,tmdb_movies_20260904T204600Z.json; tmdb_movies_20260904T212105Z.json
474395,2,tmdb_movies_20260904T204600Z.json; tmdb_movies_20260904T212105Z.json
475210,2,tmdb_movies_20260904T204600Z.json; tmdb_movies_20260904T212105Z.json
475557,2,tmdb_movies_20260904T204600Z.json; tmdb_movies_20260904T212105Z.json
476292,2,tmdb_movies_20260904T204600Z.json; tmdb_movies_20260904T212105Z.json
476299,2,tmdb_movies_20260904T204600Z.json; tmdb_movies_20260904T212105Z.json
476926,2,tmdb_movies_20260904T204600Z.json; tmdb_movies_20260904T212105Z.json
479455,2,tmdb_movies_20260904T204600Z.json; tmdb_movies_20260904T212105Z.json
479718,2,tmdb_movies_20260904T204600Z.json; tmdb_movies_20260904T212105Z.json
480001,2,tmdb_movies_20260904T204600Z.json; tmdb_movies_20260904T212105Z.json
480042,2,tmdb_movies_20260904T204600Z.json; tmdb_movies_20260904T212105Z.json
480105,2,tmdb_movies_20260904T204600Z.json; tmdb_movies_20260904T212105Z.json
480414,2,tmdb_movies_20260904T204600Z.json; tmdb_movies_20260904T212105Z.json
480530,2,tmdb_movies_20260904T204600Z.json; tmdb_movies_20260904T212105Z.json
480572,2,tmdb_movies_20260904T204600Z.json; tmdb_movies_20260904T212105Z.json
481084,2,tmdb_movies_20260904T204600Z.json; tmdb_movies_20260904T212105Z.json
483906,2,tmdb_movies_20260904T204600Z.json; tmdb_movies_20260904T212105Z.json
483980,2,tmdb_movies_20260904T204600Z.json; tmdb_movies_20260904T212105Z.json
484247,2,tmdb_movies_20260904T204600Z.json; tmdb_movies_20260904T212105Z.json
484437,2,tmdb_movies_20260904T204600Z.json; tmdb_movies_20260904T212105Z.json
484468,2,tmdb_movies_20260904T204600Z.json; tmdb_movies_20260904T212105Z.json
484641,2,tmdb_movies_20260904T204600Z.json; tmdb_movies_20260904T212105Z.json
485415,2,tmdb_movies_20260904T204600Z.json; tmdb_movies_20260904T212105Z.json
485942,2,tmdb_movies_20260904T204600Z.json; tmdb_movies_20260904T212105Z.json
486131,2,tmdb_movies_20260904T204600Z.json; tmdb_movies_20260904T212105Z.json
486589,2,tmdb_movies_20260904T204600Z.json; tmdb_movies_20260904T212105Z.json
486947,2,tmdb_movies_20260904T204600Z.json; tmdb_movies_20260904T212105Z.json
487242,2,tmdb_movies_20260904T204600Z.json; tmdb_movies_20260904T212105Z.json
487297,2,tmdb_movies_20260904T204600Z.json; tmdb_movies_20260904T212105Z.json
487558,2,tmdb_movies_20260904T204600Z.json; tmdb_movies_20260904T212105Z.json
487680,2,tmdb_movies_20260904T204600Z.json; tmdb_movies_20260904T212105Z.json
488623,2,tmdb_movies_20260904T204600Z.json; tmdb_movies_20260904T212105Z.json
489064,2,tmdb_movies_20260904T204600Z.json; tmdb_movies_20260904T212105Z.json
489430,2,tmdb_movies_20260904T204600Z.json; tmdb_movies_20260904T212105Z.json
489925,2,tmdb_movies_20260904T204600Z.json; tmdb_movies_20260904T212105Z.json
489931,2,tmdb_movies_20260904T204600Z.json; tmdb_movies_20260904T212105Z.json
489999,2,tmdb_movies_20260904T204600Z.json; tmdb_movies_20260904T212105Z.json
490132,2,tmdb_movies_20260904T204600Z.json; tmdb_movies_20260904T212105Z.json
491283,2,tmdb_movies_20260904T204600Z.json; tmdb_movies_20260904T212105Z.json
491418,2,tmdb_movies_20260904T204600Z.json; tmdb_movies_20260904T212105Z.json
491472,2,tmdb_movies_20260904T204600Z.json; tmdb_movies_20260904T212105Z.json
491584,2,tmdb_movies_20260904T204600Z.json; tmdb_movies_20260904T212105Z.json
492188,2,tmdb_movies_20260904T204600Z.json; tmdb_movies_20260904T212105Z.json
492452,2,tmdb_movies_20260904T204600Z.json; tmdb_movies_20260904T212105Z.json
493551,2,tmdb_movies_20260904T204600Z.json; tmdb_movies_20260904T212105Z.json
493922,2,tmdb_movies_20260904T204600Z.json; tmdb_movies_20260904T212105Z.json
496243,2,tmdb_movies_20260904T204600Z.json; tmdb_movies_20260904T212105Z.json
498248,2,tmdb_movies_20260904T204600Z.json; tmdb_movies_20260904T212105Z.json
499701,2,tmdb_movies_20260904T204600Z.json; tmdb_movies_20260904T212105Z.json
500664,2,tmdb_movies_20260904T204600Z.json; tmdb_movies_20260904T212105Z.json
500682,2,tmdb_movies_20260904T204600Z.json; tmdb_movies_20260904T212105Z.json
501170,2,tmdb_movies_20260904T204600Z.json; tmdb_movies_20260904T212105Z.json
501907,2,tmdb_movies_20260904T204600Z.json; tmdb_movies_20260904T212105Z.json
502416,2,tmdb_movies_20260904T204600Z.json; tmdb_movies_20260904T212105Z.json
502682,2,tmdb_movies_20260904T204600Z.json; tmdb_movies_20260904T212105Z.json
503919,2,tmdb_movies_20260904T204600Z.json; tmdb_movies_20260904T212105Z.json
504172,2,tmdb_movies_20260904T204600Z.json; tmdb_movies_20260904T212105Z.json
504253,2,tmdb_movies_20260904T204600Z.json; tmdb_movies_20260904T212105Z.json
504562,2,tmdb_movies_20260904T204600Z.json; tmdb_movies_20260904T212105Z.json
504608,2,tmdb_movies_20260904T204600Z.json; tmdb_movies_20260904T212105Z.json
504949,2,tmdb_movies_20260904T204600Z.json; tmdb_movies_20260904T212105Z.json
505177,2,tmdb_movies_20260904T204600Z.json; tmdb_movies_20260904T212105Z.json
505192,2,tmdb_movies_20260904T204600Z.json; tmdb_movies_20260904T212105Z.json
505262,2,tmdb_movies_20260904T204600Z.json; tmdb_movies_20260904T212105Z.json
505600,2,tmdb_movies_20260904T204600Z.json; tmdb_movies_20260904T212105Z.json
506072,2,tmdb_movies_20260904T204600Z.json; tmdb_movies_20260904T212105Z.json
506574,2,tmdb_movies_20260904T204600Z.json; tmdb_movies_20260904T212105Z.json
507076,2,tmdb_movies_20260904T204600Z.json; tmdb_movies_20260904T212105Z.json
508642,2,tmdb_movies_20260904T204600Z.json; tmdb_movies_20260904T212105Z.json
508763,2,tmdb_movies_20260904T204600Z.json; tmdb_movies_20260904T212105Z.json
508965,2,tmdb_movies_20260904T204600Z.json; tmdb_movies_20260904T212105Z.json
509967,2,tmdb_movies_20260904T204600Z.json; tmdb_movies_20260904T212105Z.json
511322,2,tmdb_movies_20260904T204600Z.json; tmdb_movies_20260904T212105Z.json
511987,2,tmdb_movies_20260904T204600Z.json; tmdb_movies_20260904T212105Z.json
512196,2,tmdb_movies_20260904T204600Z.json; tmdb_movies_20260904T212105Z.json
512200,2,tmdb_movies_20260904T204600Z.json; tmdb_movies_20260904T212105Z.json
512263,2,tmdb_movies_20260904T204600Z.json; tmdb_movies_20260904T212105Z.json
513045,2,tmdb_movies_20260904T204600Z.json; tmdb_movies_20260904T212105Z.json
514921,2,tmdb_movies_20260904T204600Z.json; tmdb_movies_20260904T212105Z.json
514999,2,tmdb_movies_20260904T204600Z.json; tmdb_movies_20260904T212105Z.json
515001,2,tmdb_movies_20260904T204600Z.json; tmdb_movies_20260904T212105Z.json
515042,2,tmdb_movies_20260904T204600Z.json; tmdb_movies_20260904T212105Z.json
515195,2,tmdb_movies_20260904T204600Z.json; tmdb_movies_20260904T212105Z.json
517116,2,tmdb_movies_20260904T204600Z.json; tmdb_movies_20260904T212105Z.json
517814,2,tmdb_movies_20260904T204600Z.json; tmdb_movies_20260904T212105Z.json
517909,2,tmdb_movies_20260904T204600Z.json; tmdb_movies_20260904T212105Z.json
518068,2,tmdb_movies_20260904T204600Z.json; tmdb_movies_20260904T212105Z.json
519010,2,tmdb_movies_20260904T204600Z.json; tmdb_movies_20260904T212105Z.json
521029,2,tmdb_movies_20260904T204600Z.json; tmdb_movies_20260904T212105Z.json
521777,2,tmdb_movies_20260904T204600Z.json; tmdb_movies_20260904T212105Z.json
522162,2,tmdb_movies_20260904T204600Z.json; tmdb_movies_20260904T212105Z.json
522212,2,tmdb_movies_20260904T204600Z.json; tmdb_movies_20260904T212105Z.json
522518,2,tmdb_movies_20260904T204600Z.json; tmdb_movies_20260904T212105Z.json
522681,2,tmdb_movies_20260904T204600Z.json; tmdb_movies_20260904T212105Z.json
522924,2,tmdb_movies_20260904T204600Z.json; tmdb_movies_20260904T212105Z.json
522938,2,tmdb_movies_20260904T204600Z.json; tmdb_movies_20260904T212105Z.json
523139,2,tmdb_movies_20260904T204600Z.json; tmdb_movies_20260904T212105Z.json
523172,2,tmdb_movies_20260904T204600Z.json; tmdb_movies_20260904T212105Z.json
523777,2,tmdb_movies_20260904T204600Z.json; tmdb_movies_20260904T212105Z.json
524247,2,tmdb_movies_20260904T204600Z.json; tmdb_movies_20260904T212105Z.json
524251,2,tmdb_movies_20260904T204600Z.json; tmdb_movies_20260904T212105Z.json
524348,2,tmdb_movies_20260904T204600Z.json; tmdb_movies_20260904T212105Z.json
525661,2,tmdb_movies_20260904T204600Z.json; tmdb_movies_20260904T212105Z.json
527261,2,tmdb_movies_20260904T204600Z.json; tmdb_movies_20260904T212105Z.json
527435,2,tmdb_movies_20260904T204600Z.json; tmdb_movies_20260904T212105Z.json
527641,2,tmdb_movies_20260904T204600Z.json; tmdb_movies_20260904T212105Z.json
528888,2,tmdb_movies_20260904T204600Z.json; tmdb_movies_20260904T212105Z.json
529216,2,tmdb_movies_20260904T204600Z.json; tmdb_movies_20260904T212105Z.json
530254,2,tmdb_movies_20260904T204600Z.json; tmdb_movies_20260904T212105Z.json
530385,2,tmdb_movies_20260904T204600Z.json; tmdb_movies_20260904T212105Z.json
530723,2,tmdb_movies_20260904T204600Z.json; tmdb_movies_20260904T212105Z.json
530915,2,tmdb_movies_20260904T204600Z.json; tmdb_movies_20260904T212105Z.json
531309,2,tmdb_movies_20260904T204600Z.json; tmdb_movies_20260904T212105Z.json
531428,2,tmdb_movies_20260904T204600Z.json; tmdb_movies_20260904T212105Z.json
532067,2,tmdb_movies_20260904T204600Z.json; tmdb_movies_20260904T212105Z.json
532671,2,tmdb_movies_20260904T204600Z.json; tmdb_movies_20260904T212105Z.json
533444,2,tmdb_movies_20260904T204600Z.json; tmdb_movies_20260904T212105Z.json
534490,2,tmdb_movies_20260904T204600Z.json; tmdb_movies_20260904T212105Z.json
535167,2,tmdb_movies_20260904T204600Z.json; tmdb_movies_20260904T212105Z.json
535292,2,tmdb_movies_20260904T204600Z.json; tmdb_movies_20260904T212105Z.json
535581,2,tmdb_movies_20260904T204600Z.json; tmdb_movies_20260904T212105Z.json
536869,2,tmdb_movies_20260904T204600Z.json; tmdb_movies_20260904T212105Z.json
537055,2,tmdb_movies_20260904T204600Z.json; tmdb_movies_20260904T212105Z.json
537061,2,tmdb_movies_20260904T204600Z.json; tmdb_movies_20260904T212105Z.json
537739,2,tmdb_movies_20260904T204600Z.json; tmdb_movies_20260904T212105Z.json
537915,2,tmdb_movies_20260904T204600Z.json; tmdb_movies_20260904T212105Z.json
537996,2,tmdb_movies_20260904T204600Z.json; tmdb_movies_20260904T212105Z.json
539892,2,tmdb_movies_20260904T204600Z.json; tmdb_movies_20260904T212105Z.json
540901,2,tmdb_movies_20260904T204600Z.json; tmdb_movies_20260904T212105Z.json
544431,2,tmdb_movies_20260904T204600Z.json; tmdb_movies_20260904T212105Z.json
546554,2,tmdb_movies_20260904T204600Z.json; tmdb_movies_20260904T212105Z.json
548066,2,tmdb_movies_20260904T204600Z.json; tmdb_movies_20260904T212105Z.json
549053,2,tmdb_movies_20260904T204600Z.json; tmdb_movies_20260904T212105Z.json
551332,2,tmdb_movies_20260904T204600Z.json; tmdb_movies_20260904T212105Z.json
552178,2,tmdb_movies_20260904T204600Z.json; tmdb_movies_20260904T212105Z.json
559969,2,tmdb_movies_20260904T204600Z.json; tmdb_movies_20260904T212105Z.json
565310,2,tmdb_movies_20260904T204600Z.json; tmdb_movies_20260904T212105Z.json
567604,2,tmdb_movies_20260904T204600Z.json; tmdb_movies_20260904T212105Z.json
567609,2,tmdb_movies_20260904T204600Z.json; tmdb_movies_20260904T212105Z.json
568160,2,tmdb_movies_20260904T204600Z.json; tmdb_movies_20260904T212105Z.json
569547,2,tmdb_movies_20260904T204600Z.json; tmdb_movies_20260904T212105Z.json
571891,2,tmdb_movies_20260904T204600Z.json; tmdb_movies_20260904T212105Z.json
573699,2,tmdb_movies_20260904T204600Z.json; tmdb_movies_20260904T212105Z.json
578189,2,tmdb_movies_20260904T204600Z.json; tmdb_movies_20260904T212105Z.json
581387,2,tmdb_movies_20260904T204600Z.json; tmdb_movies_20260904T212105Z.json
581528,2,tmdb_movies_20260904T204600Z.json; tmdb_movies_20260904T212105Z.json
582913,2,tmdb_movies_20260904T204600Z.json; tmdb_movies_20260904T212105Z.json
586863,2,tmdb_movies_20260904T204600Z.json; tmdb_movies_20260904T212105Z.json
592350,2,tmdb_movies_20260904T204600Z.json; tmdb_movies_20260904T212105Z.json
599975,2,tmdb_movies_20260904T204600Z.json; tmdb_movies_20260904T212105Z.json
605804,2,tmdb_movies_20260904T204600Z.json; tmdb_movies_20260904T212105Z.json
606856,2,tmdb_movies_20260904T204600Z.json; tmdb_movies_20260904T212105Z.json
611914,2,tmdb_movies_20260904T204600Z.json; tmdb_movies_20260904T212105Z.json
615453,2,tmdb_movies_20260904T204600Z.json; tmdb_movies_20260904T212105Z.json
619264,2,tmdb_movies_20260904T204600Z.json; tmdb_movies_20260904T212105Z.json
620249,2,tmdb_movies_20260904T204600Z.json; tmdb_movies_20260904T212105Z.json
620725,2,tmdb_movies_20260904T204600Z.json; tmdb_movies_20260904T212105Z.json
625450,2,tmdb_movies_20260904T204600Z.json; tmdb_movies_20260904T212105Z.json
637920,2,tmdb_movies_20260904T204600Z.json; tmdb_movies_20260904T212105Z.json
638507,2,tmdb_movies_20260904T204600Z.json; tmdb_movies_20260904T212105Z.json
644479,2,tmdb_movies_20260904T204600Z.json; tmdb_movies_20260904T212105Z.json
92321,2,tmdb_movies_20260904T210509Z.json; tmdb_movies_20260904T212105Z.json
116741,2,tmdb_movies_20260904T210509Z.json; tmdb_movies_20260904T212105Z.json
182219,2,tmdb_movies_20260904T210509Z.json; tmdb_movies_20260904T212105Z.json
203819,2,tmdb_movies_20260904T210509Z.json; tmdb_movies_20260904T212105Z.json
213121,2,tmdb_movies_20260904T210509Z.json; tmdb_movies_20260904T212105Z.json
225703,2,tmdb_movies_20260904T210509Z.json; tmdb_movies_20260904T212105Z.json
5492,2,tmdb_movies_20260904T213538Z.json; tmdb_movies_20260904T215351Z.json
38700,2,tmdb_movies_20260904T213538Z.json; tmdb_movies_20260904T215351Z.json
49046,2,tmdb_movies_20260904T213538Z.json; tmdb_movies_20260904T215351Z.json
76600,2,tmdb_movies_20260904T213538Z.json; tmdb_movies_20260904T215351Z.json
245842,2,tmdb_movies_20260904T213538Z.json; tmdb_movies_20260904T215351Z.json
280180,2,tmdb_movies_20260904T213538Z.json; tmdb_movies_20260904T215351Z.json
283566,2,tmdb_movies_20260904T213538Z.json; tmdb_movies_20260904T215351Z.json
294793,2,tmdb_movies_20260904T213538Z.json; tmdb_movies_20260904T215351Z.json
298618,2,tmdb_movies_20260904T213538Z.json; tmdb_movies_20260904T215351Z.json
301502,2,tmdb_movies_20260904T213538Z.json; tmdb_movies_20260904T215351Z.json
315162,2,tmdb_movies_20260904T213538Z.json; tmdb_movies_20260904T215351Z.json
335787,2,tmdb_movies_20260904T213538Z.json; tmdb_movies_20260904T215351Z.json
335977,2,tmdb_movies_20260904T213538Z.json; tmdb_movies_20260904T215351Z.json
337401,2,tmdb_movies_20260904T213538Z.json; tmdb_movies_20260904T215351Z.json
337404,2,tmdb_movies_20260904T213538Z.json; tmdb_movies_20260904T215351Z.json
338762,2,tmdb_movies_20260904T213538Z.json; tmdb_movies_20260904T215351Z.json
338947,2,tmdb_movies_20260904T213538Z.json; tmdb_movies_20260904T215351Z.json
338953,2,tmdb_movies_20260904T213538Z.json; tmdb_movies_20260904T215351Z.json
338958,2,tmdb_movies_20260904T213538Z.json; tmdb_movies_20260904T215351Z.json
340102,2,tmdb_movies_20260904T213538Z.json; tmdb_movies_20260904T215351Z.json
342470,2,tmdb_movies_20260904T213538Z.json; tmdb_movies_20260904T215351Z.json
346698,2,tmdb_movies_20260904T213538Z.json; tmdb_movies_20260904T215351Z.json
347626,2,tmdb_movies_20260904T213538Z.json; tmdb_movies_20260904T215351Z.json
359410,2,tmdb_movies_20260904T213538Z.json; tmdb_movies_20260904T215351Z.json
361743,2,tmdb_movies_20260904T213538Z.json; tmdb_movies_20260904T215351Z.json
365177,2,tmdb_movies_20260904T213538Z.json; tmdb_movies_20260904T215351Z.json
365620,2,tmdb_movies_20260904T213538Z.json; tmdb_movies_20260904T215351Z.json
370172,2,tmdb_movies_20260904T213538Z.json; tmdb_movies_20260904T215351Z.json
379686,2,tmdb_movies_20260904T213538Z.json; tmdb_movies_20260904T215351Z.json
385103,2,tmdb_movies_20260904T213538Z.json; tmdb_movies_20260904T215351Z.json
385128,2,tmdb_movies_20260904T213538Z.json; tmdb_movies_20260904T215351Z.json
385687,2,tmdb_movies_20260904T213538Z.json; tmdb_movies_20260904T215351Z.json
396194,2,tmdb_movies_20260904T213538Z.json; tmdb_movies_20260904T215351Z.json
399566,2,tmdb_movies_20260904T213538Z.json; tmdb_movies_20260904T215351Z.json
400160,2,tmdb_movies_20260904T213538Z.json; tmdb_movies_20260904T215351Z.json
402431,2,tmdb_movies_20260904T213538Z.json; tmdb_movies_20260904T215351Z.json
406759,2,tmdb_movies_20260904T213538Z.json; tmdb_movies_20260904T215351Z.json
412656,2,tmdb_movies_20260904T213538Z.json; tmdb_movies_20260904T215351Z.json
414906,2,tmdb_movies_20260904T213538Z.json; tmdb_movies_20260904T215351Z.json
420808,2,tmdb_movies_20260904T213538Z.json; tmdb_movies_20260904T215351Z.json
420821,2,tmdb_movies_20260904T213538Z.json; tmdb_movies_20260904T215351Z.json
423108,2,tmdb_movies_20260904T213538Z.json; tmdb_movies_20260904T215351Z.json
424277,2,tmdb_movies_20260904T213538Z.json; tmdb_movies_20260904T215351Z.json
425001,2,tmdb_movies_20260904T213538Z.json; tmdb_movies_20260904T215351Z.json
425909,2,tmdb_movies_20260904T213538Z.json; tmdb_movies_20260904T215351Z.json
426063,2,tmdb_movies_20260904T213538Z.json; tmdb_movies_20260904T215351Z.json
429422,2,tmdb_movies_20260904T213538Z.json; tmdb_movies_20260904T215351Z.json
429473,2,tmdb_movies_20260904T213538Z.json; tmdb_movies_20260904T215351Z.json
430155,2,tmdb_movies_20260904T213538Z.json; tmdb_movies_20260904T215351Z.json
435615,2,tmdb_movies_20260904T213538Z.json; tmdb_movies_20260904T215351Z.json
436270,2,tmdb_movies_20260904T213538Z.json; tmdb_movies_20260904T215351Z.json
436969,2,tmdb_movies_20260904T213538Z.json; tmdb_movies_20260904T215351Z.json
437342,2,tmdb_movies_20260904T213538Z.json; tmdb_movies_20260904T215351Z.json
438148,2,tmdb_movies_20260904T213538Z.json; tmdb_movies_20260904T215351Z.json
438631,2,tmdb_movies_20260904T213538Z.json; tmdb_movies_20260904T215351Z.json
438695,2,tmdb_movies_20260904T213538Z.json; tmdb_movies_20260904T215351Z.json
441130,2,tmdb_movies_20260904T213538Z.json; tmdb_movies_20260904T215351Z.json
443791,2,tmdb_movies_20260904T213538Z.json; tmdb_movies_20260904T215351Z.json
446893,2,tmdb_movies_20260904T213538Z.json; tmdb_movies_20260904T215351Z.json
447277,2,tmdb_movies_20260904T213538Z.json; tmdb_movies_20260904T215351Z.json
447362,2,tmdb_movies_20260904T213538Z.json; tmdb_movies_20260904T215351Z.json
447365,2,tmdb_movies_20260904T213538Z.json; tmdb_movies_20260904T215351Z.json
448119,2,tmdb_movies_20260904T213538Z.json; tmdb_movies_20260904T215351Z.json
449406,2,tmdb_movies_20260904T213538Z.json; tmdb_movies_20260904T215351Z.json
449756,2,tmdb_movies_20260904T213538Z.json; tmdb_movies_20260904T215351Z.json
451048,2,tmdb_movies_20260904T213538Z.json; tmdb_movies_20260904T215351Z.json
451184,2,tmdb_movies_20260904T213538Z.json; tmdb_movies_20260904T215351Z.json
453395,2,tmdb_movies_20260904T213538Z.json; tmdb_movies_20260904T215351Z.json
454527,2,tmdb_movies_20260904T213538Z.json; tmdb_movies_20260904T215351Z.json
454626,2,tmdb_movies_20260904T213538Z.json; tmdb_movies_20260904T215351Z.json
455476,2,tmdb_movies_20260904T213538Z.json; tmdb_movies_20260904T215351Z.json
457232,2,tmdb_movies_20260904T213538Z.json; tmdb_movies_20260904T215351Z.json
457332,2,tmdb_movies_20260904T213538Z.json; tmdb_movies_20260904T215351Z.json
457335,2,tmdb_movies_20260904T213538Z.json; tmdb_movies_20260904T215351Z.json
458220,2,tmdb_movies_20260904T213538Z.json; tmdb_movies_20260904T215351Z.json
458576,2,tmdb_movies_20260904T213538Z.json; tmdb_movies_20260904T215351Z.json
459003,2,tmdb_movies_20260904T213538Z.json; tmdb_movies_20260904T215351Z.json
459151,2,tmdb_movies_20260904T213538Z.json; tmdb_movies_20260904T215351Z.json
460458,2,tmdb_movies_20260904T213538Z.json; tmdb_movies_20260904T215351Z.json
460465,2,tmdb_movies_20260904T213538Z.json; tmdb_movies_20260904T215351Z.json
464052,2,tmdb_movies_20260904T213538Z.json; tmdb_movies_20260904T215351Z.json
466420,2,tmdb_movies_20260904T213538Z.json; tmdb_movies_20260904T215351Z.json
467244,2,tmdb_movies_20260904T213538Z.json; tmdb_movies_20260904T215351Z.json
471498,2,tmdb_movies_20260904T213538Z.json; tmdb_movies_20260904T215351Z.json
474764,2,tmdb_movies_20260904T213538Z.json; tmdb_movies_20260904T215351Z.json
475430,2,tmdb_movies_20260904T213538Z.json; tmdb_movies_20260904T215351Z.json
476669,2,tmdb_movies_20260904T213538Z.json; tmdb_movies_20260904T215351Z.json
480857,2,tmdb_movies_20260904T213538Z.json; tmdb_movies_20260904T215351Z.json
481848,2,tmdb_movies_20260904T213538Z.json; tmdb_movies_20260904T215351Z.json
482321,2,tmdb_movies_20260904T213538Z.json; tmdb_movies_20260904T215351Z.json
482373,2,tmdb_movies_20260904T213538Z.json; tmdb_movies_20260904T215351Z.json
484718,2,tmdb_movies_20260904T213538Z.json; tmdb_movies_20260904T215351Z.json
489326,2,tmdb_movies_20260904T213538Z.json; tmdb_movies_20260904T215351Z.json
491926,2,tmdb_movies_20260904T213538Z.json; tmdb_movies_20260904T215351Z.json
492611,2,tmdb_movies_20260904T213538Z.json; tmdb_movies_20260904T215351Z.json
493529,2,tmdb_movies_20260904T213538Z.json; tmdb_movies_20260904T215351Z.json
495764,2,tmdb_movies_20260904T213538Z.json; tmdb_movies_20260904T215351Z.json
496450,2,tmdb_movies_20260904T213538Z.json; tmdb_movies_20260904T215351Z.json
497582,2,tmdb_movies_20260904T213538Z.json; tmdb_movies_20260904T215351Z.json
497698,2,tmdb_movies_20260904T213538Z.json; tmdb_movies_20260904T215351Z.json
497828,2,tmdb_movies_20260904T213538Z.json; tmdb_movies_20260904T215351Z.json
499932,2,tmdb_movies_20260904T213538Z.json; tmdb_movies_20260904T215351Z.json
500840,2,tmdb_movies_20260904T213538Z.json; tmdb_movies_20260904T215351Z.json
501929,2,tmdb_movies_20260904T213538Z.json; tmdb_movies_20260904T215351Z.json
501979,2,tmdb_movies_20260904T213538Z.json; tmdb_movies_20260904T215351Z.json
502033,2,tmdb_movies_20260904T213538Z.json; tmdb_movies_20260904T215351Z.json
502356,2,tmdb_movies_20260904T213538Z.json; tmdb_movies_20260904T215351Z.json
502425,2,tmdb_movies_20260904T213538Z.json; tmdb_movies_20260904T215351Z.json
503736,2,tmdb_movies_20260904T213538Z.json; tmdb_movies_20260904T215351Z.json
504827,2,tmdb_movies_20260904T213538Z.json; tmdb_movies_20260904T215351Z.json
505026,2,tmdb_movies_20260904T213538Z.json; tmdb_movies_20260904T215351Z.json
505225,2,tmdb_movies_20260904T213538Z.json; tmdb_movies_20260904T215351Z.json
505379,2,tmdb_movies_20260904T213538Z.json; tmdb_movies_20260904T215351Z.json
505642,2,tmdb_movies_20260904T213538Z.json; tmdb_movies_20260904T215351Z.json
505707,2,tmdb_movies_20260904T213538Z.json; tmdb_movies_20260904T215351Z.json
506281,2,tmdb_movies_20260904T213538Z.json; tmdb_movies_20260904T215351Z.json
507086,2,tmdb_movies_20260904T213538Z.json; tmdb_movies_20260904T215351Z.json
507089,2,tmdb_movies_20260904T213538Z.json; tmdb_movies_20260904T215351Z.json
507241,2,tmdb_movies_20260904T213538Z.json; tmdb_movies_20260904T215351Z.json
508439,2,tmdb_movies_20260904T213538Z.json; tmdb_movies_20260904T215351Z.json
508442,2,tmdb_movies_20260904T213538Z.json; tmdb_movies_20260904T215351Z.json
508570,2,tmdb_movies_20260904T213538Z.json; tmdb_movies_20260904T215351Z.json
508883,2,tmdb_movies_20260904T213538Z.json; tmdb_movies_20260904T215351Z.json
508943,2,tmdb_movies_20260904T213538Z.json; tmdb_movies_20260904T215351Z.json
508947,2,tmdb_movies_20260904T213538Z.json; tmdb_movies_20260904T215351Z.json
509635,2,tmdb_movies_20260904T213538Z.json; tmdb_movies_20260904T215351Z.json
511809,2,tmdb_movies_20260904T213538Z.json; tmdb_movies_20260904T215351Z.json
512195,2,tmdb_movies_20260904T213538Z.json; tmdb_movies_20260904T215351Z.json
513268,2,tmdb_movies_20260904T213538Z.json; tmdb_movies_20260904T215351Z.json
513310,2,tmdb_movies_20260904T213538Z.json; tmdb_movies_20260904T215351Z.json
514207,2,tmdb_movies_20260904T213538Z.json; tmdb_movies_20260904T215351Z.json
514593,2,tmdb_movies_20260904T213538Z.json; tmdb_movies_20260904T215351Z.json
514847,2,tmdb_movies_20260904T213538Z.json; tmdb_movies_20260904T215351Z.json
516329,2,tmdb_movies_20260904T213538Z.json; tmdb_movies_20260904T215351Z.json
516486,2,tmdb_movies_20260904T213538Z.json; tmdb_movies_20260904T215351Z.json
516632,2,tmdb_movies_20260904T213538Z.json; tmdb_movies_20260904T215351Z.json
516729,2,tmdb_movies_20260904T213538Z.json; tmdb_movies_20260904T215351Z.json
517088,2,tmdb_movies_20260904T213538Z.json; tmdb_movies_20260904T215351Z.json
518896,2,tmdb_movies_20260904T213538Z.json; tmdb_movies_20260904T215351Z.json
519182,2,tmdb_movies_20260904T213538Z.json; tmdb_movies_20260904T215351Z.json
520023,2,tmdb_movies_20260904T213538Z.json; tmdb_movies_20260904T215351Z.json
520172,2,tmdb_movies_20260904T213538Z.json; tmdb_movies_20260904T215351Z.json
520663,2,tmdb_movies_20260904T213538Z.json; tmdb_movies_20260904T215351Z.json
520725,2,tmdb_movies_20260904T213538Z.json; tmdb_movies_20260904T215351Z.json
520758,2,tmdb_movies_20260904T213538Z.json; tmdb_movies_20260904T215351Z.json
520763,2,tmdb_movies_20260904T213538Z.json; tmdb_movies_20260904T215351Z.json
521007,2,tmdb_movies_20260904T213538Z.json; tmdb_movies_20260904T215351Z.json
521034,2,tmdb_movies_20260904T213538Z.json; tmdb_movies_20260904T215351Z.json
522016,2,tmdb_movies_20260904T213538Z.json; tmdb_movies_20260904T215351Z.json
522241,2,tmdb_movies_20260904T213538Z.json; tmdb_movies_20260904T215351Z.json
522402,2,tmdb_movies_20260904T213538Z.json; tmdb_movies_20260904T215351Z.json
522444,2,tmdb_movies_20260904T213538Z.json; tmdb_movies_20260904T215351Z.json
522478,2,tmdb_movies_20260904T213538Z.json; tmdb_movies_20260904T215351Z.json
522627,2,tmdb_movies_20260904T213538Z.json; tmdb_movies_20260904T215351Z.json
522931,2,tmdb_movies_20260904T213538Z.json; tmdb_movies_20260904T215351Z.json
523607,2,tmdb_movies_20260904T213538Z.json; tmdb_movies_20260904T215351Z.json
523781,2,tmdb_movies_20260904T213538Z.json; tmdb_movies_20260904T215351Z.json
524047,2,tmdb_movies_20260904T213538Z.json; tmdb_movies_20260904T215351Z.json
524216,2,tmdb_movies_20260904T213538Z.json; tmdb_movies_20260904T215351Z.json
524369,2,tmdb_movies_20260904T213538Z.json; tmdb_movies_20260904T215351Z.json
524434,2,tmdb_movies_20260904T213538Z.json; tmdb_movies_20260904T215351Z.json
526007,2,tmdb_movies_20260904T213538Z.json; tmdb_movies_20260904T215351Z.json
526019,2,tmdb_movies_20260904T213538Z.json; tmdb_movies_20260904T215351Z.json
526896,2,tmdb_movies_20260904T213538Z.json; tmdb_movies_20260904T215351Z.json
527660,2,tmdb_movies_20260904T213538Z.json; tmdb_movies_20260904T215351Z.json
527774,2,tmdb_movies_20260904T213538Z.json; tmdb_movies_20260904T215351Z.json
528085,2,tmdb_movies_20260904T213538Z.json; tmdb_movies_20260904T215351Z.json
529203,2,tmdb_movies_20260904T213538Z.json; tmdb_movies_20260904T215351Z.json
529485,2,tmdb_movies_20260904T213538Z.json; tmdb_movies_20260904T215351Z.json
531219,2,tmdb_movies_20260904T213538Z.json; tmdb_movies_20260904T215351Z.json
531499,2,tmdb_movies_20260904T213538Z.json; tmdb_movies_20260904T215351Z.json
531876,2,tmdb_movies_20260904T213538Z.json; tmdb_movies_20260904T215351Z.json
532408,2,tmdb_movies_20260904T213538Z.json; tmdb_movies_20260904T215351Z.json
532639,2,tmdb_movies_20260904T213538Z.json; tmdb_movies_20260904T215351Z.json
532710,2,tmdb_movies_20260904T213538Z.json; tmdb_movies_20260904T215351Z.json
532865,2,tmdb_movies_20260904T213538Z.json; tmdb_movies_20260904T215351Z.json
533514,2,tmdb_movies_20260904T213538Z.json; tmdb_movies_20260904T215351Z.json
533535,2,tmdb_movies_20260904T213538Z.json; tmdb_movies_20260904T215351Z.json
536437,2,tmdb_movies_20260904T213538Z.json; tmdb_movies_20260904T215351Z.json
536554,2,tmdb_movies_20260904T213538Z.json; tmdb_movies_20260904T215351Z.json
537116,2,tmdb_movies_20260904T213538Z.json; tmdb_movies_20260904T215351Z.json
539537,2,tmdb_movies_20260904T213538Z.json; tmdb_movies_20260904T215351Z.json
539681,2,tmdb_movies_20260904T213538Z.json; tmdb_movies_20260904T215351Z.json
539885,2,tmdb_movies_20260904T213538Z.json; tmdb_movies_20260904T215351Z.json
539972,2,tmdb_movies_20260904T213538Z.json; tmdb_movies_20260904T215351Z.json
541134,2,tmdb_movies_20260904T213538Z.json; tmdb_movies_20260904T215351Z.json
542178,2,tmdb_movies_20260904T213538Z.json; tmdb_movies_20260904T215351Z.json
542224,2,tmdb_movies_20260904T213538Z.json; tmdb_movies_20260904T215351Z.json
544401,2,tmdb_movies_20260904T213538Z.json; tmdb_movies_20260904T215351Z.json
545237,2,tmdb_movies_20260904T213538Z.json; tmdb_movies_20260904T215351Z.json
545609,2,tmdb_movies_20260904T213538Z.json; tmdb_movies_20260904T215351Z.json
545611,2,tmdb_movies_20260904T213538Z.json; tmdb_movies_20260904T215351Z.json
546121,2,tmdb_movies_20260904T213538Z.json; tmdb_movies_20260904T215351Z.json
547016,2,tmdb_movies_20260904T213538Z.json; tmdb_movies_20260904T215351Z.json
547565,2,tmdb_movies_20260904T213538Z.json; tmdb_movies_20260904T215351Z.json
548473,2,tmdb_movies_20260904T213538Z.json; tmdb_movies_20260904T215351Z.json
549294,2,tmdb_movies_20260904T213538Z.json; tmdb_movies_20260904T215351Z.json
549509,2,tmdb_movies_20260904T213538Z.json; tmdb_movies_20260904T215351Z.json
549514,2,tmdb_movies_20260904T213538Z.json; tmdb_movies_20260904T215351Z.json
550205,2,tmdb_movies_20260904T213538Z.json; tmdb_movies_20260904T215351Z.json
550231,2,tmdb_movies_20260904T213538Z.json; tmdb_movies_20260904T215351Z.json
550988,2,tmdb_movies_20260904T213538Z.json; tmdb_movies_20260904T215351Z.json
551804,2,tmdb_movies_20260904T213538Z.json; tmdb_movies_20260904T215351Z.json
552532,2,tmdb_movies_20260904T213538Z.json; tmdb_movies_20260904T215351Z.json
552688,2,tmdb_movies_20260904T213538Z.json; tmdb_movies_20260904T215351Z.json
553604,2,tmdb_movies_20260904T213538Z.json; tmdb_movies_20260904T215351Z.json
554230,2,tmdb_movies_20260904T213538Z.json; tmdb_movies_20260904T215351Z.json
555285,2,tmdb_movies_20260904T213538Z.json; tmdb_movies_20260904T215351Z.json
555604,2,tmdb_movies_20260904T213538Z.json; tmdb_movies_20260904T215351Z.json
555974,2,tmdb_movies_20260904T213538Z.json; tmdb_movies_20260904T215351Z.json
556678,2,tmdb_movies_20260904T213538Z.json; tmdb_movies_20260904T215351Z.json
556694,2,tmdb_movies_20260904T213538Z.json; tmdb_movies_20260904T215351Z.json
556984,2,tmdb_movies_20260904T213538Z.json; tmdb_movies_20260904T215351Z.json
558449,2,tmdb_movies_20260904T213538Z.json; tmdb_movies_20260904T215351Z.json
558915,2,tmdb_movies_20260904T213538Z.json; tmdb_movies_20260904T215351Z.json
559581,2,tmdb_movies_20260904T213538Z.json; tmdb_movies_20260904T215351Z.json
559907,2,tmdb_movies_20260904T213538Z.json; tmdb_movies_20260904T215351Z.json
560016,2,tmdb_movies_20260904T213538Z.json; tmdb_movies_20260904T215351Z.json
560057,2,tmdb_movies_20260904T213538Z.json; tmdb_movies_20260904T215351Z.json
565028,2,tmdb_movies_20260904T213538Z.json; tmdb_movies_20260904T215351Z.json
565770,2,tmdb_movies_20260904T213538Z.json; tmdb_movies_20260904T215351Z.json
566525,2,tmdb_movies_20260904T213538Z.json; tmdb_movies_20260904T215351Z.json
567189,2,tmdb_movies_20260904T213538Z.json; tmdb_movies_20260904T215351Z.json
567748,2,tmdb_movies_20260904T213538Z.json; tmdb_movies_20260904T215351Z.json
567797,2,tmdb_movies_20260904T213538Z.json; tmdb_movies_20260904T215351Z.json
568124,2,tmdb_movies_20260904T213538Z.json; tmdb_movies_20260904T215351Z.json
568467,2,tmdb_movies_20260904T213538Z.json; tmdb_movies_20260904T215351Z.json
568620,2,tmdb_movies_20260904T213538Z.json; tmdb_movies_20260904T215351Z.json
569094,2,tmdb_movies_20260904T213538Z.json; tmdb_movies_20260904T215351Z.json
570670,2,tmdb_movies_20260904T213538Z.json; tmdb_movies_20260904T215351Z.json
572802,2,tmdb_movies_20260904T213538Z.json; tmdb_movies_20260904T215351Z.json
573435,2,tmdb_movies_20260904T213538Z.json; tmdb_movies_20260904T215351Z.json
574060,2,tmdb_movies_20260904T213538Z.json; tmdb_movies_20260904T215351Z.json
575264,2,tmdb_movies_20260904T213538Z.json; tmdb_movies_20260904T215351Z.json
575322,2,tmdb_movies_20260904T213538Z.json; tmdb_movies_20260904T215351Z.json
575417,2,tmdb_movies_20260904T213538Z.json; tmdb_movies_20260904T215351Z.json
575604,2,tmdb_movies_20260904T213538Z.json; tmdb_movies_20260904T215351Z.json
575774,2,tmdb_movies_20260904T213538Z.json; tmdb_movies_20260904T215351Z.json
575776,2,tmdb_movies_20260904T213538Z.json; tmdb_movies_20260904T215351Z.json
576845,2,tmdb_movies_20260904T213538Z.json; tmdb_movies_20260904T215351Z.json
577922,2,tmdb_movies_20260904T213538Z.json; tmdb_movies_20260904T215351Z.json
578701,2,tmdb_movies_20260904T213538Z.json; tmdb_movies_20260904T215351Z.json
578908,2,tmdb_movies_20260904T213538Z.json; tmdb_movies_20260904T215351Z.json
579047,2,tmdb_movies_20260904T213538Z.json; tmdb_movies_20260904T215351Z.json
579583,2,tmdb_movies_20260904T213538Z.json; tmdb_movies_20260904T215351Z.json
579974,2,tmdb_movies_20260904T213538Z.json; tmdb_movies_20260904T215351Z.json
580175,2,tmdb_movies_20260904T213538Z.json; tmdb_movies_20260904T215351Z.json
580489,2,tmdb_movies_20260904T213538Z.json; tmdb_movies_20260904T215351Z.json
580532,2,tmdb_movies_20260904T213538Z.json; tmdb_movies_20260904T215351Z.json
581032,2,tmdb_movies_20260904T213538Z.json; tmdb_movies_20260904T215351Z.json
581389,2,tmdb_movies_20260904T213538Z.json; tmdb_movies_20260904T215351Z.json
581392,2,tmdb_movies_20260904T213538Z.json; tmdb_movies_20260904T215351Z.json
581600,2,tmdb_movies_20260904T213538Z.json; tmdb_movies_20260904T215351Z.json
581644,2,tmdb_movies_20260904T213538Z.json; tmdb_movies_20260904T215351Z.json
581726,2,tmdb_movies_20260904T213538Z.json; tmdb_movies_20260904T215351Z.json
581734,2,tmdb_movies_20260904T213538Z.json; tmdb_movies_20260904T215351Z.json
581859,2,tmdb_movies_20260904T213538Z.json; tmdb_movies_20260904T215351Z.json
582014,2,tmdb_movies_20260904T213538Z.json; tmdb_movies_20260904T215351Z.json
583083,2,tmdb_movies_20260904T213538Z.json; tmdb_movies_20260904T215351Z.json
583406,2,tmdb_movies_20260904T213538Z.json; tmdb_movies_20260904T215351Z.json
585083,2,tmdb_movies_20260904T213538Z.json; tmdb_movies_20260904T215351Z.json
585216,2,tmdb_movies_20260904T213538Z.json; tmdb_movies_20260904T215351Z.json
585244,2,tmdb_movies_20260904T213538Z.json; tmdb_movies_20260904T215351Z.json
585245,2,tmdb_movies_20260904T213538Z.json; tmdb_movies_20260904T215351Z.json
585378,2,tmdb_movies_20260904T213538Z.json; tmdb_movies_20260904T215351Z.json
585511,2,tmdb_movies_20260904T213538Z.json; tmdb_movies_20260904T215351Z.json
586461,2,tmdb_movies_20260904T213538Z.json; tmdb_movies_20260904T215351Z.json
587496,2,tmdb_movies_20260904T213538Z.json; tmdb_movies_20260904T215351Z.json
587792,2,tmdb_movies_20260904T213538Z.json; tmdb_movies_20260904T215351Z.json
587807,2,tmdb_movies_20260904T213538Z.json; tmdb_movies_20260904T215351Z.json
587996,2,tmdb_movies_20260904T213538Z.json; tmdb_movies_20260904T215351Z.json
588182,2,tmdb_movies_20260904T213538Z.json; tmdb_movies_20260904T215351Z.json
588228,2,tmdb_movies_20260904T213538Z.json; tmdb_movies_20260904T215351Z.json
588921,2,tmdb_movies_20260904T213538Z.json; tmdb_movies_20260904T215351Z.json
589761,2,tmdb_movies_20260904T213538Z.json; tmdb_movies_20260904T215351Z.json
590223,2,tmdb_movies_20260904T213538Z.json; tmdb_movies_20260904T215351Z.json
590995,2,tmdb_movies_20260904T213538Z.json; tmdb_movies_20260904T215351Z.json
591273,2,tmdb_movies_20260904T213538Z.json; tmdb_movies_20260904T215351Z.json
591274,2,tmdb_movies_20260904T213538Z.json; tmdb_movies_20260904T215351Z.json
591538,2,tmdb_movies_20260904T213538Z.json; tmdb_movies_20260904T215351Z.json
592695,2,tmdb_movies_20260904T213538Z.json; tmdb_movies_20260904T215351Z.json
592831,2,tmdb_movies_20260904T213538Z.json; tmdb_movies_20260904T215351Z.json
592834,2,tmdb_movies_20260904T213538Z.json; tmdb_movies_20260904T215351Z.json
592863,2,tmdb_movies_20260904T213538Z.json; tmdb_movies_20260904T215351Z.json
592983,2,tmdb_movies_20260904T213538Z.json; tmdb_movies_20260904T215351Z.json
592984,2,tmdb_movies_20260904T213538Z.json; tmdb_movies_20260904T215351Z.json
593395,2,tmdb_movies_20260904T213538Z.json; tmdb_movies_20260904T215351Z.json
593643,2,tmdb_movies_20260904T213538Z.json; tmdb_movies_20260904T215351Z.json
593910,2,tmdb_movies_20260904T213538Z.json; tmdb_movies_20260904T215351Z.json
594328,2,tmdb_movies_20260904T213538Z.json; tmdb_movies_20260904T215351Z.json
594718,2,tmdb_movies_20260904T213538Z.json; tmdb_movies_20260904T215351Z.json
594767,2,tmdb_movies_20260904T213538Z.json; tmdb_movies_20260904T215351Z.json
595586,2,tmdb_movies_20260904T213538Z.json; tmdb_movies_20260904T215351Z.json
595743,2,tmdb_movies_20260904T213538Z.json; tmdb_movies_20260904T215351Z.json
596161,2,tmdb_movies_20260904T213538Z.json; tmdb_movies_20260904T215351Z.json
597208,2,tmdb_movies_20260904T213538Z.json; tmdb_movies_20260904T215351Z.json
597219,2,tmdb_movies_20260904T213538Z.json; tmdb_movies_20260904T215351Z.json
597890,2,tmdb_movies_20260904T213538Z.json; tmdb_movies_20260904T215351Z.json
597891,2,tmdb_movies_20260904T213538Z.json; tmdb_movies_20260904T215351Z.json
597922,2,tmdb_movies_20260904T213538Z.json; tmdb_movies_20260904T215351Z.json
598331,2,tmdb_movies_20260904T213538Z.json; tmdb_movies_20260904T215351Z.json
600354,2,tmdb_movies_20260904T213538Z.json; tmdb_movies_20260904T215351Z.json
600583,2,tmdb_movies_20260904T213538Z.json; tmdb_movies_20260904T215351Z.json
601666,2,tmdb_movies_20260904T213538Z.json; tmdb_movies_20260904T215351Z.json
601796,2,tmdb_movies_20260904T213538Z.json; tmdb_movies_20260904T215351Z.json
601844,2,tmdb_movies_20260904T213538Z.json; tmdb_movies_20260904T215351Z.json
602063,2,tmdb_movies_20260904T213538Z.json; tmdb_movies_20260904T215351Z.json
602147,2,tmdb_movies_20260904T213538Z.json; tmdb_movies_20260904T215351Z.json
602211,2,tmdb_movies_20260904T213538Z.json; tmdb_movies_20260904T215351Z.json
602223,2,tmdb_movies_20260904T213538Z.json; tmdb_movies_20260904T215351Z.json
602269,2,tmdb_movies_20260904T213538Z.json; tmdb_movies_20260904T215351Z.json
602654,2,tmdb_movies_20260904T213538Z.json; tmdb_movies_20260904T215351Z.json
602734,2,tmdb_movies_20260904T213538Z.json; tmdb_movies_20260904T215351Z.json
603119,2,tmdb_movies_20260904T213538Z.json; tmdb_movies_20260904T215351Z.json
603692,2,tmdb_movies_20260904T213538Z.json; tmdb_movies_20260904T215351Z.json
604822,2,tmdb_movies_20260904T213538Z.json; tmdb_movies_20260904T215351Z.json
605116,2,tmdb_movies_20260904T213538Z.json; tmdb_movies_20260904T215351Z.json
605886,2,tmdb_movies_20260904T213538Z.json; tmdb_movies_20260904T215351Z.json
606234,2,tmdb_movies_20260904T213538Z.json; tmdb_movies_20260904T215351Z.json
606679,2,tmdb_movies_20260904T213538Z.json; tmdb_movies_20260904T215351Z.json
609681,2,tmdb_movies_20260904T213538Z.json; tmdb_movies_20260904T215351Z.json
609972,2,tmdb_movies_20260904T213538Z.json; tmdb_movies_20260904T215351Z.json
610150,2,tmdb_movies_20260904T213538Z.json; tmdb_movies_20260904T215351Z.json
610253,2,tmdb_movies_20260904T213538Z.json; tmdb_movies_20260904T215351Z.json
611213,2,tmdb_movies_20260904T213538Z.json; tmdb_movies_20260904T215351Z.json
613504,2,tmdb_movies_20260904T213538Z.json; tmdb_movies_20260904T215351Z.json
614409,2,tmdb_movies_20260904T213538Z.json; tmdb_movies_20260904T215351Z.json
614479,2,tmdb_movies_20260904T213538Z.json; tmdb_movies_20260904T215351Z.json
614560,2,tmdb_movies_20260904T213538Z.json; tmdb_movies_20260904T215351Z.json
614696,2,tmdb_movies_20260904T213538Z.json; tmdb_movies_20260904T215351Z.json
614911,2,tmdb_movies_20260904T213538Z.json; tmdb_movies_20260904T215351Z.json
614917,2,tmdb_movies_20260904T213538Z.json; tmdb_movies_20260904T215351Z.json
614930,2,tmdb_movies_20260904T213538Z.json; tmdb_movies_20260904T215351Z.json
614933,2,tmdb_movies_20260904T213538Z.json; tmdb_movies_20260904T215351Z.json
614934,2,tmdb_movies_20260904T213538Z.json; tmdb_movies_20260904T215351Z.json
615173,2,tmdb_movies_20260904T213538Z.json; tmdb_movies_20260904T215351Z.json
615457,2,tmdb_movies_20260904T213538Z.json; tmdb_movies_20260904T215351Z.json
615469,2,tmdb_movies_20260904T213538Z.json; tmdb_movies_20260904T215351Z.json
615643,2,tmdb_movies_20260904T213538Z.json; tmdb_movies_20260904T215351Z.json
615656,2,tmdb_movies_20260904T213538Z.json; tmdb_movies_20260904T215351Z.json
615665,2,tmdb_movies_20260904T213538Z.json; tmdb_movies_20260904T215351Z.json
615667,2,tmdb_movies_20260904T213538Z.json; tmdb_movies_20260904T215351Z.json
615677,2,tmdb_movies_20260904T213538Z.json; tmdb_movies_20260904T215351Z.json
615777,2,tmdb_movies_20260904T213538Z.json; tmdb_movies_20260904T215351Z.json
615904,2,tmdb_movies_20260904T213538Z.json; tmdb_movies_20260904T215351Z.json
616037,2,tmdb_movies_20260904T213538Z.json; tmdb_movies_20260904T215351Z.json
616651,2,tmdb_movies_20260904T213538Z.json; tmdb_movies_20260904T215351Z.json
616747,2,tmdb_movies_20260904T213538Z.json; tmdb_movies_20260904T215351Z.json
616820,2,tmdb_movies_20260904T213538Z.json; tmdb_movies_20260904T215351Z.json
617502,2,tmdb_movies_20260904T213538Z.json; tmdb_movies_20260904T215351Z.json
617505,2,tmdb_movies_20260904T213538Z.json; tmdb_movies_20260904T215351Z.json
617653,2,tmdb_movies_20260904T213538Z.json; tmdb_movies_20260904T215351Z.json
618162,2,tmdb_movies_20260904T213538Z.json; tmdb_movies_20260904T215351Z.json
618344,2,tmdb_movies_20260904T213538Z.json; tmdb_movies_20260904T215351Z.json
618353,2,tmdb_movies_20260904T213538Z.json; tmdb_movies_20260904T215351Z.json
618588,2,tmdb_movies_20260904T213538Z.json; tmdb_movies_20260904T215351Z.json
619297,2,tmdb_movies_20260904T213538Z.json; tmdb_movies_20260904T215351Z.json
619592,2,tmdb_movies_20260904T213538Z.json; tmdb_movies_20260904T215351Z.json
619730,2,tmdb_movies_20260904T213538Z.json; tmdb_movies_20260904T215351Z.json
619778,2,tmdb_movies_20260904T213538Z.json; tmdb_movies_20260904T215351Z.json
619803,2,tmdb_movies_20260904T213538Z.json; tmdb_movies_20260904T215351Z.json
619979,2,tmdb_movies_20260904T213538Z.json; tmdb_movies_20260904T215351Z.json
621151,2,tmdb_movies_20260904T213538Z.json; tmdb_movies_20260904T215351Z.json
621587,2,tmdb_movies_20260904T213538Z.json; tmdb_movies_20260904T215351Z.json
621707,2,tmdb_movies_20260904T213538Z.json; tmdb_movies_20260904T215351Z.json
623491,2,tmdb_movies_20260904T213538Z.json; tmdb_movies_20260904T215351Z.json
624860,2,tmdb_movies_20260904T213538Z.json; tmdb_movies_20260904T215351Z.json
625568,2,tmdb_movies_20260904T213538Z.json; tmdb_movies_20260904T215351Z.json
626735,2,tmdb_movies_20260904T213538Z.json; tmdb_movies_20260904T215351Z.json
626872,2,tmdb_movies_20260904T213538Z.json; tmdb_movies_20260904T215351Z.json
627290,2,tmdb_movies_20260904T213538Z.json; tmdb_movies_20260904T215351Z.json
627725,2,tmdb_movies_20260904T213538Z.json; tmdb_movies_20260904T215351Z.json
628900,2,tmdb_movies_20260904T213538Z.json; tmdb_movies_20260904T215351Z.json
628914,2,tmdb_movies_20260904T213538Z.json; tmdb_movies_20260904T215351Z.json
629176,2,tmdb_movies_20260904T213538Z.json; tmdb_movies_20260904T215351Z.json
629542,2,tmdb_movies_20260904T213538Z.json; tmdb_movies_20260904T215351Z.json
630004,2,tmdb_movies_20260904T213538Z.json; tmdb_movies_20260904T215351Z.json
630240,2,tmdb_movies_20260904T213538Z.json; tmdb_movies_20260904T215351Z.json
630586,2,tmdb_movies_20260904T213538Z.json; tmdb_movies_20260904T215351Z.json
631842,2,tmdb_movies_20260904T213538Z.json; tmdb_movies_20260904T215351Z.json
631843,2,tmdb_movies_20260904T213538Z.json; tmdb_movies_20260904T215351Z.json
632357,2,tmdb_movies_20260904T213538Z.json; tmdb_movies_20260904T215351Z.json
632617,2,tmdb_movies_20260904T213538Z.json; tmdb_movies_20260904T215351Z.json
632727,2,tmdb_movies_20260904T213538Z.json; tmdb_movies_20260904T215351Z.json
632856,2,tmdb_movies_20260904T213538Z.json; tmdb_movies_20260904T215351Z.json
633515,2,tmdb_movies_20260904T213538Z.json; tmdb_movies_20260904T215351Z.json
634492,2,tmdb_movies_20260904T213538Z.json; tmdb_movies_20260904T215351Z.json
634528,2,tmdb_movies_20260904T213538Z.json; tmdb_movies_20260904T215351Z.json
634544,2,tmdb_movies_20260904T213538Z.json; tmdb_movies_20260904T215351Z.json
634649,2,tmdb_movies_20260904T213538Z.json; tmdb_movies_20260904T215351Z.json
635302,2,tmdb_movies_20260904T213538Z.json; tmdb_movies_20260904T215351Z.json
635731,2,tmdb_movies_20260904T213538Z.json; tmdb_movies_20260904T215351Z.json
635910,2,tmdb_movies_20260904T213538Z.json; tmdb_movies_20260904T215351Z.json
636706,2,tmdb_movies_20260904T213538Z.json; tmdb_movies_20260904T215351Z.json
637649,2,tmdb_movies_20260904T213538Z.json; tmdb_movies_20260904T215351Z.json
637693,2,tmdb_movies_20260904T213538Z.json; tmdb_movies_20260904T215351Z.json
638449,2,tmdb_movies_20260904T213538Z.json; tmdb_movies_20260904T215351Z.json
638597,2,tmdb_movies_20260904T213538Z.json; tmdb_movies_20260904T215351Z.json
638974,2,tmdb_movies_20260904T213538Z.json; tmdb_movies_20260904T215351Z.json
639720,2,tmdb_movies_20260904T213538Z.json; tmdb_movies_20260904T215351Z.json
639721,2,tmdb_movies_20260904T213538Z.json; tmdb_movies_20260904T215351Z.json
639933,2,tmdb_movies_20260904T213538Z.json; tmdb_movies_20260904T215351Z.json
640146,2,tmdb_movies_20260904T213538Z.json; tmdb_movies_20260904T215351Z.json
641662,2,tmdb_movies_20260904T213538Z.json; tmdb_movies_20260904T215351Z.json
642885,2,tmdb_movies_20260904T213538Z.json; tmdb_movies_20260904T215351Z.json
643215,2,tmdb_movies_20260904T213538Z.json; tmdb_movies_20260904T215351Z.json
643532,2,tmdb_movies_20260904T213538Z.json; tmdb_movies_20260904T215351Z.json
643550,2,tmdb_movies_20260904T213538Z.json; tmdb_movies_20260904T215351Z.json
643586,2,tmdb_movies_20260904T213538Z.json; tmdb_movies_20260904T215351Z.json
644495,2,tmdb_movies_20260904T213538Z.json; tmdb_movies_20260904T215351Z.json
644583,2,tmdb_movies_20260904T213538Z.json; tmdb_movies_20260904T215351Z.json
645710,2,tmdb_movies_20260904T213538Z.json; tmdb_movies_20260904T215351Z.json
645757,2,tmdb_movies_20260904T213538Z.json; tmdb_movies_20260904T215351Z.json
645788,2,tmdb_movies_20260904T213538Z.json; tmdb_movies_20260904T215351Z.json
645886,2,tmdb_movies_20260904T213538Z.json; tmdb_movies_20260904T215351Z.json
646097,2,tmdb_movies_20260904T213538Z.json; tmdb_movies_20260904T215351Z.json
646207,2,tmdb_movies_20260904T213538Z.json; tmdb_movies_20260904T215351Z.json
646380,2,tmdb_movies_20260904T213538Z.json; tmdb_movies_20260904T215351Z.json
646385,2,tmdb_movies_20260904T213538Z.json; tmdb_movies_20260904T215351Z.json
646389,2,tmdb_movies_20260904T213538Z.json; tmdb_movies_20260904T215351Z.json
646683,2,tmdb_movies_20260904T213538Z.json; tmdb_movies_20260904T215351Z.json
648579,2,tmdb_movies_20260904T213538Z.json; tmdb_movies_20260904T215351Z.json
649409,2,tmdb_movies_20260904T213538Z.json; tmdb_movies_20260904T215351Z.json
649609,2,tmdb_movies_20260904T213538Z.json; tmdb_movies_20260904T215351Z.json
650783,2,tmdb_movies_20260904T213538Z.json; tmdb_movies_20260904T215351Z.json
651571,2,tmdb_movies_20260904T213538Z.json; tmdb_movies_20260904T215351Z.json
652837,2,tmdb_movies_20260904T213538Z.json; tmdb_movies_20260904T215351Z.json
653346,2,tmdb_movies_20260904T213538Z.json; tmdb_movies_20260904T215351Z.json
653349,2,tmdb_movies_20260904T213538Z.json; tmdb_movies_20260904T215351Z.json
653598,2,tmdb_movies_20260904T213538Z.json; tmdb_movies_20260904T215351Z.json
653851,2,tmdb_movies_20260904T213538Z.json; tmdb_movies_20260904T215351Z.json
654974,2,tmdb_movies_20260904T213538Z.json; tmdb_movies_20260904T215351Z.json
656663,2,tmdb_movies_20260904T213538Z.json; tmdb_movies_20260904T215351Z.json
656690,2,tmdb_movies_20260904T213538Z.json; tmdb_movies_20260904T215351Z.json
659959,2,tmdb_movies_20260904T213538Z.json; tmdb_movies_20260904T215351Z.json
660000,2,tmdb_movies_20260904T213538Z.json; tmdb_movies_20260904T215351Z.json
660120,2,tmdb_movies_20260904T213538Z.json; tmdb_movies_20260904T215351Z.json
660942,2,tmdb_movies_20260904T213538Z.json; tmdb_movies_20260904T215351Z.json
660982,2,tmdb_movies_20260904T213538Z.json; tmdb_movies_20260904T215351Z.json
661231,2,tmdb_movies_20260904T213538Z.json; tmdb_movies_20260904T215351Z.json
661374,2,tmdb_movies_20260904T213538Z.json; tmdb_movies_20260904T215351Z.json
661539,2,tmdb_movies_20260904T213538Z.json; tmdb_movies_20260904T215351Z.json
662546,2,tmdb_movies_20260904T213538Z.json; tmdb_movies_20260904T215351Z.json
663260,2,tmdb_movies_20260904T213538Z.json; tmdb_movies_20260904T215351Z.json
663558,2,tmdb_movies_20260904T213538Z.json; tmdb_movies_20260904T215351Z.json
663712,2,tmdb_movies_20260904T213538Z.json; tmdb_movies_20260904T215351Z.json
663870,2,tmdb_movies_20260904T213538Z.json; tmdb_movies_20260904T215351Z.json
664280,2,tmdb_movies_20260904T213538Z.json; tmdb_movies_20260904T215351Z.json
664300,2,tmdb_movies_20260904T213538Z.json; tmdb_movies_20260904T215351Z.json
664413,2,tmdb_movies_20260904T213538Z.json; tmdb_movies_20260904T215351Z.json
664469,2,tmdb_movies_20260904T213538Z.json; tmdb_movies_20260904T215351Z.json
664767,2,tmdb_movies_20260904T213538Z.json; tmdb_movies_20260904T215351Z.json
666277,2,tmdb_movies_20260904T213538Z.json; tmdb_movies_20260904T215351Z.json
667216,2,tmdb_movies_20260904T213538Z.json; tmdb_movies_20260904T215351Z.json
667520,2,tmdb_movies_20260904T213538Z.json; tmdb_movies_20260904T215351Z.json
667538,2,tmdb_movies_20260904T213538Z.json; tmdb_movies_20260904T215351Z.json
667739,2,tmdb_movies_20260904T213538Z.json; tmdb_movies_20260904T215351Z.json
668461,2,tmdb_movies_20260904T213538Z.json; tmdb_movies_20260904T215351Z.json
668482,2,tmdb_movies_20260904T213538Z.json; tmdb_movies_20260904T215351Z.json
668640,2,tmdb_movies_20260904T213538Z.json; tmdb_movies_20260904T215351Z.json
669671,2,tmdb_movies_20260904T213538Z.json; tmdb_movies_20260904T215351Z.json
670292,2,tmdb_movies_20260904T213538Z.json; tmdb_movies_20260904T215351Z.json
671039,2,tmdb_movies_20260904T213538Z.json; tmdb_movies_20260904T215351Z.json
671043,2,tmdb_movies_20260904T213538Z.json; tmdb_movies_20260904T215351Z.json
672322,2,tmdb_movies_20260904T213538Z.json; tmdb_movies_20260904T215351Z.json
672582,2,tmdb_movies_20260904T213538Z.json; tmdb_movies_20260904T215351Z.json
672741,2,tmdb_movies_20260904T213538Z.json; tmdb_movies_20260904T215351Z.json
673309,2,tmdb_movies_20260904T213538Z.json; tmdb_movies_20260904T215351Z.json
673593,2,tmdb_movies_20260904T213538Z.json; tmdb_movies_20260904T215351Z.json
674324,2,tmdb_movies_20260904T213538Z.json; tmdb_movies_20260904T215351Z.json
675327,2,tmdb_movies_20260904T213538Z.json; tmdb_movies_20260904T215351Z.json
675353,2,tmdb_movies_20260904T213538Z.json; tmdb_movies_20260904T215351Z.json
675445,2,tmdb_movies_20260904T213538Z.json; tmdb_movies_20260904T215351Z.json
676547,2,tmdb_movies_20260904T213538Z.json; tmdb_movies_20260904T215351Z.json
677179,2,tmdb_movies_20260904T213538Z.json; tmdb_movies_20260904T215351Z.json
677638,2,tmdb_movies_20260904T213538Z.json; tmdb_movies_20260904T215351Z.json
678512,2,tmdb_movies_20260904T213538Z.json; tmdb_movies_20260904T215351Z.json
680593,2,tmdb_movies_20260904T213538Z.json; tmdb_movies_20260904T215351Z.json
681887,2,tmdb_movies_20260904T213538Z.json; tmdb_movies_20260904T215351Z.json
682110,2,tmdb_movies_20260904T213538Z.json; tmdb_movies_20260904T215351Z.json
682507,2,tmdb_movies_20260904T213538Z.json; tmdb_movies_20260904T215351Z.json
683340,2,tmdb_movies_20260904T213538Z.json; tmdb_movies_20260904T215351Z.json
691179,2,tmdb_movies_20260904T213538Z.json; tmdb_movies_20260904T215351Z.json
693113,2,tmdb_movies_20260904T213538Z.json; tmdb_movies_20260904T215351Z.json
693134,2,tmdb_movies_20260904T213538Z.json; tmdb_movies_20260904T215351Z.json
695721,2,tmdb_movies_20260904T213538Z.json; tmdb_movies_20260904T215351Z.json
696806,2,tmdb_movies_20260904T213538Z.json; tmdb_movies_20260904T215351Z.json
697843,2,tmdb_movies_20260904T213538Z.json; tmdb_movies_20260904T215351Z.json
698128,2,tmdb_movies_20260904T213538Z.json; tmdb_movies_20260904T215351Z.json
698508,2,tmdb_movies_20260904T213538Z.json; tmdb_movies_20260904T215351Z.json
698687,2,tmdb_movies_20260904T213538Z.json; tmdb_movies_20260904T215351Z.json
698948,2,tmdb_movies_20260904T213538Z.json; tmdb_movies_20260904T215351Z.json
700391,2,tmdb_movies_20260904T213538Z.json; tmdb_movies_20260904T215351Z.json
704239,2,tmdb_movies_20260904T213538Z.json; tmdb_movies_20260904T215351Z.json
704673,2,tmdb_movies_20260904T213538Z.json; tmdb_movies_20260904T215351Z.json
705861,2,tmdb_movies_20260904T213538Z.json; tmdb_movies_20260904T215351Z.json
705996,2,tmdb_movies_20260904T213538Z.json; tmdb_movies_20260904T215351Z.json
706503,2,tmdb_movies_20260904T213538Z.json; tmdb_movies_20260904T215351Z.json
710356,2,tmdb_movies_20260904T213538Z.json; tmdb_movies_20260904T215351Z.json
713704,2,tmdb_movies_20260904T213538Z.json; tmdb_movies_20260904T215351Z.json
715123,2,tmdb_movies_20260904T213538Z.json; tmdb_movies_20260904T215351Z.json
715931,2,tmdb_movies_20260904T213538Z.json; tmdb_movies_20260904T215351Z.json
716612,2,tmdb_movies_20260904T213538Z.json; tmdb_movies_20260904T215351Z.json
717728,2,tmdb_movies_20260904T213538Z.json; tmdb_movies_20260904T215351Z.json
717930,2,tmdb_movies_20260904T213538Z.json; tmdb_movies_20260904T215351Z.json
717980,2,tmdb_movies_20260904T213538Z.json; tmdb_movies_20260904T215351Z.json
718032,2,tmdb_movies_20260904T213538Z.json; tmdb_movies_20260904T215351Z.json
718400,2,tmdb_movies_20260904T213538Z.json; tmdb_movies_20260904T215351Z.json
718444,2,tmdb_movies_20260904T213538Z.json; tmdb_movies_20260904T215351Z.json
718789,2,tmdb_movies_20260904T213538Z.json; tmdb_movies_20260904T215351Z.json
718821,2,tmdb_movies_20260904T213538Z.json; tmdb_movies_20260904T215351Z.json
718930,2,tmdb_movies_20260904T213538Z.json; tmdb_movies_20260904T215351Z.json
719221,2,tmdb_movies_20260904T213538Z.json; tmdb_movies_20260904T215351Z.json
721625,2,tmdb_movies_20260904T213538Z.json; tmdb_movies_20260904T215351Z.json
722149,2,tmdb_movies_20260904T213538Z.json; tmdb_movies_20260904T215351Z.json
723072,2,tmdb_movies_20260904T213538Z.json; tmdb_movies_20260904T215351Z.json
723419,2,tmdb_movies_20260904T213538Z.json; tmdb_movies_20260904T215351Z.json
724209,2,tmdb_movies_20260904T213538Z.json; tmdb_movies_20260904T215351Z.json
724495,2,tmdb_movies_20260904T213538Z.json; tmdb_movies_20260904T215351Z.json
724665,2,tmdb_movies_20260904T213538Z.json; tmdb_movies_20260904T215351Z.json
725201,2,tmdb_movies_20260904T213538Z.json; tmdb_movies_20260904T215351Z.json
726209,2,tmdb_movies_20260904T213538Z.json; tmdb_movies_20260904T215351Z.json
726684,2,tmdb_movies_20260904T213538Z.json; tmdb_movies_20260904T215351Z.json
726759,2,tmdb_movies_20260904T213538Z.json; tmdb_movies_20260904T215351Z.json
727293,2,tmdb_movies_20260904T213538Z.json; tmdb_movies_20260904T215351Z.json
728949,2,tmdb_movies_20260904T213538Z.json; tmdb_movies_20260904T215351Z.json
736073,2,tmdb_movies_20260904T213538Z.json; tmdb_movies_20260904T215351Z.json
736526,2,tmdb_movies_20260904T213538Z.json; tmdb_movies_20260904T215351Z.json
736732,2,tmdb_movies_20260904T213538Z.json; tmdb_movies_20260904T215351Z.json
736769,2,tmdb_movies_20260904T213538Z.json; tmdb_movies_20260904T215351Z.json
737568,2,tmdb_movies_20260904T213538Z.json; tmdb_movies_20260904T215351Z.json
738646,2,tmdb_movies_20260904T213538Z.json; tmdb_movies_20260904T215351Z.json
738652,2,tmdb_movies_20260904T213538Z.json; tmdb_movies_20260904T215351Z.json
740925,2,tmdb_movies_20260904T213538Z.json; tmdb_movies_20260904T215351Z.json
740985,2,tmdb_movies_20260904T213538Z.json; tmdb_movies_20260904T215351Z.json
741074,2,tmdb_movies_20260904T213538Z.json; tmdb_movies_20260904T215351Z.json
744275,2,tmdb_movies_20260904T213538Z.json; tmdb_movies_20260904T215351Z.json
744276,2,tmdb_movies_20260904T213538Z.json; tmdb_movies_20260904T215351Z.json
744857,2,tmdb_movies_20260904T213538Z.json; tmdb_movies_20260904T215351Z.json
745881,2,tmdb_movies_20260904T213538Z.json; tmdb_movies_20260904T215351Z.json
746036,2,tmdb_movies_20260904T213538Z.json; tmdb_movies_20260904T215351Z.json
746131,2,tmdb_movies_20260904T213538Z.json; tmdb_movies_20260904T215351Z.json
747188,2,tmdb_movies_20260904T213538Z.json; tmdb_movies_20260904T215351Z.json
748167,2,tmdb_movies_20260904T213538Z.json; tmdb_movies_20260904T215351Z.json
748230,2,tmdb_movies_20260904T213538Z.json; tmdb_movies_20260904T215351Z.json
748783,2,tmdb_movies_20260904T213538Z.json; tmdb_movies_20260904T215351Z.json
752623,2,tmdb_movies_20260904T213538Z.json; tmdb_movies_20260904T215351Z.json
753342,2,tmdb_movies_20260904T213538Z.json; tmdb_movies_20260904T215351Z.json
754609,2,tmdb_movies_20260904T213538Z.json; tmdb_movies_20260904T215351Z.json
755566,2,tmdb_movies_20260904T213538Z.json; tmdb_movies_20260904T215351Z.json
755812,2,tmdb_movies_20260904T213538Z.json; tmdb_movies_20260904T215351Z.json
756999,2,tmdb_movies_20260904T213538Z.json; tmdb_movies_20260904T215351Z.json
758009,2,tmdb_movies_20260904T213538Z.json; tmdb_movies_20260904T215351Z.json
758323,2,tmdb_movies_20260904T213538Z.json; tmdb_movies_20260904T215351Z.json
758330,2,tmdb_movies_20260904T213538Z.json; tmdb_movies_20260904T215351Z.json
758336,2,tmdb_movies_20260904T213538Z.json; tmdb_movies_20260904T215351Z.json
758679,2,tmdb_movies_20260904T213538Z.json; tmdb_movies_20260904T215351Z.json
758866,2,tmdb_movies_20260904T213538Z.json; tmdb_movies_20260904T215351Z.json
759175,2,tmdb_movies_20260904T213538Z.json; tmdb_movies_20260904T215351Z.json
759902,2,tmdb_movies_20260904T213538Z.json; tmdb_movies_20260904T215351Z.json
760104,2,tmdb_movies_20260904T213538Z.json; tmdb_movies_20260904T215351Z.json
760161,2,tmdb_movies_20260904T213538Z.json; tmdb_movies_20260904T215351Z.json
760336,2,tmdb_movies_20260904T213538Z.json; tmdb_movies_20260904T215351Z.json
760741,2,tmdb_movies_20260904T213538Z.json; tmdb_movies_20260904T215351Z.json
760868,2,tmdb_movies_20260904T213538Z.json; tmdb_movies_20260904T215351Z.json
760883,2,tmdb_movies_20260904T213538Z.json; tmdb_movies_20260904T215351Z.json
761053,2,tmdb_movies_20260904T213538Z.json; tmdb_movies_20260904T215351Z.json
762441,2,tmdb_movies_20260904T213538Z.json; tmdb_movies_20260904T215351Z.json
762504,2,tmdb_movies_20260904T213538Z.json; tmdb_movies_20260904T215351Z.json
762509,2,tmdb_movies_20260904T213538Z.json; tmdb_movies_20260904T215351Z.json
762968,2,tmdb_movies_20260904T213538Z.json; tmdb_movies_20260904T215351Z.json
762975,2,tmdb_movies_20260904T213538Z.json; tmdb_movies_20260904T215351Z.json
763164,2,tmdb_movies_20260904T213538Z.json; tmdb_movies_20260904T215351Z.json
763215,2,tmdb_movies_20260904T213538Z.json; tmdb_movies_20260904T215351Z.json
763285,2,tmdb_movies_20260904T213538Z.json; tmdb_movies_20260904T215351Z.json
763329,2,tmdb_movies_20260904T213538Z.json; tmdb_movies_20260904T215351Z.json
765119,2,tmdb_movies_20260904T213538Z.json; tmdb_movies_20260904T215351Z.json
765245,2,tmdb_movies_20260904T213538Z.json; tmdb_movies_20260904T215351Z.json
766475,2,tmdb_movies_20260904T213538Z.json; tmdb_movies_20260904T215351Z.json
766507,2,tmdb_movies_20260904T213538Z.json; tmdb_movies_20260904T215351Z.json
766798,2,tmdb_movies_20260904T213538Z.json; tmdb_movies_20260904T215351Z.json
768334,2,tmdb_movies_20260904T213538Z.json; tmdb_movies_20260904T215351Z.json
768362,2,tmdb_movies_20260904T213538Z.json; tmdb_movies_20260904T215351Z.json
768744,2,tmdb_movies_20260904T213538Z.json; tmdb_movies_20260904T215351Z.json
770156,2,tmdb_movies_20260904T213538Z.json; tmdb_movies_20260904T215351Z.json
773655,2,tmdb_movies_20260904T213538Z.json; tmdb_movies_20260904T215351Z.json
774531,2,tmdb_movies_20260904T213538Z.json; tmdb_movies_20260904T215351Z.json
774741,2,tmdb_movies_20260904T213538Z.json; tmdb_movies_20260904T215351Z.json
774752,2,tmdb_movies_20260904T213538Z.json; tmdb_movies_20260904T215351Z.json
774825,2,tmdb_movies_20260904T213538Z.json; tmdb_movies_20260904T215351Z.json
775996,2,tmdb_movies_20260904T213538Z.json; tmdb_movies_20260904T215351Z.json
776305,2,tmdb_movies_20260904T213538Z.json; tmdb_movies_20260904T215351Z.json
776503,2,tmdb_movies_20260904T213538Z.json; tmdb_movies_20260904T215351Z.json
776797,2,tmdb_movies_20260904T213538Z.json; tmdb_movies_20260904T215351Z.json
777245,2,tmdb_movies_20260904T213538Z.json; tmdb_movies_20260904T215351Z.json
777270,2,tmdb_movies_20260904T213538Z.json; tmdb_movies_20260904T215351Z.json
778106,2,tmdb_movies_20260904T213538Z.json; tmdb_movies_20260904T215351Z.json
779782,2,tmdb_movies_20260904T213538Z.json; tmdb_movies_20260904T215351Z.json
780609,2,tmdb_movies_20260904T213538Z.json; tmdb_movies_20260904T215351Z.json
783675,2,tmdb_movies_20260904T213538Z.json; tmdb_movies_20260904T215351Z.json
785084,2,tmdb_movies_20260904T213538Z.json; tmdb_movies_20260904T215351Z.json
785398,2,tmdb_movies_20260904T213538Z.json; tmdb_movies_20260904T215351Z.json
785542,2,tmdb_movies_20260904T213538Z.json; tmdb_movies_20260904T215351Z.json
785663,2,tmdb_movies_20260904T213538Z.json; tmdb_movies_20260904T215351Z.json
786892,2,tmdb_movies_20260904T213538Z.json; tmdb_movies_20260904T215351Z.json
787699,2,tmdb_movies_20260904T213538Z.json; tmdb_movies_20260904T215351Z.json
787752,2,tmdb_movies_20260904T213538Z.json; tmdb_movies_20260904T215351Z.json
787781,2,tmdb_movies_20260904T213538Z.json; tmdb_movies_20260904T215351Z.json
788929,2,tmdb_movies_20260904T213538Z.json; tmdb_movies_20260904T215351Z.json
791155,2,tmdb_movies_20260904T213538Z.json; tmdb_movies_20260904T215351Z.json
791177,2,tmdb_movies_20260904T213538Z.json; tmdb_movies_20260904T215351Z.json
791373,2,tmdb_movies_20260904T213538Z.json; tmdb_movies_20260904T215351Z.json
792293,2,tmdb_movies_20260904T213538Z.json; tmdb_movies_20260904T215351Z.json
792307,2,tmdb_movies_20260904T213538Z.json; tmdb_movies_20260904T215351Z.json
795514,2,tmdb_movies_20260904T213538Z.json; tmdb_movies_20260904T215351Z.json
796499,2,tmdb_movies_20260904T213538Z.json; tmdb_movies_20260904T215351Z.json
798021,2,tmdb_movies_20260904T213538Z.json; tmdb_movies_20260904T215351Z.json
798286,2,tmdb_movies_20260904T213538Z.json; tmdb_movies_20260904T215351Z.json
798362,2,tmdb_movies_20260904T213538Z.json; tmdb_movies_20260904T215351Z.json
799379,2,tmdb_movies_20260904T213538Z.json; tmdb_movies_20260904T215351Z.json
799546,2,tmdb_movies_20260904T213538Z.json; tmdb_movies_20260904T215351Z.json
799583,2,tmdb_movies_20260904T213538Z.json; tmdb_movies_20260904T215351Z.json
799766,2,tmdb_movies_20260904T213538Z.json; tmdb_movies_20260904T215351Z.json
799876,2,tmdb_movies_20260904T213538Z.json; tmdb_movies_20260904T215351Z.json
800158,2,tmdb_movies_20260904T213538Z.json; tmdb_movies_20260904T215351Z.json
800345,2,tmdb_movies_20260904T213538Z.json; tmdb_movies_20260904T215351Z.json
800497,2,tmdb_movies_20260904T213538Z.json; tmdb_movies_20260904T215351Z.json
800815,2,tmdb_movies_20260904T213538Z.json; tmdb_movies_20260904T215351Z.json
800937,2,tmdb_movies_20260904T213538Z.json; tmdb_movies_20260904T215351Z.json
800939,2,tmdb_movies_20260904T213538Z.json; tmdb_movies_20260904T215351Z.json
801335,2,tmdb_movies_20260904T213538Z.json; tmdb_movies_20260904T215351Z.json
802217,2,tmdb_movies_20260904T213538Z.json; tmdb_movies_20260904T215351Z.json
802219,2,tmdb_movies_20260904T213538Z.json; tmdb_movies_20260904T215351Z.json
804095,2,tmdb_movies_20260904T213538Z.json; tmdb_movies_20260904T215351Z.json
804150,2,tmdb_movies_20260904T213538Z.json; tmdb_movies_20260904T215351Z.json
806368,2,tmdb_movies_20260904T213538Z.json; tmdb_movies_20260904T215351Z.json
807172,2,tmdb_movies_20260904T213538Z.json; tmdb_movies_20260904T215351Z.json
807196,2,tmdb_movies_20260904T213538Z.json; tmdb_movies_20260904T215351Z.json
808023,2,tmdb_movies_20260904T213538Z.json; tmdb_movies_20260904T215351Z.json
809107,2,tmdb_movies_20260904T213538Z.json; tmdb_movies_20260904T215351Z.json
809140,2,tmdb_movies_20260904T213538Z.json; tmdb_movies_20260904T215351Z.json
810693,2,tmdb_movies_20260904T213538Z.json; tmdb_movies_20260904T215351Z.json
811592,2,tmdb_movies_20260904T213538Z.json; tmdb_movies_20260904T215351Z.json
814338,2,tmdb_movies_20260904T213538Z.json; tmdb_movies_20260904T215351Z.json
814340,2,tmdb_movies_20260904T213538Z.json; tmdb_movies_20260904T215351Z.json
814757,2,tmdb_movies_20260904T213538Z.json; tmdb_movies_20260904T215351Z.json
814889,2,tmdb_movies_20260904T213538Z.json; tmdb_movies_20260904T215351Z.json
816904,2,tmdb_movies_20260904T213538Z.json; tmdb_movies_20260904T215351Z.json
817758,2,tmdb_movies_20260904T213538Z.json; tmdb_movies_20260904T215351Z.json
818397,2,tmdb_movies_20260904T213538Z.json; tmdb_movies_20260904T215351Z.json
818647,2,tmdb_movies_20260904T213538Z.json; tmdb_movies_20260904T215351Z.json
819876,2,tmdb_movies_20260904T213538Z.json; tmdb_movies_20260904T215351Z.json
820067,2,tmdb_movies_20260904T213538Z.json; tmdb_movies_20260904T215351Z.json
820446,2,tmdb_movies_20260904T213538Z.json; tmdb_movies_20260904T215351Z.json
820525,2,tmdb_movies_20260904T213538Z.json; tmdb_movies_20260904T215351Z.json
820609,2,tmdb_movies_20260904T213538Z.json; tmdb_movies_20260904T215351Z.json
821881,2,tmdb_movies_20260904T213538Z.json; tmdb_movies_20260904T215351Z.json
823219,2,tmdb_movies_20260904T213538Z.json; tmdb_movies_20260904T215351Z.json
823452,2,tmdb_movies_20260904T213538Z.json; tmdb_movies_20260904T215351Z.json
823464,2,tmdb_movies_20260904T213538Z.json; tmdb_movies_20260904T215351Z.json
823482,2,tmdb_movies_20260904T213538Z.json; tmdb_movies_20260904T215351Z.json
823625,2,tmdb_movies_20260904T213538Z.json; tmdb_movies_20260904T215351Z.json
823766,2,tmdb_movies_20260904T213538Z.json; tmdb_movies_20260904T215351Z.json
826510,2,tmdb_movies_20260904T213538Z.json; tmdb_movies_20260904T215351Z.json
827931,2,tmdb_movies_20260904T213538Z.json; tmdb_movies_20260904T215351Z.json
828613,2,tmdb_movies_20260904T213538Z.json; tmdb_movies_20260904T215351Z.json
829051,2,tmdb_movies_20260904T213538Z.json; tmdb_movies_20260904T215351Z.json
829280,2,tmdb_movies_20260904T213538Z.json; tmdb_movies_20260904T215351Z.json
829402,2,tmdb_movies_20260904T213538Z.json; tmdb_movies_20260904T215351Z.json
829557,2,tmdb_movies_20260904T213538Z.json; tmdb_movies_20260904T215351Z.json
829560,2,tmdb_movies_20260904T213538Z.json; tmdb_movies_20260904T215351Z.json
830784,2,tmdb_movies_20260904T213538Z.json; tmdb_movies_20260904T215351Z.json
830788,2,tmdb_movies_20260904T213538Z.json; tmdb_movies_20260904T215351Z.json
831946,2,tmdb_movies_20260904T213538Z.json; tmdb_movies_20260904T215351Z.json
832262,2,tmdb_movies_20260904T213538Z.json; tmdb_movies_20260904T215351Z.json
832502,2,tmdb_movies_20260904T213538Z.json; tmdb_movies_20260904T215351Z.json
832964,2,tmdb_movies_20260904T213538Z.json; tmdb_movies_20260904T215351Z.json
833326,2,tmdb_movies_20260904T213538Z.json; tmdb_movies_20260904T215351Z.json
833339,2,tmdb_movies_20260904T213538Z.json; tmdb_movies_20260904T215351Z.json
833425,2,tmdb_movies_20260904T213538Z.json; tmdb_movies_20260904T215351Z.json
835113,2,tmdb_movies_20260904T213538Z.json; tmdb_movies_20260904T215351Z.json
837881,2,tmdb_movies_20260904T213538Z.json; tmdb_movies_20260904T215351Z.json
838209,2,tmdb_movies_20260904T213538Z.json; tmdb_movies_20260904T215351Z.json
838240,2,tmdb_movies_20260904T213538Z.json; tmdb_movies_20260904T215351Z.json
839033,2,tmdb_movies_20260904T213538Z.json; tmdb_movies_20260904T215351Z.json
839369,2,tmdb_movies_20260904T213538Z.json; tmdb_movies_20260904T215351Z.json
840326,2,tmdb_movies_20260904T213538Z.json; tmdb_movies_20260904T215351Z.json
840430,2,tmdb_movies_20260904T213538Z.json; tmdb_movies_20260904T215351Z.json
840705,2,tmdb_movies_20260904T213538Z.json; tmdb_movies_20260904T215351Z.json
842675,2,tmdb_movies_20260904T213538Z.json; tmdb_movies_20260904T215351Z.json
842934,2,tmdb_movies_20260904T213538Z.json; tmdb_movies_20260904T215351Z.json
842942,2,tmdb_movies_20260904T213538Z.json; tmdb_movies_20260904T215351Z.json
843527,2,tmdb_movies_20260904T213538Z.json; tmdb_movies_20260904T215351Z.json
843847,2,tmdb_movies_20260904T213538Z.json; tmdb_movies_20260904T215351Z.json
844185,2,tmdb_movies_20260904T213538Z.json; tmdb_movies_20260904T215351Z.json
845111,2,tmdb_movies_20260904T213538Z.json; tmdb_movies_20260904T215351Z.json
845222,2,tmdb_movies_20260904T213538Z.json; tmdb_movies_20260904T215351Z.json
845659,2,tmdb_movies_20260904T213538Z.json; tmdb_movies_20260904T215351Z.json
845781,2,tmdb_movies_20260904T213538Z.json; tmdb_movies_20260904T215351Z.json
845783,2,tmdb_movies_20260904T213538Z.json; tmdb_movies_20260904T215351Z.json
846214,2,tmdb_movies_20260904T213538Z.json; tmdb_movies_20260904T215351Z.json
846433,2,tmdb_movies_20260904T213538Z.json; tmdb_movies_20260904T215351Z.json
848187,2,tmdb_movies_20260904T213538Z.json; tmdb_movies_20260904T215351Z.json
848326,2,tmdb_movies_20260904T213538Z.json; tmdb_movies_20260904T215351Z.json
848538,2,tmdb_movies_20260904T213538Z.json; tmdb_movies_20260904T215351Z.json
848685,2,tmdb_movies_20260904T213538Z.json; tmdb_movies_20260904T215351Z.json
848791,2,tmdb_movies_20260904T213538Z.json; tmdb_movies_20260904T215351Z.json
850165,2,tmdb_movies_20260904T213538Z.json; tmdb_movies_20260904T215351Z.json
851644,2,tmdb_movies_20260904T213538Z.json; tmdb_movies_20260904T215351Z.json
852448,2,tmdb_movies_20260904T213538Z.json; tmdb_movies_20260904T215351Z.json
856289,2,tmdb_movies_20260904T213538Z.json; tmdb_movies_20260904T215351Z.json
858017,2,tmdb_movies_20260904T213538Z.json; tmdb_movies_20260904T215351Z.json
860159,2,tmdb_movies_20260904T213538Z.json; tmdb_movies_20260904T215351Z.json
862552,2,tmdb_movies_20260904T213538Z.json; tmdb_movies_20260904T215351Z.json
862965,2,tmdb_movies_20260904T213538Z.json; tmdb_movies_20260904T215351Z.json
862968,2,tmdb_movies_20260904T213538Z.json; tmdb_movies_20260904T215351Z.json
863873,2,tmdb_movies_20260904T213538Z.json; tmdb_movies_20260904T215351Z.json
864370,2,tmdb_movies_20260904T213538Z.json; tmdb_movies_20260904T215351Z.json
866398,2,tmdb_movies_20260904T213538Z.json; tmdb_movies_20260904T215351Z.json
866413,2,tmdb_movies_20260904T213538Z.json; tmdb_movies_20260904T215351Z.json
866463,2,tmdb_movies_20260904T213538Z.json; tmdb_movies_20260904T215351Z.json
868759,2,tmdb_movies_20260904T213538Z.json; tmdb_movies_20260904T215351Z.json
869626,2,tmdb_movies_20260904T213538Z.json; tmdb_movies_20260904T215351Z.json
872585,2,tmdb_movies_20260904T213538Z.json; tmdb_movies_20260904T215351Z.json
872906,2,tmdb_movies_20260904T213538Z.json; tmdb_movies_20260904T215351Z.json
876792,2,tmdb_movies_20260904T213538Z.json; tmdb_movies_20260904T215351Z.json
877183,2,tmdb_movies_20260904T213538Z.json; tmdb_movies_20260904T215351Z.json
877269,2,tmdb_movies_20260904T213538Z.json; tmdb_movies_20260904T215351Z.json
877703,2,tmdb_movies_20260904T213538Z.json; tmdb_movies_20260904T215351Z.json
877817,2,tmdb_movies_20260904T213538Z.json; tmdb_movies_20260904T215351Z.json
881164,2,tmdb_movies_20260904T213538Z.json; tmdb_movies_20260904T215351Z.json
882059,2,tmdb_movies_20260904T213538Z.json; tmdb_movies_20260904T215351Z.json
882569,2,tmdb_movies_20260904T213538Z.json; tmdb_movies_20260904T215351Z.json
882598,2,tmdb_movies_20260904T213538Z.json; tmdb_movies_20260904T215351Z.json
884605,2,tmdb_movies_20260904T213538Z.json; tmdb_movies_20260904T215351Z.json
889737,2,tmdb_movies_20260904T213538Z.json; tmdb_movies_20260904T215351Z.json
891699,2,tmdb_movies_20260904T213538Z.json; tmdb_movies_20260904T215351Z.json
893723,2,tmdb_movies_20260904T213538Z.json; tmdb_movies_20260904T215351Z.json
894205,2,tmdb_movies_20260904T213538Z.json; tmdb_movies_20260904T215351Z.json
897087,2,tmdb_movies_20260904T213538Z.json; tmdb_movies_20260904T215351Z.json
899082,2,tmdb_movies_20260904T213538Z.json; tmdb_movies_20260904T215351Z.json
899112,2,tmdb_movies_20260904T213538Z.json; tmdb_movies_20260904T215351Z.json
900667,2,tmdb_movies_20260904T213538Z.json; tmdb_movies_20260904T215351Z.json
901563,2,tmdb_movies_20260904T213538Z.json; tmdb_movies_20260904T215351Z.json
906126,2,tmdb_movies_20260904T213538Z.json; tmdb_movies_20260904T215351Z.json
906221,2,tmdb_movies_20260904T213538Z.json; tmdb_movies_20260904T215351Z.json
910571,2,tmdb_movies_20260904T213538Z.json; tmdb_movies_20260904T215351Z.json
912480,2,tmdb_movies_20260904T213538Z.json; tmdb_movies_20260904T215351Z.json
912649,2,tmdb_movies_20260904T213538Z.json; tmdb_movies_20260904T215351Z.json
912916,2,tmdb_movies_20260904T213538Z.json; tmdb_movies_20260904T215351Z.json
913290,2,tmdb_movies_20260904T213538Z.json; tmdb_movies_20260904T215351Z.json
913673,2,tmdb_movies_20260904T213538Z.json; tmdb_movies_20260904T215351Z.json
914206,2,tmdb_movies_20260904T213538Z.json; tmdb_movies_20260904T215351Z.json
914215,2,tmdb_movies_20260904T213538Z.json; tmdb_movies_20260904T215351Z.json
915935,2,tmdb_movies_20260904T213538Z.json; tmdb_movies_20260904T215351Z.json
916224,2,tmdb_movies_20260904T213538Z.json; tmdb_movies_20260904T215351Z.json
916405,2,tmdb_movies_20260904T213538Z.json; tmdb_movies_20260904T215351Z.json
917496,2,tmdb_movies_20260904T213538Z.json; tmdb_movies_20260904T215351Z.json
921452,2,tmdb_movies_20260904T213538Z.json; tmdb_movies_20260904T215351Z.json
921636,2,tmdb_movies_20260904T213538Z.json; tmdb_movies_20260904T215351Z.json
923667,2,tmdb_movies_20260904T213538Z.json; tmdb_movies_20260904T215351Z.json
923939,2,tmdb_movies_20260904T213538Z.json; tmdb_movies_20260904T215351Z.json
924482,2,tmdb_movies_20260904T213538Z.json; tmdb_movies_20260904T215351Z.json
926393,2,tmdb_movies_20260904T213538Z.json; tmdb_movies_20260904T215351Z.json
927107,2,tmdb_movies_20260904T213538Z.json; tmdb_movies_20260904T215351Z.json
927547,2,tmdb_movies_20260904T213538Z.json; tmdb_movies_20260904T215351Z.json
928344,2,tmdb_movies_20260904T213538Z.json; tmdb_movies_20260904T215351Z.json
929170,2,tmdb_movies_20260904T213538Z.json; tmdb_movies_20260904T215351Z.json
929204,2,tmdb_movies_20260904T213538Z.json; tmdb_movies_20260904T215351Z.json
929590,2,tmdb_movies_20260904T213538Z.json; tmdb_movies_20260904T215351Z.json
930094,2,tmdb_movies_20260904T213538Z.json; tmdb_movies_20260904T215351Z.json
930564,2,tmdb_movies_20260904T213538Z.json; tmdb_movies_20260904T215351Z.json
930600,2,tmdb_movies_20260904T213538Z.json; tmdb_movies_20260904T215351Z.json
932086,2,tmdb_movies_20260904T213538Z.json; tmdb_movies_20260904T215351Z.json
933131,2,tmdb_movies_20260904T213538Z.json; tmdb_movies_20260904T215351Z.json
933260,2,tmdb_movies_20260904T213538Z.json; tmdb_movies_20260904T215351Z.json
934433,2,tmdb_movies_20260904T213538Z.json; tmdb_movies_20260904T215351Z.json
934632,2,tmdb_movies_20260904T213538Z.json; tmdb_movies_20260904T215351Z.json
937278,2,tmdb_movies_20260904T213538Z.json; tmdb_movies_20260904T215351Z.json
937287,2,tmdb_movies_20260904T213538Z.json; tmdb_movies_20260904T215351Z.json
938008,2,tmdb_movies_20260904T213538Z.json; tmdb_movies_20260904T215351Z.json
938614,2,tmdb_movies_20260904T213538Z.json; tmdb_movies_20260904T215351Z.json
939243,2,tmdb_movies_20260904T213538Z.json; tmdb_movies_20260904T215351Z.json
939335,2,tmdb_movies_20260904T213538Z.json; tmdb_movies_20260904T215351Z.json
940139,2,tmdb_movies_20260904T213538Z.json; tmdb_movies_20260904T215351Z.json
940551,2,tmdb_movies_20260904T213538Z.json; tmdb_movies_20260904T215351Z.json
940721,2,tmdb_movies_20260904T213538Z.json; tmdb_movies_20260904T215351Z.json
944401,2,tmdb_movies_20260904T213538Z.json; tmdb_movies_20260904T215351Z.json
945729,2,tmdb_movies_20260904T213538Z.json; tmdb_movies_20260904T215351Z.json
945937,2,tmdb_movies_20260904T213538Z.json; tmdb_movies_20260904T215351Z.json
945961,2,tmdb_movies_20260904T213538Z.json; tmdb_movies_20260904T215351Z.json
947891,2,tmdb_movies_20260904T213538Z.json; tmdb_movies_20260904T215351Z.json
948549,2,tmdb_movies_20260904T213538Z.json; tmdb_movies_20260904T215351Z.json
948713,2,tmdb_movies_20260904T213538Z.json; tmdb_movies_20260904T215351Z.json
949423,2,tmdb_movies_20260904T213538Z.json; tmdb_movies_20260904T215351Z.json
951491,2,tmdb_movies_20260904T213538Z.json; tmdb_movies_20260904T215351Z.json
955555,2,tmdb_movies_20260904T213538Z.json; tmdb_movies_20260904T215351Z.json
955916,2,tmdb_movies_20260904T213538Z.json; tmdb_movies_20260904T215351Z.json
956842,2,tmdb_movies_20260904T213538Z.json; tmdb_movies_20260904T215351Z.json
957304,2,tmdb_movies_20260904T213538Z.json; tmdb_movies_20260904T215351Z.json
957452,2,tmdb_movies_20260904T213538Z.json; tmdb_movies_20260904T215351Z.json
958006,2,tmdb_movies_20260904T213538Z.json; tmdb_movies_20260904T215351Z.json
958196,2,tmdb_movies_20260904T213538Z.json; tmdb_movies_20260904T215351Z.json
961323,2,tmdb_movies_20260904T213538Z.json; tmdb_movies_20260904T215351Z.json
961484,2,tmdb_movies_20260904T213538Z.json; tmdb_movies_20260904T215351Z.json
964960,2,tmdb_movies_20260904T213538Z.json; tmdb_movies_20260904T215351Z.json
964980,2,tmdb_movies_20260904T213538Z.json; tmdb_movies_20260904T215351Z.json
965150,2,tmdb_movies_20260904T213538Z.json; tmdb_movies_20260904T215351Z.json
966220,2,tmdb_movies_20260904T213538Z.json; tmdb_movies_20260904T215351Z.json
967847,2,tmdb_movies_20260904T213538Z.json; tmdb_movies_20260904T215351Z.json
968051,2,tmdb_movies_20260904T213538Z.json; tmdb_movies_20260904T215351Z.json
969492,2,tmdb_movies_20260904T213538Z.json; tmdb_movies_20260904T215351Z.json
970347,2,tmdb_movies_20260904T213538Z.json; tmdb_movies_20260904T215351Z.json
970450,2,tmdb_movies_20260904T213538Z.json; tmdb_movies_20260904T215351Z.json
972433,2,tmdb_movies_20260904T213538Z.json; tmdb_movies_20260904T215351Z.json
974036,2,tmdb_movies_20260904T213538Z.json; tmdb_movies_20260904T215351Z.json
974250,2,tmdb_movies_20260904T213538Z.json; tmdb_movies_20260904T215351Z.json
974262,2,tmdb_movies_20260904T213538Z.json; tmdb_movies_20260904T215351Z.json
974453,2,tmdb_movies_20260904T213538Z.json; tmdb_movies_20260904T215351Z.json
974576,2,tmdb_movies_20260904T213538Z.json; tmdb_movies_20260904T215351Z.json
974635,2,tmdb_movies_20260904T213538Z.json; tmdb_movies_20260904T215351Z.json
974931,2,tmdb_movies_20260904T213538Z.json; tmdb_movies_20260904T215351Z.json
974950,2,tmdb_movies_20260904T213538Z.json; tmdb_movies_20260904T215351Z.json
975511,2,tmdb_movies_20260904T213538Z.json; tmdb_movies_20260904T215351Z.json
976573,2,tmdb_movies_20260904T213538Z.json; tmdb_movies_20260904T215351Z.json
976734,2,tmdb_movies_20260904T213538Z.json; tmdb_movies_20260904T215351Z.json
976893,2,tmdb_movies_20260904T213538Z.json; tmdb_movies_20260904T215351Z.json
978592,2,tmdb_movies_20260904T213538Z.json; tmdb_movies_20260904T215351Z.json
979924,2,tmdb_movies_20260904T213538Z.json; tmdb_movies_20260904T215351Z.json
980026,2,tmdb_movies_20260904T213538Z.json; tmdb_movies_20260904T215351Z.json
980489,2,tmdb_movies_20260904T213538Z.json; tmdb_movies_20260904T215351Z.json
985939,2,tmdb_movies_20260904T213538Z.json; tmdb_movies_20260904T215351Z.json
986070,2,tmdb_movies_20260904T213538Z.json; tmdb_movies_20260904T215351Z.json
987686,2,tmdb_movies_20260904T213538Z.json; tmdb_movies_20260904T215351Z.json
987917,2,tmdb_movies_20260904T213538Z.json; tmdb_movies_20260904T215351Z.json
989662,2,tmdb_movies_20260904T213538Z.json; tmdb_movies_20260904T215351Z.json
994143,2,tmdb_movies_20260904T213538Z.json; tmdb_movies_20260904T215351Z.json
995133,2,tmdb_movies_20260904T213538Z.json; tmdb_movies_20260904T215351Z.json
998846,2,tmdb_movies_20260904T213538Z.json; tmdb_movies_20260904T215351Z.json
999644,2,tmdb_movies_20260904T213538Z.json; tmdb_movies_20260904T215351Z.json
1000837,2,tmdb_movies_20260904T213538Z.json; tmdb_movies_20260904T215351Z.json
1001865,2,tmdb_movies_20260904T213538Z.json; tmdb_movies_20260904T215351Z.json
1002185,2,tmdb_movies_20260904T213538Z.json; tmdb_movies_20260904T215351Z.json
1003581,2,tmdb_movies_20260904T213538Z.json; tmdb_movies_20260904T215351Z.json
1005331,2,tmdb_movies_20260904T213538Z.json; tmdb_movies_20260904T215351Z.json
1008042,2,tmdb_movies_20260904T213538Z.json; tmdb_movies_20260904T215351Z.json
1008392,2,tmdb_movies_20260904T213538Z.json; tmdb_movies_20260904T215351Z.json
1008409,2,tmdb_movies_20260904T213538Z.json; tmdb_movies_20260904T215351Z.json
1008953,2,tmdb_movies_20260904T213538Z.json; tmdb_movies_20260904T215351Z.json
1010581,2,tmdb_movies_20260904T213538Z.json; tmdb_movies_20260904T215351Z.json
1010600,2,tmdb_movies_20260904T213538Z.json; tmdb_movies_20260904T215351Z.json
1011985,2,tmdb_movies_20260904T213538Z.json; tmdb_movies_20260904T215351Z.json
1012201,2,tmdb_movies_20260904T213538Z.json; tmdb_movies_20260904T215351Z.json
1013850,2,tmdb_movies_20260904T213538Z.json; tmdb_movies_20260904T215351Z.json
1013860,2,tmdb_movies_20260904T213538Z.json; tmdb_movies_20260904T215351Z.json
1014590,2,tmdb_movies_20260904T213538Z.json; tmdb_movies_20260904T215351Z.json
1015606,2,tmdb_movies_20260904T213538Z.json; tmdb_movies_20260904T215351Z.json
1016084,2,tmdb_movies_20260904T213538Z.json; tmdb_movies_20260904T215351Z.json
1016121,2,tmdb_movies_20260904T213538Z.json; tmdb_movies_20260904T215351Z.json
1017163,2,tmdb_movies_20260904T213538Z.json; tmdb_movies_20260904T215351Z.json
1020006,2,tmdb_movies_20260904T213538Z.json; tmdb_movies_20260904T215351Z.json
1022256,2,tmdb_movies_20260904T213538Z.json; tmdb_movies_20260904T215351Z.json
1022690,2,tmdb_movies_20260904T213538Z.json; tmdb_movies_20260904T215351Z.json
1022789,2,tmdb_movies_20260904T213538Z.json; tmdb_movies_20260904T215351Z.json
1022796,2,tmdb_movies_20260904T213538Z.json; tmdb_movies_20260904T215351Z.json
1023922,2,tmdb_movies_20260904T213538Z.json; tmdb_movies_20260904T215351Z.json
1026227,2,tmdb_movies_20260904T213538Z.json; tmdb_movies_20260904T215351Z.json
1026436,2,tmdb_movies_20260904T213538Z.json; tmdb_movies_20260904T215351Z.json
1027073,2,tmdb_movies_20260904T213538Z.json; tmdb_movies_20260904T215351Z.json
1028196,2,tmdb_movies_20260904T213538Z.json; tmdb_movies_20260904T215351Z.json
1029235,2,tmdb_movies_20260904T213538Z.json; tmdb_movies_20260904T215351Z.json
1029281,2,tmdb_movies_20260904T213538Z.json; tmdb_movies_20260904T215351Z.json
1029575,2,tmdb_movies_20260904T213538Z.json; tmdb_movies_20260904T215351Z.json
1029955,2,tmdb_movies_20260904T213538Z.json; tmdb_movies_20260904T215351Z.json
1032823,2,tmdb_movies_20260904T213538Z.json; tmdb_movies_20260904T215351Z.json
1034541,2,tmdb_movies_20260904T213538Z.json; tmdb_movies_20260904T215351Z.json
1035048,2,tmdb_movies_20260904T213538Z.json; tmdb_movies_20260904T215351Z.json
1037113,2,tmdb_movies_20260904T213538Z.json; tmdb_movies_20260904T215351Z.json
1038263,2,tmdb_movies_20260904T213538Z.json; tmdb_movies_20260904T215351Z.json
1040148,2,tmdb_movies_20260904T213538Z.json; tmdb_movies_20260904T215351Z.json
1041613,2,tmdb_movies_20260904T213538Z.json; tmdb_movies_20260904T215351Z.json
1043565,2,tmdb_movies_20260904T213538Z.json; tmdb_movies_20260904T215351Z.json
1043905,2,tmdb_movies_20260904T213538Z.json; tmdb_movies_20260904T215351Z.json
1047373,2,tmdb_movies_20260904T213538Z.json; tmdb_movies_20260904T215351Z.json
1048241,2,tmdb_movies_20260904T213538Z.json; tmdb_movies_20260904T215351Z.json
1050035,2,tmdb_movies_20260904T213538Z.json; tmdb_movies_20260904T215351Z.json
1051896,2,tmdb_movies_20260904T213538Z.json; tmdb_movies_20260904T215351Z.json
1052280,2,tmdb_movies_20260904T213538Z.json; tmdb_movies_20260904T215351Z.json
1058616,2,tmdb_movies_20260904T213538Z.json; tmdb_movies_20260904T215351Z.json
1058694,2,tmdb_movies_20260904T213538Z.json; tmdb_movies_20260904T215351Z.json
1059064,2,tmdb_movies_20260904T213538Z.json; tmdb_movies_20260904T215351Z.json
1059073,2,tmdb_movies_20260904T213538Z.json; tmdb_movies_20260904T215351Z.json
1059128,2,tmdb_movies_20260904T213538Z.json; tmdb_movies_20260904T215351Z.json
1061699,2,tmdb_movies_20260904T213538Z.json; tmdb_movies_20260904T215351Z.json
1062215,2,tmdb_movies_20260904T213538Z.json; tmdb_movies_20260904T215351Z.json
1062807,2,tmdb_movies_20260904T213538Z.json; tmdb_movies_20260904T215351Z.json
1064028,2,tmdb_movies_20260904T213538Z.json; tmdb_movies_20260904T215351Z.json
1064213,2,tmdb_movies_20260904T213538Z.json; tmdb_movies_20260904T215351Z.json
1064486,2,tmdb_movies_20260904T213538Z.json; tmdb_movies_20260904T215351Z.json
1071215,2,tmdb_movies_20260904T213538Z.json; tmdb_movies_20260904T215351Z.json
1072342,2,tmdb_movies_20260904T213538Z.json; tmdb_movies_20260904T215351Z.json
1072790,2,tmdb_movies_20260904T213538Z.json; tmdb_movies_20260904T215351Z.json
1072876,2,tmdb_movies_20260904T213538Z.json; tmdb_movies_20260904T215351Z.json
1076364,2,tmdb_movies_20260904T213538Z.json; tmdb_movies_20260904T215351Z.json
1076487,2,tmdb_movies_20260904T213538Z.json; tmdb_movies_20260904T215351Z.json
1077280,2,tmdb_movies_20260904T213538Z.json; tmdb_movies_20260904T215351Z.json
1079091,2,tmdb_movies_20260904T213538Z.json; tmdb_movies_20260904T215351Z.json
1079485,2,tmdb_movies_20260904T213538Z.json; tmdb_movies_20260904T215351Z.json
1081676,2,tmdb_movies_20260904T213538Z.json; tmdb_movies_20260904T215351Z.json
1082195,2,tmdb_movies_20260904T213538Z.json; tmdb_movies_20260904T215351Z.json
1083862,2,tmdb_movies_20260904T213538Z.json; tmdb_movies_20260904T215351Z.json
1084736,2,tmdb_movies_20260904T213538Z.json; tmdb_movies_20260904T215351Z.json
1086747,2,tmdb_movies_20260904T213538Z.json; tmdb_movies_20260904T215351Z.json
1087388,2,tmdb_movies_20260904T213538Z.json; tmdb_movies_20260904T215351Z.json
1087822,2,tmdb_movies_20260904T213538Z.json; tmdb_movies_20260904T215351Z.json
1088514,2,tmdb_movies_20260904T213538Z.json; tmdb_movies_20260904T215351Z.json
1093995,2,tmdb_movies_20260904T213538Z.json; tmdb_movies_20260904T215351Z.json
1094138,2,tmdb_movies_20260904T213538Z.json; tmdb_movies_20260904T215351Z.json
1094274,2,tmdb_movies_20260904T213538Z.json; tmdb_movies_20260904T215351Z.json
1094556,2,tmdb_movies_20260904T213538Z.json; tmdb_movies_20260904T215351Z.json
1096197,2,tmdb_movies_20260904T213538Z.json; tmdb_movies_20260904T215351Z.json
1097549,2,tmdb_movies_20260904T213538Z.json; tmdb_movies_20260904T215351Z.json
1097870,2,tmdb_movies_20260904T213538Z.json; tmdb_movies_20260904T215351Z.json
1100099,2,tmdb_movies_20260904T213538Z.json; tmdb_movies_20260904T215351Z.json
1100782,2,tmdb_movies_20260904T213538Z.json; tmdb_movies_20260904T215351Z.json
1102493,2,tmdb_movies_20260904T213538Z.json; tmdb_movies_20260904T215351Z.json
1103621,2,tmdb_movies_20260904T213538Z.json; tmdb_movies_20260904T215351Z.json
1104844,2,tmdb_movies_20260904T213538Z.json; tmdb_movies_20260904T215351Z.json
1106739,2,tmdb_movies_20260904T213538Z.json; tmdb_movies_20260904T215351Z.json
1109255,2,tmdb_movies_20260904T213538Z.json; tmdb_movies_20260904T215351Z.json
1111873,2,tmdb_movies_20260904T213538Z.json; tmdb_movies_20260904T215351Z.json
1114513,2,tmdb_movies_20260904T213538Z.json; tmdb_movies_20260904T215351Z.json
1118031,2,tmdb_movies_20260904T213538Z.json; tmdb_movies_20260904T215351Z.json
1118224,2,tmdb_movies_20260904T213538Z.json; tmdb_movies_20260904T215351Z.json
1125311,2,tmdb_movies_20260904T213538Z.json; tmdb_movies_20260904T215351Z.json
1125510,2,tmdb_movies_20260904T213538Z.json; tmdb_movies_20260904T215351Z.json
1127166,2,tmdb_movies_20260904T213538Z.json; tmdb_movies_20260904T215351Z.json
1129598,2,tmdb_movies_20260904T213538Z.json; tmdb_movies_20260904T215351Z.json
1138194,2,tmdb_movies_20260904T213538Z.json; tmdb_movies_20260904T215351Z.json
1139566,2,tmdb_movies_20260904T213538Z.json; tmdb_movies_20260904T215351Z.json
1139817,2,tmdb_movies_20260904T213538Z.json; tmdb_movies_20260904T215351Z.json
1139829,2,tmdb_movies_20260904T213538Z.json; tmdb_movies_20260904T215351Z.json
1143319,2,tmdb_movies_20260904T213538Z.json; tmdb_movies_20260904T215351Z.json
1147400,2,tmdb_movies_20260904T213538Z.json; tmdb_movies_20260904T215351Z.json
1147416,2,tmdb_movies_20260904T213538Z.json; tmdb_movies_20260904T215351Z.json
1151534,2,tmdb_movies_20260904T213538Z.json; tmdb_movies_20260904T215351Z.json
1151949,2,tmdb_movies_20260904T213538Z.json; tmdb_movies_20260904T215351Z.json
1155089,2,tmdb_movies_20260904T213538Z.json; tmdb_movies_20260904T215351Z.json
1155828,2,tmdb_movies_20260904T213538Z.json; tmdb_movies_20260904T215351Z.json
1156125,2,tmdb_movies_20260904T213538Z.json; tmdb_movies_20260904T215351Z.json
1156593,2,tmdb_movies_20260904T213538Z.json; tmdb_movies_20260904T215351Z.json
1158996,2,tmdb_movies_20260904T213538Z.json; tmdb_movies_20260904T215351Z.json
1159311,2,tmdb_movies_20260904T213538Z.json; tmdb_movies_20260904T215351Z.json
1160018,2,tmdb_movies_20260904T213538Z.json; tmdb_movies_20260904T215351Z.json
1160164,2,tmdb_movies_20260904T213538Z.json; tmdb_movies_20260904T215351Z.json
1160956,2,tmdb_movies_20260904T213538Z.json; tmdb_movies_20260904T215351Z.json
1167271,2,tmdb_movies_20260904T213538Z.json; tmdb_movies_20260904T215351Z.json
1181678,2,tmdb_movies_20260904T213538Z.json; tmdb_movies_20260904T215351Z.json
1182047,2,tmdb_movies_20260904T213538Z.json; tmdb_movies_20260904T215351Z.json
1182387,2,tmdb_movies_20260904T213538Z.json; tmdb_movies_20260904T215351Z.json
1184918,2,tmdb_movies_20260904T213538Z.json; tmdb_movies_20260904T215351Z.json
1186532,2,tmdb_movies_20260904T213538Z.json; tmdb_movies_20260904T215351Z.json
1190012,2,tmdb_movies_20260904T213538Z.json; tmdb_movies_20260904T215351Z.json
1196470,2,tmdb_movies_20260904T213538Z.json; tmdb_movies_20260904T215351Z.json
1209288,2,tmdb_movies_20260904T213538Z.json; tmdb_movies_20260904T215351Z.json
1209290,2,tmdb_movies_20260904T213538Z.json; tmdb_movies_20260904T215351Z.json
1211472,2,tmdb_movies_20260904T213538Z.json; tmdb_movies_20260904T215351Z.json
1216191,2,tmdb_movies_20260904T213538Z.json; tmdb_movies_20260904T215351Z.json
1222248,2,tmdb_movies_20260904T213538Z.json; tmdb_movies_20260904T215351Z.json
1226578,2,tmdb_movies_20260904T213538Z.json; tmdb_movies_20260904T215351Z.json
1226841,2,tmdb_movies_20260904T213538Z.json; tmdb_movies_20260904T215351Z.json
1232449,2,tmdb_movies_20260904T213538Z.json; tmdb_movies_20260904T215351Z.json
1239251,2,tmdb_movies_20260904T213538Z.json; tmdb_movies_20260904T215351Z.json
1241982,2,tmdb_movies_20260904T213538Z.json; tmdb_movies_20260904T215351Z.json
1244492,2,tmdb_movies_20260904T213538Z.json; tmdb_movies_20260904T215351Z.json
1252309,2,tmdb_movies_20260904T213538Z.json; tmdb_movies_20260904T215351Z.json
1333100,2,tmdb_movies_20260904T213538Z.json; tmdb_movies_20260904T215351Z.json
1357633,2,tmdb_movies_20260904T213538Z.json; tmdb_movies_20260904T215351Z.json
