tmdb_id,title,genres,worldwide_revenue_usd,predicted_revenue_usd,absolute_error_usd,release_year,budget_usd,prediction_lower_usd,prediction_upper_usd,blockbuster_probability,blockbuster_actual,blockbuster_predicted,signed_error_usd,revenue_band
522016,The 355,Action; Adventure; Thriller,55700000.0,58408760.30582428,2708760.30582428,2022,75000000.0,0.0,211366556.18274483,0.0275809793823281,0,0,2708760.30582428,Regular (<$250M)
575322,Project Gemini,Science Fiction; Thriller,211674.0,4394008.45301581,4182334.45301581,2022,6000000.0,0.0,157351804.32993636,0.020802882925697,0,0,4182334.45301581,Regular (<$250M)
646385,Scream,Horror; Mystery,138874789.0,75438397.9719892,63436391.0280108,2022,24000000.0,0.0,228396193.84890977,0.0209672054226104,0,0,-63436391.0280108,Regular (<$250M)
760926,Gold (2022),Action; Adventure; Thriller,176048.0,2323194.2741938587,2147146.2741938587,2022,6500000.0,0.0,155280990.1511144,0.020802882925697,0,0,2147146.2741938587,Regular (<$250M)
245842,The King's Daughter,Fantasy; Adventure; Family,2200000.0,19387798.38759957,17187798.38759957,2022,40500000.0,0.0,172345594.2645201,0.0209706380367889,0,0,17187798.38759957,Regular (<$250M)
698508,Redeeming Love,Romance; Drama; Western,9464198.0,18821581.1803399,9357383.1803399,2022,30000000.0,0.0,171779377.05726045,0.0209605275629667,0,0,9357383.1803399,Regular (<$250M)
591120,The Pirates: The Last Royal Treasure,Action; Adventure; Comedy; Fantasy,10247262.0,26623125.986564603,16375863.986564605,2022,19597380.0,0.0,179580921.86348516,0.0214004570330179,0,0,16375863.986564605,Regular (<$250M)
557946,Last Looks,Action; Crime; Thriller,365644.0,739607.0871803911,373963.087180391,2022,,0.0,153697402.96410096,0.020802882925697,0,0,373963.087180391,Regular (<$250M)
661791,The Grandmother,Drama; Horror,1817696.0,4375592.906980295,2557896.9069802947,2022,3749231.0,0.0,157333388.78390086,0.0208282620888054,0,0,2557896.9069802947,Regular (<$250M)
803114,The Requin,Horror; Mystery; Thriller,130493.0,1919099.138435187,1788606.138435187,2022,8500000.0,0.0,154876895.01535574,0.020802882925697,0,0,1788606.138435187,Regular (<$250M)
585083,Hotel Transylvania: Transformania,Animation; Comedy; Family; Adventure; Fantasy,18500000.0,259196441.6256718,240696441.6256718,2022,75000000.0,106238645.74875124,412154237.5025923,0.0913893296053607,0,1,240696441.6256718,Regular (<$250M)
656663,Jackass Forever,Action; Comedy; Documentary,80563999.0,72482342.18028948,8081656.819710523,2022,10000000.0,0.0,225440138.05721003,0.0209672054226104,0,0,-8081656.819710523,Regular (<$250M)
406759,Moonfall,Science Fiction; Adventure; Action,67319703.0,90004206.53475098,22684503.534750983,2022,146000000.0,0.0,242962002.41167152,0.0432135338461324,0,0,22684503.534750983,Regular (<$250M)
746333,Superwho?,Comedy; Action; Family,7375119.0,940971.959925708,6434147.040074292,2022,,0.0,153898767.83684626,0.020802882925697,0,0,-6434147.040074292,Regular (<$250M)
505026,Death on the Nile,Mystery; Crime; Thriller,137307235.0,199594209.5368834,62286974.536883414,2022,90000000.0,46636413.65996286,352552005.41380394,0.0397303907837256,0,0,62286974.536883414,Regular (<$250M)
615904,Marry Me,Romance; Comedy; Music,44000000.0,13282748.725261329,30717251.27473867,2022,23000000.0,0.0,166240544.60218188,0.0208178805256418,0,0,-30717251.27473867,Regular (<$250M)
335787,Uncharted,Action; Adventure; Mystery,407141258.0,356544004.79212195,50597253.20787805,2022,120000000.0,203586208.9152014,509501800.66904247,0.3321899286618413,1,1,-50597253.20787805,Blockbuster (>$400M)
823625,Blacklight,Action; Thriller; Adventure,15902207.0,9520129.537585557,6382077.4624144435,2022,43000000.0,0.0,162477925.4145061,0.0209389259038926,0,0,-6382077.4624144435,Regular (<$250M)
778855,Chickenhare and the Hamster of Darkness,Animation; Adventure; Comedy; Family; Fantasy,10885116.0,9475949.695881488,1409166.3041185122,2022,20000000.0,0.0,162433745.57280204,0.0214719730448931,0,0,-1409166.3041185122,Regular (<$250M)
396194,Ennio,Documentary; Music; History,4332386.0,2156044.240470658,2176341.759529342,2022,,0.0,155113840.1173912,0.021324941375055,0,0,-2176341.759529342,Regular (<$250M)
626735,Dog,Drama; Comedy,84774243.0,6777305.317487502,77996937.68251249,2022,20000000.0,0.0,159735101.19440806,0.0208282620888054,0,0,-77996937.68251249,Regular (<$250M)
924482,The Ledge (2022),Thriller; Adventure,685303.0,1099136.0202842082,413833.02028420824,2022,2500000.0,0.0,154056931.89720476,0.020802882925697,0,0,413833.02028420824,Regular (<$250M)
743814,Serve the People,Drama,547758.0,1497553.4163931725,949795.4163931723,2022,,0.0,154455349.2933137,0.0210401291130113,0,0,949795.4163931723,Regular (<$250M)
801071,The Jack in the Box: Awakening,Horror,1147001.0,1932226.464900499,785225.464900499,2022,,0.0,154890022.34182104,0.021083507447797,0,0,785225.464900499,Regular (<$250M)
799876,The Outfit,Crime; Drama; Thriller; Mystery,4032313.0,10404936.557297057,6372623.557297055,2022,5000000.0,0.0,163362732.4342176,0.020802882925697,0,0,6372623.557297057,Regular (<$250M)
414906,The Batman,Crime; Mystery; Thriller,772775278.0,415312354.92258906,357462923.07741094,2022,185000000.0,262354559.0456685,568270150.7995096,0.5605283833770093,1,1,-357462923.07741094,Blockbuster (>$400M)
517302,Hatching,Horror; Fantasy,508000.0,1769106.770022245,1261106.770022245,2022,3896000.0,0.0,154726902.6469428,0.020802882925697,0,0,1261106.770022245,Regular (<$250M)
585378,After Yang,Science Fiction; Drama,131465.0,1715878.6637441956,1584413.6637441956,2022,,0.0,154673674.54066473,0.020867055873419,0,0,1584413.6637441956,Regular (<$250M)
876797,The Last 10 Years,Drama; Romance,22500000.0,14207989.480308814,8292010.519691186,2022,,0.0,167165785.35722935,0.0210985789296134,0,0,-8292010.519691186,Regular (<$250M)
508947,Turning Red,Animation; Family; Comedy; Fantasy,21813358.0,126207936.57551935,104394578.57551935,2022,175000000.0,0.0,279165732.4524399,0.1114278939772394,0,1,104394578.57551935,Regular (<$250M)
628900,The Contractor,Action; Thriller,2122288.0,1394574.6396194422,727713.3603805578,2022,,0.0,154352370.51654,0.020802882925697,0,0,-727713.3603805578,Regular (<$250M)
763285,Ambulance,Thriller; Action; Drama; Crime,52303589.0,36523104.95919213,15780484.040807871,2022,40000000.0,0.0,189480900.83611268,0.0209634791233748,0,0,-15780484.040807871,Regular (<$250M)
629542,The Bad Guys,Action; Adventure; Animation; Comedy; Crime; Family,250162278.0,311675297.40664953,61513019.40664953,2022,80000000.0,158717501.52972898,464633093.28357005,0.0730228736461477,0,1,61513019.40664953,High Grossing ($250M-$400M)
760104,X,Horror,14745049.0,3366517.210288083,11378531.789711917,2022,1000000.0,0.0,156324313.08720863,0.0208870178610218,0,0,-11378531.789711917,Regular (<$250M)
833339,Speak No Evil (2022),Horror; Thriller; Drama,631249.0,1736894.4388294888,1105645.4388294888,2022,3200000.0,0.0,154694690.31575003,0.020802882925697,0,0,1105645.4388294888,Regular (<$250M)
864370,Incantation,Horror,5700000.0,1638677.4063782736,4061322.593621726,2022,,0.0,154596473.28329882,0.0226266983306822,0,0,-4061322.593621726,Regular (<$250M)
752623,The Lost City,Action; Adventure; Comedy,192907684.0,23928042.457586948,168979641.54241306,2022,74000000.0,0.0,176885838.3345075,0.0266377171835351,0,0,-168979641.54241306,Regular (<$250M)
545611,Everything Everywhere All at Once,Action; Adventure; Science Fiction,139200000.0,10883605.42828424,128316394.57171576,2022,25000000.0,0.0,163841401.30520478,0.0210933587920451,0,0,-128316394.57171576,Regular (<$250M)
579974,RRR,Action; History; Drama,160000000.0,17884097.695377793,142115902.3046222,2022,69000000.0,0.0,170841893.57229835,0.0271843348209878,0,0,-142115902.3046222,Regular (<$250M)
629015,Shut In (2022),Thriller; Horror,304106.0,434536.2577464074,130430.2577464074,2022,,0.0,153392332.13466695,0.0208357868848886,0,0,130430.2577464074,Regular (<$250M)
526896,Morbius,Action; Science Fiction; Fantasy,167635712.0,112384088.72698252,55251623.273017466,2022,75000000.0,0.0,265341884.60390308,0.0426053827629855,0,0,-55251623.27301748,Regular (<$250M)
675353,Sonic the Hedgehog 2,Action; Adventure; Family; Comedy,405421518.0,315941479.410222,89480038.589778,2022,110000000.0,162983683.53330144,468899275.2871425,0.0588625606116211,1,0,-89480038.589778,Blockbuster (>$400M)
771077,Rise,Comedy; Drama; Family,11196824.0,4608630.438349016,6588193.561650984,2022,7780000.0,0.0,157566426.31526956,0.0208282620888054,0,0,-6588193.561650984,Regular (<$250M)
338953,Fantastic Beasts: The Secrets of Dumbledore,Fantasy; Adventure,407200000.0,609757432.0571774,202557432.05717745,2022,200000000.0,456799636.1802568,762715227.934098,0.6380364913212222,1,1,202557432.05717745,Blockbuster (>$400M)
639933,The Northman,Action; Adventure; Fantasy,69633110.0,45538053.868317865,24095056.131682135,2022,70000000.0,0.0,198495849.7452384,0.0250170579505129,0,0,-24095056.131682135,Regular (<$250M)
809140,Father Stu,Drama,21591034.0,1651061.901231742,19939972.098768257,2022,4000000.0,0.0,154608857.7781523,0.0209588768283183,0,0,-19939972.098768257,Regular (<$250M)
587412,K.G.F: Chapter 2,Action; Thriller; Adventure; Crime,90410749.0,39907485.18330628,50503263.81669372,2022,13000000.0,0.0,192865281.06022683,0.0214436628542541,0,0,-50503263.81669372,Regular (<$250M)
648579,The Unbearable Weight of Massive Talent,Action; Comedy; Crime,29116320.0,9738588.761548037,19377731.238451965,2022,30000000.0,0.0,162696384.6384686,0.020802882925697,0,0,-19377731.238451965,Regular (<$250M)
820446,Downton Abbey: A New Era,Drama; Romance,92651384.0,93698960.95663384,1047576.956633836,2022,40000000.0,0.0,246656756.8335544,0.0216485810674205,0,0,1047576.956633836,Regular (<$250M)
818397,Memory,Action; Thriller; Crime,13900000.0,15983459.853138084,2083459.8531380836,2022,30000000.0,0.0,168941255.73005864,0.020802882925697,0,0,2083459.8531380836,Regular (<$250M)
966220,Sniper: The White Raven,War; Action; Drama,881.0,2200006.947499843,2199125.947499843,2022,1000000.0,0.0,155157802.8244204,0.0208759404888276,0,0,2199125.947499843,Regular (<$250M)
453395,Doctor Strange in the Multiverse of Madness,Fantasy; Action; Adventure,955775804.0,707994779.8247312,247781024.17526877,2022,295400000.0,555036983.9478106,860952575.7016518,0.7660119155756383,1,1,-247781024.17526877,Blockbuster (>$400M)
532710,Firestarter,Horror; Science Fiction; Thriller,15039250.0,11869362.49866057,3169887.50133943,2022,12000000.0,0.0,164827158.37558112,0.020802882925697,0,0,-3169887.50133943,Regular (<$250M)
916405,The Quiet Girl,Drama,6.0,954.4373338596153,948.4373338596153,2022,1.0,0.0,152958750.3142544,0.020802882925697,0,0,948.4373338596153,Regular (<$250M)
961484,Last Seen Alive,Action; Thriller,5950199.0,675966.2373976733,5274232.762602326,2022,,0.0,153633762.11431822,0.020802882925697,0,0,-5274232.762602326,Regular (<$250M)
634429,Shin Ultraman,Action; Science Fiction,34441594.0,30688424.508394223,3753169.4916057736,2022,5500000.0,0.0,183646220.38531476,0.0209114624188262,0,0,-3753169.4916057778,Regular (<$250M)
960258,Shark Bait,Horror; Thriller; Action; Adventure,1824152.0,7053212.231247565,5229060.231247565,2022,5000000.0,0.0,160011008.10816813,0.0208282620888054,0,0,5229060.231247565,Regular (<$250M)
619803,The Roundup,Action; Crime; Thriller,101166707.0,20551051.72553594,80615655.27446406,2022,7600000.0,0.0,173508847.60245648,0.0212238409550277,0,0,-80615655.27446406,Regular (<$250M)
852438,Final Cut,Horror; Comedy,2046233.0,6297838.11079259,4251605.11079259,2022,4300000.0,0.0,159255633.98771313,0.0208282620888054,0,0,4251605.11079259,Regular (<$250M)
420821,Chip 'n Dale: Rescue Rangers,Animation; Family; Comedy; Adventure; Mystery,623190.0,79031587.9291851,78408397.9291851,2022,70000000.0,0.0,231989383.80610567,0.0252561158821675,0,0,78408397.9291851,Regular (<$250M)
780609,Men,Horror; Thriller; Fantasy,11152071.0,8150508.456423944,3001562.543576056,2022,6500000.0,0.0,161108304.3333445,0.0208282620888054,0,0,-3001562.543576056,Regular (<$250M)
820067,The Quintessential Quintuplets Movie,Animation; Comedy; Romance,3670507.0,18242575.031286683,14572068.031286685,2022,,0.0,171200370.90820724,0.0219062204268373,0,0,14572068.031286685,Regular (<$250M)
836202,Brother and Sister,Drama,369419.0,4663031.678963491,4293612.678963491,2022,4800000.0,0.0,157620827.55588403,0.020802882925697,0,0,4293612.678963491,Regular (<$250M)
361743,Top Gun: Maverick,Action; Drama,1488732821.0,429079982.4704016,1059652838.5295984,2022,170000000.0,276122186.59348106,582037778.3473222,0.4288578814193425,1,1,-1059652838.5295984,Blockbuster (>$400M)
819876,Crimes of the Future,Science Fiction; Horror; Thriller,4551565.0,9540650.656274453,4989085.656274451,2022,27000000.0,0.0,162498446.533195,0.020802882925697,0,0,4989085.656274453,Regular (<$250M)
504827,The Bob's Burgers Movie,Animation; Comedy; Crime; Mystery,34148750.0,19214951.85043349,14933798.149566509,2022,38000000.0,0.0,172172747.72735405,0.0212142810139121,0,0,-14933798.149566509,Regular (<$250M)
507086,Jurassic World Dominion,Adventure; Science Fiction; Thriller; Action,1004004592.0,777863777.0945998,226140814.90540016,2022,658800000.0,624905981.2176793,930821572.9715204,0.5561086740185527,1,1,-226140814.90540016,Blockbuster (>$400M)
807356,Watcher,Horror; Mystery; Thriller,3621656.0,4411111.793051516,789455.7930515157,2022,5000000.0,0.0,157368907.66997206,0.020802882925697,0,0,789455.7930515157,Regular (<$250M)
983507,Good Boy,Horror; Thriller,51876.0,4238.500381599943,47637.499618400056,2022,8500.0,0.0,152962034.37730214,0.020802882925697,0,0,-47637.499618400056,Regular (<$250M)
736732,Broker,Drama,18632208.0,13782008.517380662,4850199.482619338,2022,7800000.0,0.0,166739804.3943012,0.0209915197978345,0,0,-4850199.482619338,Regular (<$250M)
610150,Dragon Ball Super: Super Hero,Animation; Science Fiction; Action,86600000.0,14352661.54023862,72247338.45976138,2022,,0.0,167310457.41715917,0.0216155946107869,0,0,-72247338.45976138,Regular (<$250M)
615173,The Witch: Part 2. The Other One,Action; Mystery; Thriller; Science Fiction,23068596.0,19792830.39264178,3275765.607358221,2022,,0.0,172750626.26956233,0.0215838908053896,0,0,-3275765.607358221,Regular (<$250M)
718789,Lightyear,Animation; Science Fiction; Family; Adventure,226425420.0,114758817.62008294,111666602.37991706,2022,200000000.0,0.0,267716613.4970035,0.0906968762402065,0,1,-111666602.37991706,Regular (<$250M)
735697,Incredible But True,Comedy; Fantasy; Mystery,2329813.0,1782700.7770129256,547112.2229870744,2022,4340000.0,0.0,154740496.65393347,0.020802882925697,0,0,-547112.2229870744,Regular (<$250M)
756999,The Black Phone,Horror; Thriller,161441914.0,56946967.317994885,104494946.6820051,2022,16000000.0,0.0,209904763.19491544,0.0211850224204485,0,0,-104494946.6820051,Regular (<$250M)
758330,"Good Luck to You, Leo Grande",Romance; Drama,7589829.0,598357.9257677926,6991471.074232208,2022,,0.0,153556153.80268833,0.020802882925697,0,0,-6991471.074232208,Regular (<$250M)
614934,Elvis,Music; History; Drama,288670284.0,95979146.9231572,192691137.0768428,2022,85000000.0,0.0,248936942.80007777,0.4385313872667702,0,1,-192691137.0768428,High Grossing ($250M-$400M)
869626,Marcel the Shell with Shoes On,Animation; Comedy; Drama; Family; Fantasy,6909209.0,6832806.9024568675,76402.09754313249,2022,6000000.0,0.0,159790602.77937743,0.0211132470254078,0,0,-76402.09754313249,Regular (<$250M)
438148,Minions: The Rise of Gru,Animation; Comedy; Science Fiction; Crime; Family,940203765.0,381032704.4974525,559171060.5025475,2022,85000000.0,228074908.6205319,533990500.37437296,0.3855332466707151,1,1,-559171060.5025475,Blockbuster (>$400M)
705996,Decision to Leave,Thriller; Mystery; Romance,16914773.0,6364656.557267041,10550116.44273296,2022,,0.0,159322452.4341876,0.021132290070586,0,0,-10550116.44273296,Regular (<$250M)
616037,Thor: Love and Thunder,Fantasy; Action; Comedy,760928081.0,733509470.9536734,27418610.046326637,2022,250000000.0,580551675.0767528,886467266.830594,0.784213661213835,1,1,-27418610.046326637,Blockbuster (>$400M)
913823,Fire of Love,Documentary,1695072.0,1270888.622415298,424183.3775847021,2022,,0.0,154228684.49933586,0.020802882925697,0,0,-424183.3775847021,Regular (<$250M)
725201,The Gray Man,Action; Thriller,454023.0,95349142.840803,94895119.840803,2022,200000000.0,0.0,248306938.71772355,0.0359022243088424,0,0,94895119.840803,Regular (<$250M)
889699,Holy Spider,Thriller; Drama; Crime,1252637.0,2847389.59894507,1594752.59894507,2022,,0.0,155805185.47586563,0.020802882925697,0,0,1594752.59894507,Regular (<$250M)
925102,The Night of the 12th,Crime; Mystery; Drama,3467232.0,2584276.9585647406,882955.0414352594,2022,,0.0,155542072.83548528,0.0208282620888054,0,0,-882955.0414352594,Regular (<$250M)
938008,The Killer (2022),Action; Crime; Thriller,595112.0,2944443.3585843374,2349331.3585843374,2022,,0.0,155902239.2355049,0.0208954192525184,0,0,2349331.3585843374,Regular (<$250M)
366672,Paws of Fury: The Legend of Hank,Animation; Adventure; Comedy; Family; Action,42500000.0,13845143.679703074,28654856.32029693,2022,45000000.0,0.0,166802939.55662364,0.0212142810139121,0,0,-28654856.32029693,Regular (<$250M)
682507,Where the Crawdads Sing,Drama; Mystery; Romance,144353965.0,5861293.946624484,138492671.0533755,2022,24000000.0,0.0,158819089.82354504,0.0209588768283183,0,0,-138492671.0533755,Regular (<$250M)
754609,Mrs. Harris Goes to Paris,Drama; Comedy; History,31179316.0,1720458.4936253836,29458857.506374616,2022,,0.0,154678254.37054592,0.020802882925697,0,0,-29458857.506374616,Regular (<$250M)
982752,American Carnage,Mystery; Thriller; Comedy; Horror,116699.0,1100586.1979320906,983887.1979320906,2022,,0.0,154058382.07485265,0.020802882925697,0,0,983887.1979320906,Regular (<$250M)
601796,Alienoid,Science Fiction; Action; Fantasy; Adventure,12109608.0,23146917.704173453,11037309.704173451,2022,24500000.0,0.0,176104713.581094,0.0214764093057896,0,0,11037309.704173451,Regular (<$250M)
762504,Nope,Horror; Science Fiction; Thriller,171932082.0,61718471.83010984,110213610.16989017,2022,68000000.0,0.0,214676267.7070304,0.0239373919744779,0,0,-110213610.16989017,Regular (<$250M)
848685,The Beasts,Thriller; Drama,10238603.0,2964533.1423372924,7274069.857662708,2022,3900000.0,0.0,155922329.01925784,0.0210401291130113,0,0,-7274069.857662708,Regular (<$250M)
539681,DC League of Super-Pets,Family; Comedy; Adventure; Animation; Science Fiction; Action,203000000.0,38778733.16416357,164221266.83583644,2022,90000000.0,0.0,191736529.0410841,0.0294579466598392,0,0,-164221266.83583644,Regular (<$250M)
760161,Orphan: First Kill,Horror; Thriller,9572765.0,8622459.226678787,950305.7733212132,2022,10000000.0,0.0,161580255.10359934,0.0208870178610218,0,0,-950305.7733212132,Regular (<$250M)
683340,Vengeance,Comedy; Mystery; Thriller,4225720.0,3606242.0190670984,619477.9809329016,2022,,0.0,156564037.89598766,0.0208178805256418,0,0,-619477.9809329016,Regular (<$250M)
925786,Satan's Slaves 2: Communion,Horror; Mystery,14342131.0,4710808.709412221,9631322.29058778,2022,1000000.0,0.0,157668604.58633277,0.0211808077281013,0,0,-9631322.29058778,Regular (<$250M)
626872,Emergency Declaration,Action; Drama; Thriller,19200000.0,29796912.004766226,10596912.004766226,2022,18052672.0,0.0,182754707.8816868,0.021132290070586,0,0,10596912.004766226,Regular (<$250M)
718930,Bullet Train,Action; Comedy; Thriller,239268602.0,81753991.55928615,157514610.44071385,2022,90000000.0,0.0,234711787.4362067,0.0299963674967499,0,0,-157514610.44071385,Regular (<$250M)
518896,Warriors of Future,Drama; Action; Science Fiction,100730000.0,3826250.040133805,96903749.9598662,2022,,0.0,156784045.91705436,0.0227389596332585,0,0,-96903749.9598662,Regular (<$250M)
520023,Bodies Bodies Bodies,Comedy; Mystery; Horror,13929670.0,4932077.3943741545,8997592.605625845,2022,3000000.0,0.0,157889873.2712947,0.0208439566180736,0,0,-8997592.605625845,Regular (<$250M)
900667,One Piece Film Red,Animation; Adventure; Action; Fantasy; Music,171315305.0,35645831.96047547,135669473.03952453,2022,,0.0,188603627.83739603,0.0216499477891591,0,0,-135669473.03952453,Regular (<$250M)
727340,Hunt,Action; Mystery; Drama,25994.0,22042062.11605656,22016068.11605656,2022,17000000.0,0.0,174999857.9929771,0.0209915197978345,0,0,22016068.11605656,Regular (<$250M)
760741,Beast,Action; Adventure; Horror; Thriller; Drama,56000000.0,29796827.33776797,26203172.66223203,2022,36000000.0,0.0,182754623.2146885,0.0210382854682337,0,0,-26203172.66223203,Regular (<$250M)
985939,Fall,Thriller,17363261.0,2306571.0855704187,15056689.91442958,2022,3000000.0,0.0,155264366.96249098,0.0208870178610218,0,0,-15056689.91442958,Regular (<$250M)
862965,Emily the Criminal,Crime; Drama; Thriller,2157673.0,1018866.81367832,1138806.18632168,2022,2000000.0,0.0,153976662.69059888,0.020802882925697,0,0,-1138806.18632168,Regular (<$250M)
976720,Vesper,Science Fiction; Drama; Adventure; Fantasy,889529.0,759628.634964156,129900.36503584404,2022,,0.0,153717424.51188472,0.020802882925697,0,0,-129900.36503584404,Regular (<$250M)
844075,New Gods: Yang Jian,Animation; Adventure; Fantasy; Comedy,70826303.0,15734997.89108929,55091305.10891071,2022,,0.0,168692793.76800984,0.0340063164263738,0,0,-55091305.10891071,Regular (<$250M)
556694,Three Thousand Years of Longing,Drama; Fantasy; Romance,20300000.0,36546550.76237784,16246550.762377836,2022,60000000.0,0.0,189504346.6392984,0.0220189888650129,0,0,16246550.762377843,Regular (<$250M)
676701,Tad the Lost Explorer and the Emerald Tablet,Animation; Adventure; Family; Comedy; Fantasy,32800000.0,19466882.676191512,13333117.323808488,2022,11983950.0,0.0,172424678.55311206,0.0212295641192717,0,0,-13333117.323808488,Regular (<$250M)
744276,After Ever Happy,Romance; Drama,19238073.0,23825537.74879691,4587464.74879691,2022,14000000.0,0.0,176783333.62571746,0.021145774006574,0,0,4587464.74879691,Regular (<$250M)
830788,The Invitation (2022),Horror; Thriller,33628000.0,22815629.270284276,10812370.729715724,2022,10000000.0,0.0,175773425.14720482,0.0212046003220373,0,0,-10812370.729715724,Regular (<$250M)
629176,Samaritan,Science Fiction; Crime; Action,75000000.0,267296091.15217367,192296091.15217367,2022,100000000.0,114338295.27525312,420253887.0290942,0.0380136735317454,0,0,192296091.15217367,Regular (<$250M)
551271,Medieval,Action; Drama; History,4311284.0,4768227.677641045,456943.6776410453,2022,23000000.0,0.0,157726023.5545616,0.0209588768283183,0,0,456943.6776410453,Regular (<$250M)
800939,Ticket to Paradise,Drama; Comedy; Romance,168800000.0,11222696.3624165,157577303.6375835,2022,20000000.0,0.0,164180492.23933706,0.0207705974957438,0,0,-157577303.6375835,Regular (<$250M)
828613,About Fate,Romance; Comedy,504843.0,852494.9056537433,347651.9056537433,2022,,0.0,153810290.7825743,0.020802882925697,0,0,347651.9056537433,Regular (<$250M)
913290,Barbarian,Horror; Mystery; Thriller,45400000.0,3975920.247372089,41424079.75262791,2022,4500000.0,0.0,156933716.12429264,0.020802882925697,0,0,-41424079.75262791,Regular (<$250M)
766475,See How They Run,Mystery; Comedy; Crime,21921551.0,23178093.422302037,1256542.4223020377,2022,40000000.0,0.0,176135889.2992226,0.0209576652455065,0,0,1256542.4223020377,Regular (<$250M)
788734,Sick of Myself,Comedy; Horror,1051375.0,1801536.782134749,750161.782134749,2022,,0.0,154759332.6590553,0.0208439566180736,0,0,750161.782134749,Regular (<$250M)
840326,Sisu,Action; War; Thriller,14281199.0,3167084.0889818035,11114114.911018196,2022,6600000.0,0.0,156124879.96590236,0.0208870178610218,0,0,-11114114.911018196,Regular (<$250M)
916192,"The Tunnel to Summer, the Exit of Goodbyes",Animation; Drama; Romance; Fantasy; Science Fiction,872000.0,7980302.010038034,7108302.010038034,2022,,0.0,160938097.8869586,0.0211704003333857,0,0,7108302.010038034,Regular (<$250M)
717728,Jeepers Creepers: Reborn,Horror,6175213.0,2177445.279000542,3997767.720999458,2022,5000000.0,0.0,155135241.1559211,0.020802882925697,0,0,-3997767.720999458,Regular (<$250M)
724495,The Woman King,Action; Drama; History; War,97562514.0,20884804.697153497,76677709.3028465,2022,50000000.0,0.0,173842600.57407403,0.02123558899794,0,0,-76677709.3028465,Regular (<$250M)
724665,"Confess, Fletch",Comedy; Mystery; Crime,500000.0,1366748.868257142,866748.8682571419,2022,20000000.0,0.0,154324544.7451777,0.020825323946338,0,0,866748.8682571419,Regular (<$250M)
910371,Hell Dogs,Action; Crime; Drama; Mystery; Thriller,3744712.0,8934299.134946043,5189587.134946043,2022,,0.0,161892095.0118666,0.021132290070586,0,0,5189587.134946043,Regular (<$250M)
949423,Pearl,Horror,9847490.0,6179270.716988683,3668219.2830113177,2022,1000000.0,0.0,159137066.59390923,0.0209610928611344,0,0,-3668219.2830113177,Regular (<$250M)
497828,Triangle of Sadness,Comedy; Drama,24733572.0,5946851.004849911,18786720.99515009,2022,15600000.0,0.0,158904646.88177046,0.0210401291130113,0,0,-18786720.99515009,Regular (<$250M)
619730,Don't Worry Darling,Thriller; Science Fiction; Mystery,86700000.0,20372877.35169158,66327122.64830842,2022,35000000.0,0.0,173330673.22861212,0.0213087508936593,0,0,-66327122.64830842,Regular (<$250M)
799379,Project Wolf Hunting,Action; Thriller; Horror; Crime,20541.0,11418769.207663674,11398228.207663674,2022,9000000.0,0.0,164376565.08458424,0.0209915197978345,0,0,11398228.207663674,Regular (<$250M)
882598,Smile,Horror; Mystery,217408513.0,79097995.50844653,138310517.4915535,2022,17000000.0,0.0,232055791.3853671,0.0212040636455847,0,0,-138310517.4915535,Regular (<$250M)
664469,Amsterdam,Mystery; Comedy; Drama,31245810.0,56349007.832041815,25103197.832041815,2022,80000000.0,0.0,209306803.7089624,0.0314953639176812,0,0,25103197.832041815,Regular (<$250M)
338947,Hellraiser,Horror; Thriller,10303.0,19768157.100527216,19757854.100527216,2022,14000000.0,0.0,172725952.97744778,0.0208439566180736,0,0,19757854.100527216,Regular (<$250M)
522925,Dalíland,History; Drama,497933.0,1071911.6013398538,573978.6013398538,2022,,0.0,154029707.4782604,0.0208282620888054,0,0,573978.6013398538,Regular (<$250M)
714888,Argentina 1985,Drama; History; Crime,58424000.0,1578520.9788114012,56845479.0211886,2022,20000000.0,0.0,154536316.85573196,0.0210401291130113,0,0,-56845479.0211886,Regular (<$250M)
614939,Bros,Comedy; Romance,14781779.0,18058995.586049445,3277216.586049445,2022,22000000.0,0.0,171016791.46297,0.0208178805256418,0,0,3277216.586049445,Regular (<$250M)
785398,EO,Drama; Adventure,1068353.0,358631.6308143243,709721.3691856756,2022,,0.0,153316427.50773486,0.020802882925697,0,0,-709721.3691856756,Regular (<$250M)
947507,Just Super,Animation; Family; Fantasy,2013434.0,948612.2867278256,1064821.7132721744,2022,3800000.0,0.0,153906408.16364837,0.0210231015883665,0,0,-1064821.7132721744,Regular (<$250M)
823951,November,Crime; Drama; Thriller,18114769.0,2253980.4681298626,15860788.531870138,2022,17700000.0,0.0,155211776.34505042,0.020802882925697,0,0,-15860788.531870138,Regular (<$250M)
663712,Terrifier 2,Horror,15815602.0,607102.1307728655,15208499.869227134,2022,250000.0,0.0,153564898.0076934,0.0211068813219183,0,0,-15208499.869227134,Regular (<$250M)
848791,The Stranger,Thriller; Crime; Drama,149441.0,2613420.935519843,2463979.935519843,2022,,0.0,155571216.8124404,0.020802882925697,0,0,2463979.935519843,Regular (<$250M)
817758,TÁR,Music; Drama,29048571.0,15532012.100179754,13516558.899820246,2022,35000000.0,0.0,168489807.9771003,0.0356095011029197,0,0,-13516558.899820246,Regular (<$250M)
823147,To Leslie,Drama,27322.0,1844374.206814699,1817052.206814699,2022,,0.0,154802170.08373526,0.020867055873419,0,0,1817052.206814699,Regular (<$250M)
830784,"Lyle, Lyle, Crocodile",Comedy; Family; Music,111080122.0,24737010.25152359,86343111.74847642,2022,50000000.0,0.0,177694806.12844414,0.0209389259038926,0,0,-86343111.74847642,Regular (<$250M)
848058,Piggy,Horror; Drama,543064.0,1608940.163008589,1065876.163008589,2022,2400000.0,0.0,154566736.03992915,0.020802882925697,0,0,1065876.163008589,Regular (<$250M)
616820,Halloween Ends,Horror; Thriller,105400796.0,66919306.41792256,38481489.58207744,2022,33000000.0,0.0,219877102.2948431,0.0208219456277694,0,0,-38481489.58207744,Regular (<$250M)
919573,The Innocent,Comedy; Crime; Romance,5175806.0,2051983.1854526985,3123822.8145473013,2022,4000000.0,0.0,155009779.06237325,0.020802882925697,0,0,-3123822.8145473013,Regular (<$250M)
854239,Till,Drama; History,11498884.0,11822529.463584024,323645.4635840226,2022,33000000.0,0.0,164780325.3405046,0.0219659698955674,0,0,323645.46358402446,Regular (<$250M)
879444,Accident Man: Hitman's Holiday,Action; Comedy; Crime,41000000.0,7987604.932145731,33012395.06785427,2022,,0.0,160945400.8090663,0.0208769086415115,0,0,-33012395.06785427,Regular (<$250M)
436270,Black Adam,Action; Adventure; Science Fiction,393452111.0,85559127.4059974,307892983.5940026,2022,200000000.0,0.0,238516923.28291795,0.0568313676341604,0,0,-307892983.5940026,High Grossing ($250M-$400M)
865498,The New Toy,Comedy; Family; Drama,7295051.0,15429676.559313271,8134625.559313271,2022,13125000.0,0.0,168387472.43623382,0.020802882925697,0,0,8134625.559313271,Regular (<$250M)
674324,The Banshees of Inisherin,Drama; Comedy,49300000.0,3188807.8671308006,46111192.1328692,2022,20000000.0,0.0,156146603.74405134,0.0208282620888054,0,0,-46111192.1328692,Regular (<$250M)
886083,Deadstream,Horror; Comedy; Fantasy,1031519.0,286822.646761,744696.3532390001,2022,,0.0,153244618.52368155,0.020802882925697,0,0,-744696.3532390001,Regular (<$250M)
965150,Aftersun,Drama,7834405.0,448593.9318553611,7385811.068144639,2022,,0.0,153406389.8087759,0.020802882925697,0,0,-7385811.068144639,Regular (<$250M)
893712,Sword Art Online the Movie – Progressive – Scherzo of Deep Night,Animation; Action; Fantasy; Science Fiction,9071701.0,12547921.047574216,3476220.0475742165,2022,,0.0,165505716.92449477,0.0216155946107869,0,0,3476220.0475742165,Regular (<$250M)
676547,Prey for the Devil,Horror; Thriller,37655699.0,2628849.9636106775,35026849.03638932,2022,,0.0,155586645.84053123,0.020802882925697,0,0,-35026849.03638932,Regular (<$250M)
615952,Armageddon Time,Drama,6524886.0,8170408.440890877,1645522.4408908775,2022,15000000.0,0.0,161128204.31781143,0.0208282620888054,0,0,1645522.4408908766,Regular (<$250M)
892515,Masquerade,Comedy; Crime; Drama; Romance,6667598.0,9507226.877086656,2839628.877086656,2022,14000000.0,0.0,162465022.75400722,0.0210053173354777,0,0,2839628.877086656,Regular (<$250M)
901563,Close,Drama,3129968.0,1025338.2651617724,2104629.7348382277,2022,,0.0,153983134.14208233,0.0208282620888054,0,0,-2104629.7348382277,Regular (<$250M)
760099,Living,Drama,6999027.0,2978576.823546132,4020450.176453868,2022,10000000.0,0.0,155936372.7004667,0.020802882925697,0,0,-4020450.176453868,Regular (<$250M)
910858,The Estate,Comedy; Drama,572062.0,1076809.2192595594,504747.2192595594,2022,,0.0,154034605.0961801,0.020802882925697,0,0,504747.2192595594,Regular (<$250M)
505642,Black Panther: Wakanda Forever,Action; Adventure; Science Fiction,859102154.0,1243116932.9325864,384014778.9325864,2022,250000000.0,1090159137.055666,1396074728.809507,0.7916901787598424,1,1,384014778.9325864,Blockbuster (>$400M)
806368,The Son,Drama,3564844.0,5181696.189298491,1616852.189298491,2022,,0.0,158139492.06621903,0.0210056761415325,0,0,1616852.189298491,Regular (<$250M)
804095,The Fabelmans,Drama,45629909.0,40017428.79483403,5612480.205165967,2022,40000000.0,0.0,192975224.6717546,0.0212029452103813,0,0,-5612480.205165967,Regular (<$250M)
916224,Suzume,Animation; Drama; Adventure; Fantasy,314992206.0,37209677.92221117,277782528.07778883,2022,13000000.0,0.0,190167473.79913172,0.0213232541497876,0,0,-277782528.07778883,High Grossing ($250M-$400M)
593643,The Menu,Comedy; Horror,79628200.0,11577782.197205182,68050417.80279481,2022,35000000.0,0.0,164535578.07412574,0.0209389259038926,0,0,-68050417.80279481,Regular (<$250M)
823999,Diabolik: Ginko Attacks!,Crime; Action,1228459.0,2089366.469314266,860907.469314266,2022,,0.0,155047162.34623483,0.020685432796028,0,0,860907.469314266,Regular (<$250M)
837881,She Said,Drama; History,13900000.0,10813846.071551604,3086153.928448396,2022,32000000.0,0.0,163771641.94847214,0.021174766566793,0,0,-3086153.928448396,Regular (<$250M)
791177,Bones and All,Horror; Romance; Drama,15234907.0,5136924.68768816,10097982.31231184,2022,16000000.0,0.0,158094720.56460872,0.0209915197978345,0,0,-10097982.31231184,Regular (<$250M)
952701,Return to Seoul,Drama,1594998.0,1413033.7618780874,181964.23812191255,2022,,0.0,154370829.63879862,0.0208282620888054,0,0,-181964.23812191255,Regular (<$250M)
653851,Devotion,War; Drama; History,21768133.0,46592182.22961821,24824049.229618207,2022,90000000.0,0.0,199549978.10653877,0.0420942012978369,0,0,24824049.229618207,Regular (<$250M)
661374,Glass Onion: A Knives Out Mystery,Comedy; Crime; Mystery,15000000.0,172647838.1730287,157647838.1730287,2022,40000000.0,19690042.296108156,325605634.0499493,0.0216577686920863,0,0,157647838.1730287,Regular (<$250M)
877269,Strange World,Animation; Family; Adventure; Fantasy; Science Fiction,73621640.0,56840835.46746187,16780804.53253813,2022,180000000.0,0.0,209798631.3443824,0.0607390698825862,0,0,-16780804.53253813,Regular (<$250M)
668482,Roald Dahl's Matilda the Musical,Family; Comedy; Fantasy,37289659.0,15625534.875350244,21664124.124649756,2022,25000000.0,0.0,168583330.7522708,0.0208823853530802,0,0,-21664124.124649756,Regular (<$250M)
744594,White Noise,Comedy; Drama,71476.0,45862731.35022725,45791255.35022725,2022,100000000.0,0.0,198820527.2271478,0.0334298983161191,0,0,45791255.35022725,Regular (<$250M)
876792,That Time I Got Reincarnated as a Slime the Movie: Scarlet Bond,Animation; Fantasy; Adventure,11628645.0,18996075.204998624,7367430.204998624,2022,,0.0,171953871.08191916,0.0216155946107869,0,0,7367430.204998624,Regular (<$250M)
899112,Violent Night,Action; Comedy; Fantasy,75734910.0,53287890.43546016,22447019.56453984,2022,20000000.0,0.0,206245686.3123807,0.0212040636455847,0,0,-22447019.56453984,Regular (<$250M)
783675,The First Slam Dunk,Animation; Comedy; Drama,258000000.0,7838808.216028006,250161191.783972,2022,,0.0,160796604.09294856,0.0213184057061003,0,0,-250161191.783972,High Grossing ($250M-$400M)
315162,Puss in Boots: The Last Wish,Animation; Adventure; Fantasy; Comedy; Family,484700000.0,246149345.9309478,238550654.0690522,2022,90000000.0,93191550.05402726,399107141.8078683,0.0622731355935907,1,0,-238550654.0690522,Blockbuster (>$400M)
785084,The Whale,Drama,57615635.0,5297996.74640429,52317638.25359571,2022,3000000.0,0.0,158255792.62332484,0.020791712888208,0,0,-52317638.25359571,Regular (<$250M)
814757,Empire of Light,Drama; Romance,11395604.0,30936088.07692424,19540484.07692424,2022,13500000.0,0.0,183893883.9538448,0.0206176066179282,0,0,19540484.07692424,Regular (<$250M)
1020696,Play Dead,Horror; Thriller,356840.0,843663.2173665507,486823.2173665507,2022,,0.0,153801459.0942871,0.020802882925697,0,0,486823.2173665507,Regular (<$250M)
76600,Avatar: The Way of Water,Action; Adventure; Science Fiction,2334484620.0,573379981.4734284,1761104638.5265718,2022,460000000.0,420422185.5965078,726337777.350349,0.6010917544756877,1,1,-1761104638.5265718,Blockbuster (>$400M)
696157,Whitney Houston: I Wanna Dance with Somebody,Music; Drama,59806881.0,24827276.845328417,34979604.15467158,2022,50000000.0,0.0,177785072.72224897,0.0308870400807082,0,0,-34979604.15467158,Regular (<$250M)
803700,The Eight Mountains,Drama,9494985.0,1553772.2407839925,7941212.759216008,2022,,0.0,154511568.11770454,0.0210933587920451,0,0,-7941212.759216008,Regular (<$250M)
615777,Babylon,Drama; Comedy,65267446.0,75872209.52023855,10604763.520238549,2022,78000000.0,0.0,228830005.3971591,0.0364687479280026,0,0,10604763.520238549,Regular (<$250M)
777245,Women Talking,Drama,7589419.0,1668468.9986664464,5920950.001333553,2022,20000000.0,0.0,154626264.875587,0.0208178805256418,0,0,-5920950.001333553,Regular (<$250M)
916401,Watch the Skies,Science Fiction; Adventure; Drama,69618.0,3232348.5781236417,3162730.5781236417,2022,5000000.0,0.0,156190144.45504418,0.020802882925697,0,0,3162730.5781236417,Regular (<$250M)
536554,M3GAN,Science Fiction; Horror,180089109.0,64139552.24969023,115949556.75030977,2022,12000000.0,0.0,217097348.1266108,0.0212481894298521,0,0,-115949556.75030977,Regular (<$250M)
758009,Shotgun Wedding,Action; Comedy; Romance,4495365.0,13212303.002198748,8716938.002198748,2022,,0.0,166170098.8791193,0.0208178805256418,0,0,8716938.002198748,Regular (<$250M)
937278,A Man Called Otto,Comedy; Drama,113360085.0,26746737.19068498,86613347.80931503,2022,50000000.0,0.0,179704533.06760553,0.0212577316211678,0,0,-86613347.80931503,Regular (<$250M)
739405,Operation Fortune: Ruse de Guerre,Action; Comedy; Thriller; Adventure,48983306.0,27487691.096431497,21495614.903568503,2023,50000000.0,0.0,180445486.97335204,0.0209249703252046,0,0,-21495614.903568503,Regular (<$250M)
816904,Mummies,Animation; Adventure; Fantasy; Family,53400000.0,12779243.817628415,40620756.18237159,2023,12000000.0,0.0,165737039.69454896,0.0210231015883665,0,0,-40620756.18237159,Regular (<$250M)
842544,Transfusion,Crime; Action; Drama,95000.0,573167.3317372648,478167.3317372648,2023,,0.0,153530963.2086578,0.020825323946338,0,0,478167.3317372648,Regular (<$250M)
967585,Alibi.com 2,Comedy; Family,34112816.0,8270313.862273033,25842502.137726966,2023,,0.0,161228109.7391936,0.0208769086415115,0,0,-25842502.137726966,Regular (<$250M)
646389,Plane,Action; Adventure; Thriller,74515586.0,12441035.785054214,62074550.214945786,2023,25000000.0,0.0,165398831.66197476,0.020802882925697,0,0,-62074550.214945786,Regular (<$250M)
994143,Skinamarink,Horror,2131183.0,7790.928250006092,2123392.071749994,2023,15000.0,0.0,152965586.80517057,0.020802882925697,0,0,-2123392.071749994,Regular (<$250M)
990140,Sakra,Action; Adventure,159959.0,2402995.2018474117,2243036.2018474117,2023,,0.0,155360791.07876796,0.0209588768283183,0,0,2243036.2018474117,Regular (<$250M)
768362,Missing,Drama; Mystery; Thriller,48767848.0,18353517.455228083,30414330.544771917,2023,7000000.0,0.0,171311313.33214864,0.0208823853530802,0,0,-30414330.544771917,Regular (<$250M)
842675,The Wandering Earth II,Science Fiction; Action; Adventure,665000000.0,356844990.3424928,308155009.6575072,2023,73800000.0,203887194.46557227,509802786.2194134,0.4977476449561928,1,1,-308155009.6575072,Blockbuster (>$400M)
939338,Epic Tails,Animation; Adventure; Fantasy; Family; Comedy,4834952.0,1049568.5757346791,3785383.424265321,2023,,0.0,154007364.45265523,0.0210231015883665,0,0,-3785383.424265321,Regular (<$250M)
980078,Winnie the Pooh: Blood and Honey,Horror,7717044.0,521374.764733391,7195669.235266609,2023,100000.0,0.0,153479170.64165395,0.021083507447797,0,0,-7195669.235266609,Regular (<$250M)
667216,Infinity Pool,Horror; Science Fiction; Thriller,5078400.0,2360216.3268366735,2718183.6731633265,2023,4500000.0,0.0,155318012.20375723,0.0208282620888054,0,0,-2718183.6731633265,Regular (<$250M)
972230,Maybe I Do,Comedy; Romance; Drama,4393504.0,2169226.338447526,2224277.661552474,2023,7500000.0,0.0,155127022.2153681,0.020802882925697,0,0,-2224277.661552474,Regular (<$250M)
631842,Knock at the Cabin,Horror; Mystery; Thriller,54700000.0,6692899.651044455,48007100.34895554,2023,20000000.0,0.0,159650695.527965,0.020728091143835,0,0,-48007100.34895554,Regular (<$250M)
643215,Asterix & Obelix: The Middle Kingdom,Family; Comedy; Adventure; Fantasy,46497678.0,59859730.3064159,13362052.3064159,2023,72000000.0,0.0,212817526.18333644,0.0220485144250477,0,0,13362052.3064159,Regular (<$250M)
942922,80 for Brady,Comedy; Drama,29637811.0,7209561.516358517,22428249.483641483,2023,28000000.0,0.0,160167357.39327908,0.0208282620888054,0,0,-22428249.483641483,Regular (<$250M)
906221,Magic Mike's Last Dance,Comedy; Drama; Romance,52000000.0,94854846.32693124,42854846.32693125,2023,45000000.0,0.0,247812642.20385185,0.0208995631686838,0,0,42854846.32693124,Regular (<$250M)
983883,Marry My Dead Body,Comedy; Action; Horror,15410325.0,2555434.0554724587,12854890.94452754,2023,1874400.0,0.0,155513229.932393,0.0233205974985912,0,0,-12854890.94452754,Regular (<$250M)
1016084,BlackBerry,Comedy; Drama; History,2600000.0,1336533.5409041718,1263466.4590958282,2023,5000000.0,0.0,154294329.41782472,0.020802882925697,0,0,-1263466.4590958282,Regular (<$250M)
640146,Ant-Man and the Wasp: Quantumania,Action; Adventure; Science Fiction,476071180.0,690287603.1184071,214216423.11840713,2023,200000000.0,537329807.2414865,843245398.9953277,0.7193199914875849,1,1,214216423.11840713,Blockbuster (>$400M)
844417,Marlowe,Crime,6262663.0,874936.6630135447,5387726.336986455,2023,20000000.0,0.0,153832732.5399341,0.0208282620888054,0,0,-5387726.336986455,Regular (<$250M)
845659,Perfect Addiction,Drama; Romance,143705.0,4181603.3894499945,4037898.3894499945,2023,,0.0,157139399.26637053,0.0208178805256418,0,0,4037898.3894499945,Regular (<$250M)
804150,Cocaine Bear,Thriller; Comedy; Crime,88314672.0,71881409.55182956,16433262.448170438,2023,32500000.0,0.0,224839205.4287501,0.0214902432990378,0,0,-16433262.448170438,Regular (<$250M)
977506,The Crime Is Mine,Crime; Comedy; Mystery; Drama,10436638.0,4491685.808582374,5944952.191417626,2023,13700000.0,0.0,157449481.68550292,0.020802882925697,0,0,-5944952.191417626,Regular (<$250M)
677179,Creed III,Drama; Action,275300000.0,220181487.53982377,55118512.46017623,2023,75000000.0,67223691.66290322,373139283.4167443,0.0362587479641773,0,0,-55118512.46017623,High Grossing ($250M-$400M)
459003,Mavka: The Forest Song,Animation; Adventure; Family; Fantasy,17974964.0,5787016.045208516,12187947.954791484,2023,5000000.0,0.0,158744811.92212906,0.0210231015883665,0,0,-12187947.954791484,Regular (<$250M)
700391,65,Action; Adventure; Science Fiction,60730568.0,28728601.921161298,32001966.078838702,2023,45000000.0,0.0,181686397.79808185,0.0210204104686043,0,0,-32001966.078838702,Regular (<$250M)
921785,Mixed by Erry,Comedy; History; Music,1120191.0,2984703.8289387044,1864512.8289387044,2023,8538750.0,0.0,155942499.70585924,0.0208282620888054,0,0,1864512.8289387044,Regular (<$250M)
934433,Scream VI,Horror; Thriller; Crime,169063850.0,79423041.9243737,89640808.0756263,2023,33000000.0,0.0,232380837.80129427,0.0210033604376821,0,0,-89640808.0756263,Regular (<$250M)
933419,Champions (2023),Comedy; Drama,9263009.0,5368098.662949333,3894910.337050667,2023,,0.0,158325894.53986987,0.0209915197978345,0,0,-3894910.337050667,Regular (<$250M)
958196,Inside,Thriller; Drama,170000.0,2605105.9499786138,2435105.9499786138,2023,,0.0,155562901.82689917,0.0209216666707987,0,0,2435105.9499786138,Regular (<$250M)
978870,Last Night of Amore,Thriller; Crime,3800000.0,2069148.4654069971,1730851.5345930029,2023,9500000.0,0.0,155026944.34232754,0.0209588768283183,0,0,-1730851.5345930029,Regular (<$250M)
594767,Shazam! Fury of the Gods,Comedy; Action; Fantasy,134221819.0,345206573.0698857,210984754.06988567,2023,110000000.0,192248777.19296512,498164368.9468062,0.0892699872135079,0,1,210984754.06988567,Regular (<$250M)
813477,Shin Kamen Rider,Action; Drama; Science Fiction,15787771.0,12992990.448463392,2794780.5515366066,2023,,0.0,165950786.32538393,0.0209114624188262,0,0,-2794780.5515366085,Regular (<$250M)
603692,John Wick: Chapter 4,Action; Thriller; Crime,447316405.0,218245306.61283812,229071098.38716188,2023,100000000.0,65287510.73591757,371203102.4897587,0.0586786242699051,1,0,-229071098.38716188,Blockbuster (>$400M)
493529,Dungeons & Dragons: Honor Among Thieves,Adventure; Fantasy; Comedy,208200000.0,125377150.21286736,82822849.78713265,2023,151000000.0,0.0,278334946.0897879,0.0451585704012722,0,0,-82822849.78713264,Regular (<$250M)
800787,A Good Person,Drama,3101256.0,3196555.804496083,95299.80449608294,2023,,0.0,156154351.68141663,0.0210117095633502,0,0,95299.80449608294,Regular (<$250M)
555285,"Are You There God? It's Me, Margaret.",Comedy; Drama,21800000.0,15427001.40021342,6372998.59978658,2023,30000000.0,0.0,168384797.27713397,0.0208282620888054,0,0,-6372998.59978658,Regular (<$250M)
876619,Pantafa,Horror,116365.0,1218280.898479866,1101915.898479866,2023,,0.0,154176076.77540043,0.0208282620888054,0,0,1101915.898479866,Regular (<$250M)
1016121,Beautiful Disaster,Romance; Drama; Comedy,6850036.0,16957759.533000685,10107723.533000683,2023,25000000.0,0.0,169915555.40992123,0.0209163106624399,0,0,10107723.533000683,Regular (<$250M)
502356,The Super Mario Bros. Movie,Family; Comedy; Adventure; Fantasy; Animation,1360879735.0,329507285.51936424,1031372449.4806358,2023,100000000.0,176549489.6424437,482465081.3962848,0.0743593824544938,1,1,-1031372449.4806358,Blockbuster (>$400M)
758323,The Pope's Exorcist,Horror; Thriller,76987621.0,67149503.00614081,9838117.993859189,2023,18000000.0,0.0,220107298.88306135,0.0212040636455847,0,0,-9838117.993859189,Regular (<$250M)
796185,The Three Musketeers: D'Artagnan,Adventure; Action; Drama; History,31843086.0,11932347.864083486,19910738.135916516,2023,27500000.0,0.0,164890143.74100405,0.0209578060858948,0,0,-19910738.135916516,Regular (<$250M)
964980,Air,Drama; History,90100000.0,24680433.991802048,65419566.00819795,2023,80000000.0,0.0,177638229.8687226,0.0266377171835351,0,0,-65419566.00819795,Regular (<$250M)
605886,To Catch a Killer,Thriller; Crime; Drama,3138750.0,3310073.1162307635,171323.1162307635,2023,,0.0,156267868.9931513,0.020802882925697,0,0,171323.1162307635,Regular (<$250M)
649609,Renfield,Comedy; Fantasy; Horror,26493921.0,53361613.84589085,26867692.84589085,2023,65000000.0,0.0,206319409.7228114,0.0221831579372706,0,0,26867692.84589085,Regular (<$250M)
931102,Ride On,Action; Comedy; Drama,36232675.0,18635965.08277428,17596709.91722572,2023,,0.0,171593760.95969483,0.0236915398350509,0,0,-17596709.91722572,Regular (<$250M)
1008048,How to Blow Up a Pipeline,Crime; Drama; Thriller,1046811.0,905954.7826935822,140856.21730641776,2023,,0.0,153863750.65961415,0.0208282620888054,0,0,-140856.21730641776,Regular (<$250M)
713704,Evil Dead Rise,Horror; Thriller,147256372.0,47841608.869252115,99414763.13074788,2023,15000000.0,0.0,200799404.74617267,0.0209787907257324,0,0,-99414763.13074788,Regular (<$250M)
809787,Mafia Mamma,Comedy; Crime; Action,3900000.0,14138704.336535333,10238704.336535333,2023,41000000.0,0.0,167096500.2134559,0.0209389259038926,0,0,10238704.336535333,Regular (<$250M)
798286,Beau Is Afraid,Comedy; Adventure; Fantasy,12337378.0,13694310.329837952,1356932.3298379518,2023,35000000.0,0.0,166652106.2067585,0.0215923606140499,0,0,1356932.3298379518,Regular (<$250M)
913673,Nefarious,Horror; Drama,5400000.0,1795416.473127236,3604583.526872764,2023,3000000.0,0.0,154753212.3500478,0.021083507447797,0,0,-3604583.526872764,Regular (<$250M)
1047041,Detective Conan: Black Iron Submarine,Animation; Action; Crime; Mystery,106771806.0,28634336.473141592,78137469.5268584,2023,,0.0,181592132.35006213,0.0215746243556987,0,0,-78137469.5268584,Regular (<$250M)
882569,Guy Ritchie's The Covenant,War; Action; Thriller,21948551.0,25659649.711437173,3711098.711437173,2023,55000000.0,0.0,178617445.58835772,0.024559941453411,0,0,3711098.711437173,Regular (<$250M)
900379,Afire,Drama; Romance; Comedy,2147526.0,1285307.2637571914,862218.7362428086,2023,,0.0,154243103.14067775,0.0208282620888054,0,0,-862218.7362428086,Regular (<$250M)
925263,A Brighter Tomorrow,Comedy,6551542.0,10517022.766181698,3965480.766181698,2023,13266839.0,0.0,163474818.64310226,0.020802882925697,0,0,3965480.766181698,Regular (<$250M)
636173,Dream,Comedy; Drama,3890008.0,2378265.837489708,1511742.162510292,2023,,0.0,155336061.71441025,0.0209915197978345,0,0,-1511742.162510292,Regular (<$250M)
455476,Knights of the Zodiac,Fantasy; Action; Science Fiction,7000000.0,22012598.673584662,15012598.673584662,2023,60000000.0,0.0,174970394.55050522,0.022273909228017,0,0,15012598.673584662,Regular (<$250M)
878361,Big George Foreman,History; Drama,3800000.0,11320287.481734354,7520287.481734354,2023,32000000.0,0.0,164278083.35865492,0.0212829008716591,0,0,7520287.481734354,Regular (<$250M)
447365,Guardians of the Galaxy Vol. 3,Science Fiction; Adventure; Action,845550000.0,755180201.5924604,90369798.4075396,2023,250000000.0,602222405.7155398,908137997.469381,0.7409589685997554,1,1,-90369798.4075396,Blockbuster (>$400M)
758336,Love Again,Romance; Drama; Comedy,10000000.0,19811939.97078371,9811939.97078371,2023,9000000.0,0.0,172769735.84770426,0.0208823853530802,0,0,9811939.97078371,Regular (<$250M)
536437,Hypnotic,Mystery; Science Fiction; Thriller,16014123.0,24612311.017112073,8598188.017112073,2023,70000000.0,0.0,177570106.89403263,0.0231936946977035,0,0,8598188.017112073,Regular (<$250M)
1008102,Rally Road Racers,Animation; Family; Comedy,2900000.0,1428181.592702327,1471818.407297673,2023,,0.0,154385977.46962288,0.0210231015883665,0,0,-1471818.407297673,Regular (<$250M)
921452,Jeanne du Barry,Drama; History; Romance,13000000.0,4885049.872070378,8114950.127929622,2023,22400000.0,0.0,157842845.74899092,0.020802882925697,0,0,-8114950.127929622,Regular (<$250M)
385687,Fast X,Action; Crime; Thriller,704709660.0,659575034.2117106,45134625.78828943,2023,340000000.0,506617238.33479,812532830.0886312,0.7103814399858758,1,1,-45134625.78828943,Blockbuster (>$400M)
447277,The Little Mermaid (2023),Adventure; Family; Fantasy; Romance,569626289.0,187266713.60339275,382359575.3966073,2023,297000000.0,34308917.7264722,340224509.4803133,0.0771645196225048,1,1,-382359575.3966073,Blockbuster (>$400M)
869612,Master Gardener,Drama; Crime; Mystery; Thriller,1506008.0,1723127.0961503077,217119.09615030745,2023,4100000.0,0.0,154680922.97307086,0.020825323946338,0,0,217119.09615030768,Regular (<$250M)
989672,Just the Two of Us,Thriller; Drama; Romance,5099005.0,2157404.8850979726,2941600.1149020274,2023,6300000.0,0.0,155115200.76201853,0.020802882925697,0,0,-2941600.1149020274,Regular (<$250M)
717930,Kandahar,Action; Thriller; War,9400000.0,18020363.413243663,8620363.413243666,2023,30000000.0,0.0,170978159.29016423,0.0208178805256418,0,0,8620363.413243663,Regular (<$250M)
801112,Kidnapped,Drama; History,4123091.0,3532562.1925976225,590528.8074023775,2023,14100000.0,0.0,156490358.06951818,0.0210401291130113,0,0,-590528.8074023775,Regular (<$250M)
829051,About My Father,Comedy,18167819.0,15084125.860960534,3083693.139039466,2023,29100000.0,0.0,168041921.7378811,0.020802882925697,0,0,-3083693.139039466,Regular (<$250M)
890215,You Hurt My Feelings,Drama; Comedy; Romance,5000000.0,1176206.137573283,3823793.862426717,2023,,0.0,154134002.01449382,0.020802882925697,0,0,-3823793.862426717,Regular (<$250M)
963765,Strange Way of Life,Drama; Western; Romance,1064830.0,2086246.416212399,1021416.416212399,2023,800000.0,0.0,155044042.29313296,0.020867055873419,0,0,1021416.416212399,Regular (<$250M)
986070,The Wrath of Becky,Action; Horror; Thriller,207118.0,796491.6726035296,589373.6726035296,2023,199507.0,0.0,153754287.54952407,0.0208769086415115,0,0,589373.6726035296,Regular (<$250M)
532408,The Boogeyman,Horror,82344833.0,9365202.359819677,72979630.64018032,2023,35000000.0,0.0,162322998.23674023,0.0209389259038926,0,0,-72979630.64018032,Regular (<$250M)
569094,Spider-Man: Across the Spider-Verse,Animation; Action; Adventure; Science Fiction,690897910.0,364328186.5139624,326569723.4860376,2023,100000000.0,211370390.63704184,517285982.39088297,0.1680587014744052,1,1,-326569723.4860376,Blockbuster (>$400M)
955555,The Roundup: No Way Out,Action; Crime; Thriller,83410298.0,24511247.579700183,58899050.42029981,2023,,0.0,177469043.45662072,0.0212238409550277,0,0,-58899050.42029981,Regular (<$250M)
666277,Past Lives,Drama; Romance,28126646.0,7602107.087289531,20524538.91271047,2023,12000000.0,0.0,160559902.9642101,0.0208178805256418,0,0,-20524538.91271047,Regular (<$250M)
667538,Transformers: Rise of the Beasts,Science Fiction; Adventure; Action,441381193.0,181186916.91371268,260194276.08628732,2023,195000000.0,28229121.03679213,334144712.7906332,0.0638606288539881,1,0,-260194276.08628732,Blockbuster (>$400M)
888003,The Book of Solutions,Comedy; Drama,3557686.0,847046.0018764882,2710639.9981235117,2023,,0.0,153804841.87879702,0.020802882925697,0,0,-2710639.9981235117,Regular (<$250M)
747188,Asteroid City,Comedy; Drama,53857743.0,18364326.77401821,35493416.225981794,2023,25000000.0,0.0,171322122.65093875,0.0208680859095391,0,0,-35493416.22598179,Regular (<$250M)
298618,The Flash,Action; Science Fiction; Adventure,271333313.0,110486981.10408288,160846331.89591712,2023,220000000.0,0.0,263444776.98100343,0.1006739261627874,0,1,-160846331.89591712,High Grossing ($250M-$400M)
976573,Elemental,Animation; Comedy; Family; Romance,496444308.0,104268483.4367501,392175824.5632499,2023,200000000.0,0.0,257226279.31367064,0.0737215426083456,1,1,-392175824.5632499,Blockbuster (>$400M)
884605,No Hard Feelings,Comedy; Romance,83000000.0,31132516.307966977,51867483.69203302,2023,45000000.0,0.0,184090312.18488753,0.0210382854682337,0,0,-51867483.69203302,Regular (<$250M)
1008392,The Blackening,Horror; Comedy,18563767.0,67065643.03909626,48501876.03909626,2023,5000000.0,0.0,220023438.9160168,0.021083507447797,0,0,48501876.03909626,Regular (<$250M)
864168,Joy Ride,Comedy,15800000.0,6694227.504735293,9105772.495264707,2023,20000000.0,0.0,159652023.38165584,0.0208282620888054,0,0,-9105772.495264707,Regular (<$250M)
1083862,Resident Evil: Death Island,Action; Animation; Science Fiction; Horror,53929.0,1484026.7699287916,1430097.7699287916,2023,,0.0,154441822.64684933,0.0211219772654021,0,0,1430097.7699287916,Regular (<$250M)
1108211,Lost in the Stars,Mystery; Crime; Thriller,334039200.0,10174381.66426596,323864818.335734,2023,9500000.0,0.0,163132177.5411865,0.0286946405687905,0,0,-323864818.335734,High Grossing ($250M-$400M)
335977,Indiana Jones and the Dial of Destiny,Adventure; Action,383963057.0,708405030.5748112,324441973.5748112,2023,294700000.0,555447234.6978906,861362826.4517318,0.687239546491859,0,1,324441973.5748112,High Grossing ($250M-$400M)
1040148,"Ruby Gillman, Teenage Kraken",Animation; Family; Fantasy; Comedy,46247409.0,75134110.35829332,28886701.358293325,2023,70000000.0,0.0,228091906.23521388,0.0255278758447328,0,0,28886701.358293325,Regular (<$250M)
678512,Sound of Freedom,Action; Drama,250600000.0,2602880.3109312076,247997119.6890688,2023,14500000.0,0.0,155560676.18785176,0.0209588768283183,0,0,-247997119.6890688,High Grossing ($250M-$400M)
496450,"Miraculous: Ladybug & Cat Noir, The Movie",Animation; Fantasy; Action; Romance; Family,40208268.0,123480545.90253806,83272277.90253806,2023,86000000.0,0.0,276438341.77945864,0.0427655124060938,0,0,83272277.90253806,Regular (<$250M)
614479,Insidious: The Red Door,Horror; Thriller,189090647.0,33009905.754012764,156080741.24598724,2023,16000000.0,0.0,185967701.6309333,0.0209964126968833,0,0,-156080741.24598724,Regular (<$250M)
575264,Mission: Impossible - Dead Reckoning Part One,Action; Adventure; Thriller,571125435.0,589497962.6387655,18372527.638765454,2023,220000000.0,436540166.7618449,742455758.515686,0.7016553211039539,1,1,18372527.638765454,Blockbuster (>$400M)
508883,The Boy and the Heron,Animation; Fantasy; Drama,294200000.0,23321805.83119707,270878194.1688029,2023,50000000.0,0.0,176279601.70811763,0.021443908672989,0,0,-270878194.1688029,High Grossing ($250M-$400M)
1006462,The Flood,Action; Mystery; Thriller; Horror,25.0,477.27656208748806,452.27656208748806,2023,2.0,0.0,152958273.15348265,0.020802882925697,0,0,452.27656208748806,Regular (<$250M)
1058616,20 Days in Mariupol,Documentary; War,21000.0,678671.5681875867,657671.5681875867,2023,,0.0,153636467.44510815,0.020802882925697,0,0,657671.5681875867,Regular (<$250M)
856289,Creation of the Gods I: Kingdom of Storms,Action; Fantasy; War,369081777.0,332179570.1080105,36902206.89198953,2023,85000000.0,179221774.23108992,485137365.984931,0.5522413744458066,0,1,-36902206.89198953,High Grossing ($250M-$400M)
346698,Barbie,Comedy; Adventure; Fantasy,1447138421.0,100501348.13536663,1346637072.864633,2023,145000000.0,0.0,253459144.0122872,0.0338830831411379,1,0,-1346637072.864633,Blockbuster (>$400M)
709631,Cobweb,Horror,10091821.0,7177515.617705412,2914305.382294588,2023,13000000.0,0.0,160135311.49462596,0.020802882925697,0,0,-2914305.382294588,Regular (<$250M)
872585,Oppenheimer,Drama; History,952000000.0,90773622.51284358,861226377.4871564,2023,100000000.0,0.0,243731418.38976413,0.0414007480267875,1,0,-861226377.4871564,Blockbuster (>$400M)
616747,Haunted Mansion,Comedy; Drama; Fantasy,117449790.0,123260850.52523568,5811060.525235668,2023,157800000.0,0.0,276218646.40215623,0.0874099764089338,0,1,5811060.525235683,Regular (<$250M)
1008042,Talk to Me,Horror,91959188.0,4654491.077897906,87304696.9221021,2023,4500000.0,0.0,157612286.95481846,0.021083507447797,0,0,-87304696.9221021,Regular (<$250M)
614930,Teenage Mutant Ninja Turtles: Mutant Mayhem,Animation; Comedy; Action; Science Fiction,180513586.0,205928465.6967592,25414879.69675919,2023,75000000.0,52970669.81983864,358886261.57367975,0.0427655124060938,0,0,25414879.69675919,Regular (<$250M)
615656,Meg 2: The Trench,Action; Science Fiction; Horror,398500317.0,309116392.1241102,89383924.87588978,2023,129000000.0,156158596.24718967,462074188.0010308,0.2342462160964996,0,1,-89383924.87588978,High Grossing ($250M-$400M)
1110358,Yannick,Comedy; Drama; Thriller,3500000.0,1086152.661988378,2413847.338011622,2023,,0.0,154043948.53890893,0.020802882925697,0,0,-2413847.338011622,Regular (<$250M)
1121612,No More Bets,Drama; Crime,54578820.0,10648029.592975851,43930790.407024145,2023,,0.0,163605825.4698964,0.0274855618463477,0,0,-43930790.407024145,Regular (<$250M)
635910,The Last Voyage of the Demeter,Horror; Fantasy,21600000.0,24629782.268754575,3029782.2687545754,2023,45000000.0,0.0,177587578.14567512,0.0209706380367889,0,0,3029782.2687545754,Regular (<$250M)
729854,Concrete Utopia,Thriller; Action,28900000.0,11937898.459395245,16962101.540604755,2023,,0.0,164895694.33631578,0.021369773205029,0,0,-16962101.540604755,Regular (<$250M)
980489,Gran Turismo,Adventure; Drama; Action,121700000.0,54678592.440053344,67021407.559946656,2023,60000000.0,0.0,207636388.3169739,0.0255524057980325,0,0,-67021407.559946656,Regular (<$250M)
1072371,Jules,Comedy; Science Fiction; Drama,2000000.0,1109377.2968261254,890622.7031738746,2023,,0.0,154067173.17374668,0.0208282620888054,0,0,-890622.7031738746,Regular (<$250M)
912480,Red Rooms,Thriller; Crime,147552.0,1718945.136042934,1571393.136042934,2023,,0.0,154676741.01296347,0.020802882925697,0,0,1571393.136042934,Regular (<$250M)
1201104,the revenge,Action; Drama,30.0,584.2389844424748,554.2389844424748,2023,5.0,0.0,152958380.115905,0.020802882925697,0,0,554.2389844424748,Regular (<$250M)
565770,Blue Beetle,Action; Science Fiction; Adventure,130788072.0,100939403.25998674,29848668.740013257,2023,104000000.0,0.0,253897199.13690728,0.033506426192251,0,0,-29848668.740013257,Regular (<$250M)
912908,Strays,Comedy; Adventure,32000000.0,37164013.34730786,5164013.347307861,2023,46000000.0,0.0,190121809.2242284,0.0217837262543972,0,0,5164013.347307861,Regular (<$250M)
862557,The Hill,History; Drama,7600000.0,1490640.629573687,6109359.370426313,2023,,0.0,154448436.50649422,0.020867055873419,0,0,-6109359.370426313,Regular (<$250M)
762430,Retribution,Thriller; Action; Adventure,18685751.0,890516.7523398148,17795234.247660186,2023,20000000.0,0.0,153848312.62926036,0.020802882925697,0,0,-17795234.247660186,Regular (<$250M)
915935,Anatomy of a Fall,Thriller; Mystery; Crime,36000000.0,4089125.899600573,31910874.100399427,2023,6600000.0,0.0,157046921.77652112,0.0210401291130113,0,0,-31910874.100399427,Regular (<$250M)
814776,Bottoms,Comedy,12976079.0,6744737.790137176,6231341.209862824,2023,11300000.0,0.0,159702533.66705772,0.0208178805256418,0,0,-6231341.209862824,Regular (<$250M)
1552742,Luna,Fantasy; Mystery,342.0,300.56000400624356,41.43999599375644,2023,338.0,0.0,152958096.43692455,0.020802882925697,0,0,-41.43999599375644,Regular (<$250M)
926393,The Equalizer 3,Action; Thriller; Crime,191067560.0,141625838.0998192,49441721.90018079,2023,70000000.0,0.0,294583633.97673976,0.0248439896754778,0,0,-49441721.90018079,Regular (<$250M)
968051,The Nun II,Horror,269670590.0,109755644.07890607,159914945.9210939,2023,38500000.0,0.0,262713439.95582664,0.0208995631686838,0,0,-159914945.92109394,High Grossing ($250M-$400M)
1024773,It Lives Inside,Horror; Mystery,4800000.0,698541.4756763987,4101458.5243236017,2023,,0.0,153656337.35259694,0.0208282620888054,0,0,-4101458.5243236017,Regular (<$250M)
872906,Jawan,Action; Thriller,136675088.0,33941163.504445225,102733924.49555476,2023,31736340.0,0.0,186898959.38136575,0.021917318664159,0,0,-102733924.49555476,Regular (<$250M)
1001811,My Big Fat Greek Wedding 3,Comedy; Romance,34900000.0,21288706.791234437,13611293.208765564,2023,,0.0,174246502.66815498,0.0208190322188548,0,0,-13611293.208765564,Regular (<$250M)
812037,Last Summer,Drama,1022551.0,920091.5728802492,102459.42711975088,2023,,0.0,153877887.4498008,0.0208282620888054,0,0,-102459.42711975076,Regular (<$250M)
820525,After Everything,Romance; Drama,10644463.0,17071889.83977021,6427426.839770209,2023,14000000.0,0.0,170029685.71669075,0.0211219772654021,0,0,6427426.839770209,Regular (<$250M)
945729,A Haunting in Venice,Mystery; Thriller; Crime,121400000.0,139350429.03649253,17950429.036492527,2023,60000000.0,0.0,292308224.91341305,0.0223633734149458,0,0,17950429.036492527,Regular (<$250M)
958006,The Kill Room,Comedy; Crime,476375.0,8547019.083842808,8070644.083842808,2023,50000000.0,0.0,161504814.96076337,0.0209389259038926,0,0,8070644.083842808,Regular (<$250M)
986280,Fallen Leaves,Romance; Drama,12400000.0,1337226.598358701,11062773.401641298,2023,1480000.0,0.0,154295022.47527924,0.020802882925697,0,0,-11062773.401641298,Regular (<$250M)
299054,Expend4bles,Action; Adventure; Thriller,37917985.0,128607912.57142162,90689927.57142162,2023,100000000.0,0.0,281565708.4483422,0.0295782771831076,0,0,90689927.57142162,Regular (<$250M)
676727,The Inventor,Animation; Drama; Family; History,2037563.0,4144410.071023461,2106847.071023461,2023,10000000.0,0.0,157102205.94794402,0.0210917350534566,0,0,2106847.071023461,Regular (<$250M)
792293,Dumb Money,History; Comedy; Drama,20703794.0,9478183.101945002,11225610.898054998,2023,30000000.0,0.0,162435978.97886556,0.0208282620888054,0,0,-11225610.898054998,Regular (<$250M)
859235,Coup de chance,Romance; Drama,7837847.0,11340047.504885113,3502200.504885111,2023,12000000.0,0.0,164297843.38180566,0.0208439566180736,0,0,3502200.504885113,Regular (<$250M)
893723,PAW Patrol: The Mighty Movie,Adventure; Animation; Comedy; Family; Science Fiction,202231360.0,60552852.46261473,141678507.53738528,2023,30000000.0,0.0,213510648.3395353,0.0212481894298521,0,0,-141678507.53738528,Regular (<$250M)
670292,The Creator,Science Fiction; Action; Adventure,104272136.0,72633818.5617649,31638317.438235104,2023,80000000.0,0.0,225591614.43868545,0.0302509947659658,0,0,-31638317.438235104,Regular (<$250M)
944401,Dogman (2023),Action; Drama; Crime,4082217.0,3154802.5251650903,927414.4748349095,2023,,0.0,156112598.40208563,0.0208521258963943,0,0,-927414.4748349095,Regular (<$250M)
951491,Saw X,Horror; Mystery,125319714.0,61208665.353870355,64111048.646129645,2023,13000000.0,0.0,214166461.2307909,0.0207358261280625,0,0,-64111048.646129645,Regular (<$250M)
939335,Muzzle,Action; Thriller; TV Movie,7807.0,1586380.488156634,1578573.488156634,2023,,0.0,154544176.3650772,0.0211175229110752,0,0,1578573.488156634,Regular (<$250M)
970348,The Old Oak,Drama,7729788.0,2117051.291287217,5612736.708712783,2023,,0.0,155074847.16820776,0.0208282620888054,0,0,-5612736.708712783,Regular (<$250M)
807172,The Exorcist: Believer,Horror,136998069.0,63194732.86698825,73803336.13301176,2023,30000000.0,0.0,216152528.7439088,0.0208870178610218,0,0,-73803336.13301176,Regular (<$250M)
943134,The Animal Kingdom,Adventure; Drama; Science Fiction,9138503.0,8135337.611592817,1003165.3884071828,2023,15200000.0,0.0,161093133.48851338,0.0209915197978345,0,0,-1003165.3884071828,Regular (<$250M)
744857,When Evil Lurks,Horror; Thriller,2090252.0,1008684.3995141898,1081567.60048581,2023,,0.0,153966480.27643475,0.021083507447797,0,0,-1081567.60048581,Regular (<$250M)
897087,Freelance,Action; Comedy,9112817.0,7826315.722906304,1286501.2770936957,2023,40000000.0,0.0,160784111.59982684,0.0209389259038926,0,0,-1286501.2770936964,Regular (<$250M)
980026,The Promised Land,Action; Drama; History,2246680.0,2939293.398027729,692613.3980277288,2023,8500000.0,0.0,155897089.27494827,0.0209588768283183,0,0,692613.3980277288,Regular (<$250M)
1046090,"The Pig, the Snake and the Pigeon",Crime; Drama; Thriller,91608950.0,1540908.8025844523,90068041.19741555,2023,,0.0,154498704.679505,0.0236856769178478,0,0,-90068041.19741555,Regular (<$250M)
837335,La Chimera,Drama; Fantasy; Comedy,4933288.0,2853087.045057122,2080200.954942878,2023,,0.0,155810882.92197767,0.0209915197978345,0,0,-2080200.954942878,Regular (<$250M)
901362,Trolls Band Together,Animation; Family; Music; Fantasy; Comedy; Adventure,210231405.0,299642151.15950596,89410746.15950596,2023,95000000.0,146684355.2825854,452599947.03642654,0.0996056577156131,0,1,89410746.15950596,Regular (<$250M)
1160003,Night of the Hunted,Horror; Mystery; Thriller,344758.0,262351.6472425888,82406.3527574112,2023,,0.0,153220147.52416313,0.020802882925697,0,0,-82406.3527574112,Regular (<$250M)
734002,The Peasants,Animation; History; Drama,10064347.0,20561913.643023346,10497566.643023346,2023,7475000.0,0.0,173519709.5199439,0.0211531103091028,0,0,10497566.643023346,Regular (<$250M)
988402,Humanist Vampire Seeking Consenting Suicidal Person,Comedy; Fantasy; Horror,97578.0,1547521.9371119165,1449943.9371119165,2023,3000000.0,0.0,154505317.81403247,0.020802882925697,0,0,1449943.9371119165,Regular (<$250M)
1160164,TAYLOR SWIFT | THE ERAS TOUR,Music,261656269.0,6800480.331346475,254855788.66865352,2023,15000000.0,0.0,159758276.20826703,0.0316170817627853,0,0,-254855788.66865352,High Grossing ($250M-$400M)
466420,Killers of the Flower Moon,Crime; History; Drama,158722599.0,39547299.95811984,119175299.04188016,2023,200000000.0,0.0,192505095.8350404,0.0765659977623953,0,1,-119175299.04188016,Regular (<$250M)
949229,Leo,Action; Crime; Thriller,71772785.0,19009269.55036451,52763515.44963549,2023,42219285.0,0.0,171967065.42728508,0.021654832392981,0,0,-52763515.44963549,Regular (<$250M)
965791,A Difficult Year,Comedy,7004555.0,12077597.424802754,5073042.424802754,2023,13000000.0,0.0,165035393.3017233,0.0207944774117597,0,0,5073042.424802754,Regular (<$250M)
912916,The Other Zoey,Romance; Drama; Comedy,168000.0,1426858.46189973,1258858.46189973,2023,,0.0,154384654.33882028,0.020867055873419,0,0,1258858.46189973,Regular (<$250M)
1058694,Radical,Drama,21761164.0,14433305.221436722,7327858.778563278,2023,10000000.0,0.0,167391101.09835726,0.0210779297097782,0,0,-7327858.778563278,Regular (<$250M)
507089,Five Nights at Freddy's,Horror; Thriller,297242145.0,51363580.02014208,245878564.97985792,2023,20000000.0,0.0,204321375.89706263,0.0212040636455847,0,0,-245878564.97985792,High Grossing ($250M-$400M)
800158,The Killer (2023),Crime; Thriller,362113.0,19669566.9679028,19307453.9679028,2023,175000000.0,0.0,172627362.84482336,0.0373476361491768,0,0,19307453.9679028,Regular (<$250M)
897160,Brave Citizen,Action; Drama; Comedy,2116112.0,3597632.368527859,1481520.368527859,2023,,0.0,156555428.2454484,0.0208282620888054,0,0,1481520.368527859,Regular (<$250M)
1026227,There's Still Tomorrow,Drama; Comedy; History,50121593.0,2518328.390920481,47603264.60907952,2023,9000000.0,0.0,155476124.26784104,0.020802882925697,0,0,-47603264.60907952,Regular (<$250M)
840430,The Holdovers,Drama; Comedy,42513270.0,12480978.469293045,30032291.530706957,2023,13000000.0,0.0,165438774.3462136,0.0210401291130113,0,0,-30032291.530706957,Regular (<$250M)
1020006,Priscilla,Drama; Romance,30140906.0,1547646.3015239364,28593259.698476065,2023,20000000.0,0.0,154505442.17844447,0.020802882925697,0,0,-28593259.698476065,Regular (<$250M)
1075175,How to Have Sex,Drama,1216642.0,448053.3094135046,768588.6905864953,2023,,0.0,153405849.18633404,0.020802882925697,0,0,-768588.6905864954,Regular (<$250M)
940721,Godzilla Minus One,Science Fiction; Horror; Action,113676322.0,49123140.50071867,64553181.49928133,2023,15000000.0,0.0,202080936.37763923,0.0215325767587965,0,0,-64553181.49928133,Regular (<$250M)
609681,The Marvels,Science Fiction; Adventure; Action,206136825.0,762518020.0487098,556381195.0487098,2023,274800000.0,609560224.1717892,915475815.9256305,0.7272592868488393,0,1,556381195.0487098,Regular (<$250M)
964960,The Taste of Things,Romance; Drama,5970753.0,2478681.996012508,3492071.003987492,2023,6500000.0,0.0,155436477.87293306,0.0210053173354777,0,0,-3492071.003987492,Regular (<$250M)
1092329,Journey to Bethlehem,Family; Drama,7778330.0,8154004.028970212,375674.02897021174,2023,6000000.0,0.0,161111799.90589076,0.0208178805256418,0,0,375674.02897021174,Regular (<$250M)
823482,Dream Scenario,Comedy; Fantasy,14114415.0,3646606.997467224,10467808.002532776,2023,10000000.0,0.0,156604402.87438777,0.020802882925697,0,0,-10467808.002532776,Regular (<$250M)
976893,Perfect Days,Drama,24094016.0,12412567.625619948,11681448.374380052,2023,14000000.0,0.0,165370363.5025405,0.0209915197978345,0,0,-11681448.374380052,Regular (<$250M)
1056360,American Fiction,Comedy; Drama,22483370.0,16996582.795501627,5486787.204498373,2023,16000000.0,0.0,169954378.67242217,0.0208282620888054,0,0,-5486787.204498373,Regular (<$250M)
1022796,Wish,Animation; Family; Fantasy; Adventure,254997360.0,117112528.64630936,137884831.35369065,2023,175000000.0,0.0,270070324.5232299,0.1110277577505759,0,1,-137884831.35369062,High Grossing ($250M-$400M)
695721,The Hunger Games: The Ballad of Songbirds & Snakes,Science Fiction; Action,337371917.0,243672003.46354684,93699913.53645316,2023,100000000.0,90714207.58662628,396629799.3404674,0.0488114294333507,0,0,-93699913.53645316,High Grossing ($250M-$400M)
621587,Next Goal Wins,Comedy; Drama,18062279.0,21932599.755027615,3870320.7550276145,2023,14000000.0,0.0,174890395.63194817,0.0208092443023786,0,0,3870320.7550276145,Regular (<$250M)
839369,May December,Drama,4232370.0,2716255.895309108,1516114.1046908922,2023,20000000.0,0.0,155674051.77222967,0.0208178805256418,0,0,-1516114.1046908922,Regular (<$250M)
930564,Saltburn,Drama; Comedy; Thriller,21013738.0,15491594.153113896,5522143.846886104,2023,20000000.0,0.0,168449390.03003445,0.021204534991255,0,0,-5522143.846886104,Regular (<$250M)
1071215,Thanksgiving,Horror; Mystery,46553280.0,27166732.610354953,19386547.389645047,2023,15000000.0,0.0,180124528.4872755,0.0209344269877383,0,0,-19386547.389645047,Regular (<$250M)
523607,Maestro,Drama; Romance; Music,300000.0,49584025.50945875,49284025.50945875,2023,80000000.0,0.0,202541821.3863793,0.0372454451830296,0,0,49284025.50945875,Regular (<$250M)
586810,Mars Express,Animation; Science Fiction; Thriller,1455713.0,2018950.857512936,563237.8575129358,2023,7900000.0,0.0,154976746.73443347,0.0210587446676395,0,0,563237.857512936,Regular (<$250M)
753342,Napoleon,History; War; Drama,222435664.0,152746676.0226982,69688987.9773018,2023,165000000.0,0.0,305704471.89961874,0.0750223408333928,0,1,-69688987.9773018,Regular (<$250M)
1056380,The Coffee Table,Horror; Thriller; Drama; Comedy,16630.0,684826.8805705268,668196.8805705268,2023,,0.0,153642622.75749108,0.020802882925697,0,0,668196.8805705268,Regular (<$250M)
664341,Eileen,Thriller; Crime,1560142.0,5393966.510371357,3833824.510371357,2023,16000000.0,0.0,158351762.3872919,0.020802882925697,0,0,3833824.510371357,Regular (<$250M)
781732,Animal,Action; Crime; Drama,108300000.0,16728737.38779897,91571262.61220104,2023,13000000.0,0.0,169686533.26471952,0.0214436628542541,0,0,-91571262.61220104,Regular (<$250M)
1208334,Emmanuel,Drama,10.0,440.8253403365258,430.8253403365258,2023,270.0,0.0,152958236.70226088,0.020802882925697,0,0,430.8253403365258,Regular (<$250M)
787699,Wonka,Comedy; Family; Fantasy,634502312.0,349687510.5677379,284814801.4322621,2023,125000000.0,196729714.69081733,502645306.4446584,0.2054927119797898,1,1,-284814801.4322621,Blockbuster (>$400M)
838240,Robot Dreams,Animation; Drama; Comedy; Science Fiction,4656348.0,4071023.146572851,585324.8534271484,2023,5300000.0,0.0,157028819.0234934,0.0210231015883665,0,0,-585324.8534271489,Regular (<$250M)
940551,Migration,Family; Comedy; Adventure; Animation,298776052.0,84739999.78486022,214036052.21513975,2023,72000000.0,0.0,237697795.66178077,0.0267729088237049,0,0,-214036052.21513975,High Grossing ($250M-$400M)
792307,Poor Things,Science Fiction; Romance; Comedy,117607117.0,13369470.783977885,104237646.21602212,2023,35000000.0,0.0,166327266.66089845,0.02123558899794,0,0,-104237646.21602212,Regular (<$250M)
845111,The Three Musketeers: Milady,Adventure; Action; Drama,21730766.0,19019596.83786008,2711169.1621399187,2023,39000000.0,0.0,171977392.71478063,0.0213380467853914,0,0,-2711169.1621399187,Regular (<$250M)
365620,Ferrari,History; Drama,39220516.0,27988621.954067156,11231894.045932844,2023,95000000.0,0.0,180946417.8309877,0.0288424637356964,0,0,-11231894.045932844,Regular (<$250M)
927107,The Bricklayer,Action; Thriller,899683.0,13475813.100656662,12576130.100656662,2023,23900000.0,0.0,166433608.9775772,0.020802882925697,0,0,12576130.100656662,Regular (<$250M)
467244,The Zone of Interest,Drama; History; War,52631884.0,13852313.616322856,38779570.38367715,2023,15000000.0,0.0,166810109.4932434,0.0208282620888054,0,0,-38779570.38367714,Regular (<$250M)
906126,Society of the Snow,Drama; History,1281.0,11140348.882668238,11139067.882668238,2023,65500000.0,0.0,164098144.75958878,0.0231175233183417,0,0,11139067.882668238,Regular (<$250M)
572802,Aquaman and the Lost Kingdom,Action; Adventure; Fantasy,440181226.0,538244139.4749736,98062913.47497356,2023,205000000.0,385286343.598053,691201935.3518941,0.651626589422663,1,1,98062913.47497356,Blockbuster (>$400M)
760774,One Life,History; Drama,51437352.0,1000655.567345014,50436696.432654984,2023,,0.0,153958451.44426557,0.0208282620888054,0,0,-50436696.432654984,Regular (<$250M)
850165,The Iron Claw,Drama; History,40130232.0,14362490.17485725,25767741.82514275,2023,15900000.0,0.0,167320286.0517778,0.0210053173354777,0,0,-25767741.82514275,Regular (<$250M)
1072790,Anyone but You,Romance; Comedy,214891370.0,13631736.955535922,201259633.04446408,2023,25000000.0,0.0,166589532.83245647,0.0208521258963943,0,0,-201259633.04446408,Regular (<$250M)
994108,All of Us Strangers,Romance; Drama; Fantasy,14864960.0,3438443.199075326,11426516.800924674,2023,5000000.0,0.0,156396239.07599586,0.0208282620888054,0,0,-11426516.800924674,Regular (<$250M)
1062807,SPY x FAMILY CODE: White,Animation; Comedy; Adventure; Action,59629242.0,14371608.28790627,45257633.712093726,2023,5000000.0,0.0,167329404.1648268,0.0211756637078697,0,0,-45257633.712093726,Regular (<$250M)
558915,The Color Purple,Drama,68919191.0,94956009.84755471,26036818.847554713,2023,90000000.0,0.0,247913805.7244753,0.0324953677406634,0,0,26036818.847554713,Regular (<$250M)
823452,The Boys in the Boat,Drama; History,54401583.0,23603529.991505947,30798053.008494053,2023,40000000.0,0.0,176561325.8684265,0.0211339333235501,0,0,-30798053.008494053,Regular (<$250M)
1063879,Infested,Horror; Thriller,2110014.0,1273883.6862927957,836130.3137072045,2023,,0.0,154231679.56321335,0.020802882925697,0,0,-836130.3137072043,Regular (<$250M)
845783,Baghead,Horror,6691851.0,577038.683876157,6114812.316123843,2023,,0.0,153534834.5607967,0.020802882925697,0,0,-6114812.316123843,Regular (<$250M)
1072342,Night Swim,Horror,54785387.0,20163008.62812882,34622378.37187118,2024,15000000.0,0.0,173120804.50504938,0.0208823853530802,0,0,-34622378.37187118,Regular (<$250M)
972433,Race for Glory: Audi vs. Lancia,Drama; History,2151772.0,647292.9581123653,1504479.041887635,2024,,0.0,153605088.8350329,0.0208282620888054,0,0,-1504479.041887635,Regular (<$250M)
866398,The Beekeeper,Action; Crime; Thriller,162619535.0,13532925.345065735,149086609.65493426,2024,35000000.0,0.0,166490721.2219863,0.021268694434656,0,0,-149086609.65493426,Regular (<$250M)
1214314,One More Shot,Action; Thriller,87850934.0,5427031.159566187,82423902.8404338,2024,,0.0,158384827.03648674,0.0208870178610218,0,0,-82423902.8404338,Regular (<$250M)
626412,Alienoid: Return to the Future,Action; Fantasy; Adventure; Science Fiction,10824208.0,12532760.910499496,1708552.9104994943,2024,,0.0,165490556.78742003,0.021369773205029,0,0,1708552.9104994964,Regular (<$250M)
673593,Mean Girls,Comedy,104970953.0,26312521.6229917,78658431.3770083,2024,36000000.0,0.0,179270317.49991226,0.0210382854682337,0,0,-78658431.3770083,Regular (<$250M)
758679,Mothers' Instinct,Thriller; Drama,2681023.0,398295.4928783192,2282727.507121681,2024,,0.0,153356091.36979887,0.0208282620888054,0,0,-2282727.507121681,Regular (<$250M)
976584,The Book of Clarence,Adventure; Comedy; Drama,6205230.0,37535764.75404624,31330534.75404624,2024,40000000.0,0.0,190493560.6309668,0.0221702405265443,0,0,31330534.75404624,Regular (<$250M)
1026436,Miller's Girl,Thriller; Drama; Romance,1430985.0,4122464.849835245,2691479.849835245,2024,4000000.0,0.0,157080260.7267558,0.020825323946338,0,0,2691479.849835245,Regular (<$250M)
785542,The Outrun,Drama,3983828.0,2739978.834752334,1243849.1652476666,2024,,0.0,155697774.71167287,0.020802882925697,0,0,-1243849.1652476662,Regular (<$250M)
790462,I.S.S.,Science Fiction; Thriller,6605079.0,5232096.4212587895,1372982.5787412105,2024,13800000.0,0.0,158189892.29817933,0.020802882925697,0,0,-1372982.5787412105,Regular (<$250M)
1096342,Beautiful Wedding,Romance; Comedy; Drama,1781246.0,4146377.0981279,2365131.0981279,2024,,0.0,157104172.97504845,0.0209057306944117,0,0,2365131.0981279,Regular (<$250M)
586353,The Master and Margarita,Fantasy; Drama,28013812.0,12795486.940276803,15218325.059723197,2024,15000000.0,0.0,165753282.81719735,0.021324941375055,0,0,-15218325.059723197,Regular (<$250M)
1019939,Hundreds of Beavers,Comedy; Adventure; Action,1267995.0,855390.9340173316,412604.0659826684,2024,150000.0,0.0,153813186.81093788,0.020802882925697,0,0,-412604.0659826684,Regular (<$250M)
1146972,Mobile Suit Gundam SEED FREEDOM,Animation; Science Fiction; Action; Drama,36038764.0,9622423.382957537,26416340.617042467,2024,,0.0,162580219.2598781,0.0216969307097812,0,0,-26416340.617042463,Regular (<$250M)
1719529,i guess it's over,,1.0,72.47870655721968,71.47870655721968,2024,1.0,0.0,152957868.35562712,0.020802882925697,0,0,71.47870655721968,Regular (<$250M)
848538,Argylle,Action; Adventure; Comedy,96221061.0,33279642.877516657,62941418.12248334,2024,200000000.0,0.0,186237438.7544372,0.0496696811588018,0,0,-62941418.12248334,Regular (<$250M)
914206,The Beast,Science Fiction; Drama; Romance,760979.0,3934108.2058438063,3173129.2058438063,2024,7500000.0,0.0,156891904.08276436,0.0210401291130113,0,0,3173129.2058438063,Regular (<$250M)
973912,Cocorico,Comedy,18259571.0,7623753.597276848,10635817.402723152,2024,,0.0,160581549.4741974,0.021083507447797,0,0,-10635817.402723152,Regular (<$250M)
993784,Lisa Frankenstein,Horror; Comedy; Romance,9927714.0,5581030.66047564,4346683.33952436,2024,13400000.0,0.0,158538826.5373962,0.020802882925697,0,0,-4346683.33952436,Regular (<$250M)
1045770,Daaaaaalí!,Comedy; Fantasy; Drama,3.0,1742869.6871762923,1742866.6871762923,2024,6700000.0,0.0,154700665.56409684,0.020802882925697,0,0,1742866.6871762923,Regular (<$250M)
832262,Force of Nature: The Dry 2,Mystery; Thriller,5786313.0,6109534.188600946,323221.1886009462,2024,,0.0,159067330.0655215,0.021083507447797,0,0,323221.1886009462,Regular (<$250M)
969492,Land of Bad,Action; War; Thriller,7021101.0,2119829.772654795,4901271.227345205,2024,18000000.0,0.0,155077625.64957535,0.020802882925697,0,0,-4901271.227345205,Regular (<$250M)
1228891,Pegasus 2,Drama; Comedy; Adventure,466862668.0,172834319.2542805,294028348.7457195,2024,60000000.0,19876523.377359957,325792115.131201,0.051516533482227,1,0,-294028348.7457195,Blockbuster (>$400M)
634492,Madame Web,Action; Fantasy,100498764.0,87733956.38521178,12764807.61478822,2024,80000000.0,0.0,240691752.26213235,0.0282968211319675,0,0,-12764807.61478822,Regular (<$250M)
802219,Bob Marley: One Love,Music; History; Drama,180828556.0,57778043.82929814,123050512.17070186,2024,70000000.0,0.0,210735839.7062187,0.0231524054557425,0,0,-123050512.17070186,Regular (<$250M)
598387,The Tiger's Apprentice,Animation; Family; Fantasy,762183.0,12913488.077899512,12151305.077899512,2024,17000000.0,0.0,165871283.95482007,0.021011298917771,0,0,12151305.077899512,Regular (<$250M)
869291,Cuckoo,Horror; Mystery; Thriller,6680396.0,3300584.45730312,3379811.54269688,2024,7000000.0,0.0,156258380.33422366,0.020802882925697,0,0,-3379811.54269688,Regular (<$250M)
1012201,HAIKYU!! The Dumpster Battle,Animation; Comedy,100255784.0,16003811.51993838,84251972.48006162,2024,5000000.0,0.0,168961607.39685893,0.0216499477891591,0,0,-84251972.48006162,Regular (<$250M)
618588,Arthur the King,Adventure; Drama,40829138.0,13697368.45638799,27131769.54361201,2024,19000000.0,0.0,166655164.33330855,0.0209216666707987,0,0,-27131769.54361201,Regular (<$250M)
838209,Exhuma,Mystery; Horror; Thriller,97974828.0,7034211.448454198,90940616.5515458,2024,,0.0,159992007.32537475,0.021132290070586,0,0,-90940616.5515458,Regular (<$250M)
957304,Drive-Away Dolls,Comedy; Crime,7935363.0,9943287.43586502,2007924.4358650204,2024,8000000.0,0.0,162901083.31278557,0.0208282620888054,0,0,2007924.4358650204,Regular (<$250M)
974036,Ordinary Angels,Drama,20571534.0,15919833.775477204,4651700.224522797,2024,13000000.0,0.0,168877629.65239775,0.020867055873419,0,0,-4651700.2245227955,Regular (<$250M)
975773,Wicked Little Letters,Comedy; Drama; Mystery,27219729.0,7283787.978494182,19935941.021505818,2024,12600000.0,0.0,160241583.85541475,0.0207499993464402,0,0,-19935941.021505818,Regular (<$250M)
693134,Dune: Part Two,Science Fiction; Adventure,714844358.0,575556638.7911296,139287719.2088704,2024,190000000.0,422598842.914209,728514434.6680502,0.6062127454353011,1,1,-139287719.2088704,Blockbuster (>$400M)
1011985,Kung Fu Panda 4,Action; Adventure; Animation; Comedy; Family; Fantasy,548040835.0,324895187.0164789,223145647.9835211,2024,80000000.0,171937391.13955837,477852982.8933995,0.1543444275562187,1,1,-223145647.9835211,Blockbuster (>$400M)
1125311,Imaginary,Horror; Mystery,43778760.0,23147660.53689125,20631099.46310875,2024,10000000.0,0.0,176105456.4138118,0.0208439566180736,0,0,-20631099.46310875,Regular (<$250M)
763215,Damsel,Fantasy; Action; Adventure,5000.0,51546684.21449795,51541684.21449795,2024,60000000.0,0.0,204504480.0914185,0.0224419821826343,0,0,51541684.21449795,Regular (<$250M)
948549,Love Lies Bleeding,Crime; Romance; Thriller,12778225.0,4683756.281214443,8094468.718785557,2024,10000000.0,0.0,157641552.158135,0.020802882925697,0,0,-8094468.718785557,Regular (<$250M)
972614,Knox Goes Away,Action; Crime; Drama; Thriller,963703.0,1966472.856339049,1002769.8563390492,2024,,0.0,154924268.7332596,0.020802882925697,0,0,1002769.8563390492,Regular (<$250M)
1037113,Snack Shack,Comedy; Drama,455708.0,10557450.270174082,10101742.270174082,2024,3000000.0,0.0,163515246.14709464,0.0208517460433032,0,0,10101742.270174082,Regular (<$250M)
1760208,Sucesso aqui vou eu! Short Clip,Drama; Comedy; Family; Music,200.0,168.90367242688245,31.09632757311755,2024,200.0,0.0,152957964.78059298,0.020802882925697,0,0,-31.09632757311755,Regular (<$250M)
938614,Late Night with the Devil,Horror,16765533.0,495230.06628810166,16270302.933711898,2024,,0.0,153453025.94320866,0.020802882925697,0,0,-16270302.933711898,Regular (<$250M)
967847,Ghostbusters: Frozen Empire,Fantasy; Adventure; Comedy,201967521.0,271755619.49002826,69788098.49002826,2024,100000000.0,118797823.61310773,424713415.3669488,0.0348730485025547,0,0,69788098.49002826,Regular (<$250M)
1041613,Immaculate,Horror; Mystery; Thriller,35340015.0,5456509.522960062,29883505.477039937,2024,9000000.0,0.0,158414305.39988062,0.0208282620888054,0,0,-29883505.477039937,Regular (<$250M)
1333100,Attack on Titan: THE LAST ATTACK,Animation; Action; Adventure; Drama,21525687.0,18764880.008391306,2760806.991608694,2024,,0.0,171722675.88531184,0.0219062204268373,0,0,-2760806.991608694,Regular (<$250M)
1079485,Winnie-the-Pooh: Blood and Honey 2,Horror; Thriller,7582541.0,1811157.5979140943,5771383.402085906,2024,415000.0,0.0,154768953.47483465,0.0207358261280625,0,0,-5771383.402085906,Regular (<$250M)
823464,Godzilla x Kong: The New Empire,Action; Adventure; Science Fiction,571750016.0,385228232.5512392,186521783.4487608,2024,150000000.0,232270436.67431864,538186028.4281597,0.3151889563386112,1,1,-186521783.4487608,Blockbuster (>$400M)
1109306,A World Apart,Comedy,8108856.0,3756028.007868707,4352827.992131293,2024,,0.0,156713823.88478926,0.0208178805256418,0,0,-4352827.992131293,Regular (<$250M)
437342,The First Omen,Horror,53992802.0,60370382.711280756,6377580.711280756,2024,30000000.0,0.0,213328178.5882013,0.0211219772654021,0,0,6377580.711280756,Regular (<$250M)
560016,Monkey Man,Thriller; Crime; Action,35271631.0,16339960.165806234,18931670.83419377,2024,10000000.0,0.0,169297756.04272678,0.0209915197978345,0,0,-18931670.83419377,Regular (<$250M)
1103621,How to Make Millions Before Grandma Dies,Drama,73800000.0,11779527.388361083,62020472.61163892,2024,1000000.0,0.0,164737323.26528165,0.0210779297097782,0,0,-62020472.61163892,Regular (<$250M)
929590,Civil War,War; Action; Drama,126542249.0,16443483.989222996,110098765.010777,2024,50000000.0,0.0,169401279.86614355,0.0213528618556294,0,0,-110098765.010777,Regular (<$250M)
588648,Dragonkeeper,Animation; Family; Action; Adventure; Fantasy,6206231.0,10914707.893486552,4708476.893486552,2024,25600000.0,0.0,163872503.7704071,0.0210231015883665,0,0,4708476.893486552,Regular (<$250M)
998846,Back to Black,Music; History; Drama,51001975.0,8933245.397758264,42068729.60224174,2024,30000000.0,0.0,161891041.27467883,0.0215067900143229,0,0,-42068729.60224174,Regular (<$250M)
1051896,Arcadian,Action; Horror; Science Fiction,1235594.0,371978.65585461137,863615.3441453886,2024,,0.0,153329774.53277516,0.020802882925697,0,0,-863615.3441453886,Regular (<$250M)
1087388,Sting,Horror; Thriller,2801252.0,537462.1983399745,2263789.8016600255,2024,,0.0,153495258.07526052,0.020802882925697,0,0,-2263789.8016600255,Regular (<$250M)
1209217,Detective Conan: The Million-Dollar Pentagram,Animation; Crime; Mystery; Action,108136957.0,26753791.358203,81383165.641797,2024,,0.0,179711587.23512354,0.0216499477891591,0,0,-81383165.641797,Regular (<$250M)
1111873,Abigail,Horror; Thriller; Comedy,43015969.0,16433367.573338537,26582601.426661465,2024,28000000.0,0.0,169391163.4502591,0.0208823853530802,0,0,-26582601.42666146,Regular (<$250M)
567811,10 Lives,Animation; Comedy; Family; Fantasy,16219846.0,1661547.6455357207,14558298.35446428,2024,,0.0,154619343.52245626,0.0210587446676395,0,0,-14558298.35446428,Regular (<$250M)
799583,The Ministry of Ungentlemanly Warfare,Action; Comedy; War,29768915.0,40428384.10712166,10659469.10712166,2024,60000000.0,0.0,193386179.98404223,0.0220189888650129,0,0,10659469.10712166,Regular (<$250M)
937287,Challengers,Drama; Romance,94182533.0,45417647.1566523,48764885.8433477,2024,55000000.0,0.0,198375443.03357285,0.0228560407476649,0,0,-48764885.8433477,Regular (<$250M)
1152014,A Little Something Extra,Comedy; Family,84058132.0,3677903.809330682,80380228.19066931,2024,6400000.0,0.0,156635699.68625122,0.020802882925697,0,0,-80380228.19066931,Regular (<$250M)
1104844,BLUE LOCK THE MOVIE -EPISODE NAGI-,Animation; Action; Drama,14291561.0,1793202.1019728798,12498358.89802712,2024,,0.0,154750997.97889343,0.0210587446676395,0,0,-12498358.89802712,Regular (<$250M)
746036,The Fall Guy,Action; Comedy; Romance,181073291.0,81737195.64867637,99336095.35132363,2024,125000000.0,0.0,234694991.52559692,0.0371691711123116,0,0,-99336095.35132363,Regular (<$250M)
882059,Boy Kills World,Crime; Thriller; Action,3139717.0,10669468.317105578,7529751.317105578,2024,18000000.0,0.0,163627264.19402614,0.0208282620888054,0,0,7529751.317105578,Regular (<$250M)
1017163,The Roundup: Punishment,Action; Crime; Thriller,83703350.0,19456723.884337664,64246626.11566234,2024,,0.0,172414519.7612582,0.0212238409550277,0,0,-64246626.11566234,Regular (<$250M)
1115009,Unsung Hero,Drama; Music; Family,21220422.0,14824359.90911243,6396062.090887571,2024,6000000.0,0.0,167782155.78603297,0.0208954192525184,0,0,-6396062.090887571,Regular (<$250M)
1243101,Katala: Game Night,Horror,1448.0,354213.7297720882,352765.7297720882,2024,,0.0,153312009.60669264,0.020802882925697,0,0,352765.7297720882,Regular (<$250M)
748783,The Garfield Movie,Adventure; Animation; Comedy; Family,254907482.0,88110827.59211308,166796654.40788692,2024,60000000.0,0.0,241068623.46903363,0.0237633894044211,0,0,-166796654.40788692,High Grossing ($250M-$400M)
719221,Tarot,Horror,49256239.0,7673739.566960186,41582499.433039814,2024,8000000.0,0.0,160631535.44388074,0.020825323946338,0,0,-41582499.433039814,Regular (<$250M)
923667,Twilight of the Warriors: Walled In,Action; Crime; Thriller,95399186.0,71850966.10693677,23548219.893063232,2024,38400000.0,0.0,224808761.98385733,0.0212693666223698,0,0,-23548219.893063232,Regular (<$250M)
843527,The Idea of You,Music; Comedy; Romance; Drama,36178.0,2537161.6208422803,2500983.6208422803,2024,,0.0,155494957.49776283,0.0208178805256418,0,0,2500983.6208422803,Regular (<$250M)
858017,I Saw the TV Glow,Drama; Horror,5407916.0,14993929.24782828,9586013.24782828,2024,10000000.0,0.0,167951725.12474883,0.0209114624188262,0,0,9586013.24782828,Regular (<$250M)
639720,IF,Comedy; Fantasy; Family,190309707.0,78635373.33105771,111674333.66894227,2024,110000000.0,0.0,231593169.20797825,0.0268787216159528,0,0,-111674333.66894227,Regular (<$250M)
653346,Kingdom of the Planet of the Apes,Science Fiction; Adventure; Action,397378150.0,359325869.2896987,38052280.71030128,2024,160000000.0,206368073.41277817,512283665.1666193,0.3545394305591574,0,1,-38052280.71030128,High Grossing ($250M-$400M)
1047020,The Last Stop in Yuma County,Crime; Drama; Thriller,94344.0,263788.26059472654,169444.26059472654,2024,,0.0,153221584.13751528,0.020802882925697,0,0,169444.26059472654,Regular (<$250M)
1010600,The Strangers: Chapter 1,Horror; Thriller,48166448.0,7853071.654569654,40313376.345430344,2024,8500000.0,0.0,160810867.5314902,0.0209163106624399,0,0,-40313376.345430344,Regular (<$250M)
974635,Hit Man,Comedy; Romance; Crime,5101673.0,10164817.87369256,5063144.873692561,2024,8800000.0,0.0,163122613.75061312,0.020802882925697,0,0,5063144.873692559,Regular (<$250M)
786892,Furiosa: A Mad Max Saga,Action; Science Fiction; Adventure,174287546.0,348063916.9996447,173776370.9996447,2024,168000000.0,195106121.12272415,501021712.8765652,0.4990771488015424,0,1,173776370.9996447,Regular (<$250M)
646683,The Exorcism,Horror; Thriller,12610418.0,8952134.442757588,3658283.557242412,2024,22000000.0,0.0,161909930.31967813,0.0208409377662322,0,0,-3658283.557242412,Regular (<$250M)
1029955,Kinds of Kindness,Comedy; Drama,16398509.0,11214276.774742218,5184232.225257782,2024,15000000.0,0.0,164172072.65166277,0.0214055802083903,0,0,-5184232.225257782,Regular (<$250M)
774531,Young Woman and the Sea,History; Drama,581725.0,38397255.738826364,37815530.738826364,2024,40000000.0,0.0,191355051.61574692,0.0212370867588532,0,0,37815530.738826364,Regular (<$250M)
1214509,In a Violent Nature,Horror; Thriller,4258197.0,960468.5096060697,3297728.4903939306,2024,600000.0,0.0,153918264.3865266,0.021083507447797,0,0,-3297728.49039393,Regular (<$250M)
573435,Bad Boys: Ride or Die,Action; Comedy; Crime,404547819.0,327717181.0219409,76830637.97805911,2024,100000000.0,174759385.14502034,480674976.8988614,0.1781980487726277,1,1,-76830637.97805911,Blockbuster (>$400M)
1086747,The Watchers,Fantasy; Horror; Mystery,51147812.0,15885885.606893716,35261926.39310628,2024,30000000.0,0.0,168843681.48381427,0.0208282620888054,0,0,-35261926.39310628,Regular (<$250M)
1022789,Inside Out 2,Animation; Adventure; Comedy; Family,1698863816.0,546234645.0702484,1152629170.9297516,2024,200000000.0,393276849.1933278,699192440.947169,0.7304223037942276,1,1,-1152629170.9297516,Blockbuster (>$400M)
1118224,Maharaja,Action; Thriller; Mystery,10758542.0,10172398.697130052,586143.3028699476,2024,,0.0,163130194.5740506,0.021132290070586,0,0,-586143.3028699476,Regular (<$250M)
879805,I Am: Celine Dion,Documentary; Music,292987.0,247623.68581447192,45363.314185528085,2024,,0.0,153205419.56273502,0.0208282620888054,0,0,-45363.314185528085,Regular (<$250M)
1008409,The Bikeriders,Crime; Drama,36110860.0,19968011.3277188,16142848.672281202,2024,40000000.0,0.0,172925807.20463935,0.0209706380367889,0,0,-16142848.672281198,Regular (<$250M)
519182,Despicable Me 4,Animation; Comedy; Action; Science Fiction; Family,972021410.0,465740560.5204897,506280849.4795103,2024,100000000.0,312782764.6435691,618698356.3974103,0.6036151108750694,1,1,-506280849.4795103,Blockbuster (>$400M)
1051891,Thelma (2024),Action; Adventure; Comedy,12537071.0,4758165.731196246,7778905.268803754,2024,5000000.0,0.0,157715961.6081168,0.020825323946338,0,0,-7778905.268803754,Regular (<$250M)
762441,A Quiet Place: Day One,Horror; Science Fiction; Thriller,261907653.0,68435596.56741507,193472056.43258497,2024,67000000.0,0.0,221393392.44433564,0.0223580201757771,0,0,-193472056.43258497,High Grossing ($250M-$400M)
801688,Kalki 2898-AD,Drama; Action; Fantasy; Science Fiction,141000000.0,130911544.63438764,10088455.365612373,2024,75000000.0,0.0,283869340.5113082,0.0510053168220942,0,0,-10088455.365612358,Regular (<$250M)
932086,Horizon: An American Saga - Chapter 1,Western; Drama,38735702.0,52876485.21714043,14140783.217140436,2024,50000000.0,0.0,205834281.094061,0.021674881475472,0,0,14140783.217140429,Regular (<$250M)
843416,Daddio,Drama,1878377.0,381531.9914263912,1496845.0085736087,2024,,0.0,153339327.86834693,0.020802882925697,0,0,-1496845.008573609,Regular (<$250M)
1084736,The Count of Monte Cristo,Adventure; Action; Drama,75360860.0,15213211.491494818,60147648.50850518,2024,46000000.0,0.0,168171007.36841536,0.0215923606140499,0,0,-60147648.50850518,Regular (<$250M)
1244492,Look Back,Animation; Drama,25198872.0,3325530.8284111843,21873341.171588816,2024,,0.0,156283326.70533174,0.0211347902710269,0,0,-21873341.171588816,Regular (<$250M)
1160018,Kill,Action; Crime; Thriller; Drama,5600000.0,5656207.0573093295,56207.05730932951,2024,4800000.0,0.0,158614002.93422988,0.0208954192525184,0,0,56207.05730932951,Regular (<$250M)
1023922,MaXXXine,Horror,22057160.0,20725512.050883465,1331647.9491165355,2024,10000000.0,0.0,173683307.92780402,0.021145774006574,0,0,-1331647.9491165355,Regular (<$250M)
1730955,Kangmas,Drama,1000.0,90.04957032589165,909.9504296741084,2024,23.0,0.0,152957885.92649087,0.020802882925697,0,0,-909.9504296741084,Regular (<$250M)
718821,Twisters,Action; Thriller,372262265.0,391941516.1903294,19679251.190329373,2024,155000000.0,238983720.3134088,544899312.0672499,0.4293476590894989,0,1,19679251.190329373,High Grossing ($250M-$400M)
956842,Fly Me to the Moon,Romance; Comedy,42260534.0,39319916.646140665,2940617.353859335,2024,100000000.0,0.0,192277712.5230612,0.029277144354473,0,0,-2940617.353859335,Regular (<$250M)
1226578,Longlegs,Crime; Horror; Mystery,127961936.0,4870231.275417278,123091704.72458272,2024,10000000.0,0.0,157828027.15233782,0.0208870178610218,0,0,-123091704.72458272,Regular (<$250M)
726139,Project Silence,Thriller; Action; Horror; Science Fiction; Adventure,6283415.0,13366919.98289582,7083504.982895821,2024,14750000.0,0.0,166324715.85981637,0.0208954192525184,0,0,7083504.9828958195,Regular (<$250M)
1155828,Sing Sing,Drama,3401789.0,3193697.930585693,208091.0694143069,2024,2000000.0,0.0,156151493.80750623,0.0208282620888054,0,0,-208091.0694143069,Regular (<$250M)
1241320,Kingdom: Return of the Great General,Action; Adventure,54114815.0,16422994.97602128,37691820.023978725,2024,,0.0,169380790.85294184,0.0216174304407734,0,0,-37691820.02397872,Regular (<$250M)
1216191,Oddity,Horror; Mystery,1850519.0,532241.231724554,1318277.768275446,2024,,0.0,153490037.1086451,0.0208282620888054,0,0,-1318277.768275446,Regular (<$250M)
533535,Deadpool & Wolverine,Action; Comedy; Science Fiction,1338073645.0,672434280.2558123,665639364.7441877,2024,200000000.0,519476484.3788917,825392076.1327329,0.6592251287125327,1,1,-665639364.7441877,Blockbuster (>$400M)
826510,Harold and the Purple Crayon,Family; Comedy; Adventure; Fantasy,32227855.0,34357544.60043829,2129689.6004382893,2024,40000000.0,0.0,187315340.47735885,0.0209433251642066,0,0,2129689.6004382893,Regular (<$250M)
1032823,Trap,Crime; Horror; Thriller,83677281.0,19908545.080436066,63768735.919563934,2024,30000000.0,0.0,172866340.9573566,0.0209219331561692,0,0,-63768735.919563934,Regular (<$250M)
870360,The Day the Earth Blew Up: A Looney Tunes Movie,Family; Comedy; Adventure; Animation; Science Fiction,15076954.0,8072343.331025574,7004610.668974426,2024,15000000.0,0.0,161030139.20794612,0.0208178805256418,0,0,-7004610.668974426,Regular (<$250M)
1059064,The Instigators,Crime; Comedy,11098.0,1759981.635900994,1748883.635900994,2024,,0.0,154717777.51282156,0.020905398486874,0,0,1748883.635900994,Regular (<$250M)
1159311,My Hero Academia: You're Next,Animation; Action; Adventure; Science Fiction,32224616.0,26140802.880869742,6083813.119130254,2024,,0.0,179098598.7577903,0.0216499477891591,0,0,-6083813.1191302575,Regular (<$250M)
1180629,Kneecap,Music; Comedy; Drama,4345446.0,1424540.8943012198,2920905.10569878,2024,,0.0,154382336.77122176,0.020802882925697,0,0,-2920905.10569878,Regular (<$250M)
365177,Borderlands,Action; Science Fiction; Comedy,33017367.0,106875179.6800777,73857812.6800777,2024,115000000.0,0.0,259832975.55699825,0.0262123219609728,0,0,73857812.6800777,Regular (<$250M)
1079091,It Ends with Us,Drama; Romance,351441044.0,48684891.912390105,302756152.0876099,2024,55000000.0,0.0,201642687.78931063,0.0273147966342033,0,0,-302756152.0876099,High Grossing ($250M-$400M)
1221404,Crayon Shin-chan the Movie: Our Dinosaur Diary,Animation; Adventure; Comedy; Family,21478573.0,13789964.51490553,7688608.485094471,2024,,0.0,166747760.3918261,0.0216155946107869,0,0,-7688608.485094471,Regular (<$250M)
945961,Alien: Romulus,Horror; Science Fiction,350865342.0,304610614.53236645,46254727.467633545,2024,80000000.0,151652818.6554459,457568410.409287,0.0550600851522573,0,0,-46254727.467633545,High Grossing ($250M-$400M)
1064028,Subservience,Horror; Science Fiction; Thriller,262793.0,2767265.6664390913,2504472.6664390913,2024,4400000.0,0.0,155725061.54335964,0.020802882925697,0,0,2504472.6664390913,Regular (<$250M)
840705,Blink Twice,Horror; Mystery; Thriller,46393906.0,1404998.950316654,44988907.04968335,2024,20000000.0,0.0,154362794.82723722,0.020867055873419,0,0,-44988907.04968335,Regular (<$250M)
957452,The Crow,Action; Fantasy; Horror,24109036.0,15119129.5992556,8989906.4007444,2024,50000000.0,0.0,168076925.47617614,0.0209284241544783,0,0,-8989906.4007444,Regular (<$250M)
974950,Emilia Pérez,Drama; Thriller,16317120.0,7309764.763172577,9007355.236827422,2024,26000000.0,0.0,160267560.64009312,0.0209915197978345,0,0,-9007355.236827422,Regular (<$250M)
970347,The Killer (2024),Action; Thriller; Crime,318618.0,15226855.709861204,14908237.709861204,2024,30000000.0,0.0,168184651.58678174,0.0209588768283183,0,0,14908237.709861204,Regular (<$250M)
1029281,Strange Darling,Horror; Thriller,4853595.0,2009330.6348766603,2844264.36512334,2024,4000000.0,0.0,154967126.51179722,0.020802882925697,0,0,-2844264.36512334,Regular (<$250M)
1125073,Between the Temples,Comedy; Drama,2113603.0,1190387.6328167897,923215.3671832104,2024,,0.0,154148183.50973734,0.020802882925697,0,0,-923215.3671832104,Regular (<$250M)
1186532,The Forge,Drama; Family,40392664.0,31998942.10340464,8393721.896595359,2024,5000000.0,0.0,184956737.9803252,0.0210779297097782,0,0,-8393721.896595359,Regular (<$250M)
989662,A Different Man,Comedy; Drama,1169365.0,1727628.614182698,558263.6141826981,2024,,0.0,154685424.49110326,0.0208282620888054,0,0,558263.6141826981,Regular (<$250M)
1062215,Afraid,Horror; Science Fiction; Thriller,12977758.0,14557897.838449595,1580139.8384495955,2024,12000000.0,0.0,167515693.71537015,0.020802882925697,0,0,1580139.8384495955,Regular (<$250M)
823219,Flow,Adventure; Animation; Family; Fantasy,17660107.0,1369426.077304751,16290680.92269525,2024,3700000.0,0.0,154327221.9542253,0.020802882925697,0,0,-16290680.92269525,Regular (<$250M)
1087822,Hellboy: The Crooked Man,Fantasy; Horror; Action,2014050.0,1443286.4167723486,570763.5832276514,2024,20000000.0,0.0,154401082.2936929,0.0208282620888054,0,0,-570763.5832276514,Regular (<$250M)
917496,Beetlejuice Beetlejuice,Comedy; Fantasy,452000435.0,233613630.78235945,218386804.21764055,2024,99000000.0,80655834.90543887,386571426.65927994,0.0355617219928772,1,0,-218386804.21764055,Blockbuster (>$400M)
1232827,The Girl with the Needle,Drama; History,470300.0,3631183.7800186854,3160883.7800186854,2024,,0.0,156588979.65693924,0.0210117095633502,0,0,3160883.7800186854,Regular (<$250M)
933260,The Substance,Horror; Science Fiction,77316812.0,8733305.54754766,68583506.45245233,2024,17500000.0,0.0,161691101.42446822,0.0211143984773718,0,0,-68583506.45245233,Regular (<$250M)
698687,Transformers One,Animation; Science Fiction; Adventure; Family,129408392.0,69063686.49893185,60344705.501068145,2024,75000000.0,0.0,222021482.3758524,0.0254233003636429,0,0,-60344705.501068145,Regular (<$250M)
1114513,Speak No Evil (2024),Horror; Thriller,77239314.0,13859561.708587268,63379752.29141273,2024,15000000.0,0.0,166817357.5855078,0.0209114624188262,0,0,-63379752.29141273,Regular (<$250M)
507241,The Killer's Game,Action; Comedy; Thriller,5928351.0,12888411.534267971,6960060.534267971,2024,30000000.0,0.0,165846207.4111885,0.020802882925697,0,0,6960060.534267971,Regular (<$250M)
832964,Lee,History; Drama; War,23508220.0,836488.6205124193,22671731.37948758,2024,,0.0,153794284.49743298,0.020825323946338,0,0,-22671731.37948758,Regular (<$250M)
1184918,The Wild Robot,Family; Animation; Science Fiction; Adventure,331982078.0,330041915.7939083,1940162.206091702,2024,78000000.0,177084119.91698775,482999711.6708288,0.0716452411157332,0,1,-1940162.206091702,High Grossing ($250M-$400M)
947891,My Old Ass,Drama; Comedy,5705895.0,2883489.215652927,2822405.784347073,2024,3000000.0,0.0,155841285.09257346,0.020867055873419,0,0,-2822405.784347073,Regular (<$250M)
1383086,EL TELÉFONO 2,Horror; Thriller; Adventure; Mystery,1.0,626.9872887197789,625.9872887197789,2024,3.0,0.0,152958422.86420926,0.020802882925697,0,0,625.9872887197789,Regular (<$250M)
814889,Never Let Go,Horror,21760713.0,7092199.558745871,14668513.441254128,2024,20000000.0,0.0,160049995.4356664,0.020802882925697,0,0,-14668513.441254128,Regular (<$250M)
1278263,The Seed of the Sacred Fig,Drama; Thriller; Crime,6501810.0,1940308.216990613,4561501.783009388,2024,3000000.0,0.0,154898104.09391117,0.021324941375055,0,0,-4561501.783009388,Regular (<$250M)
1000837,I'm Still Here (2024),Drama; History,36361572.0,4568228.961537949,31793343.03846205,2024,8000000.0,0.0,157526024.8384585,0.0210053173354777,0,0,-31793343.03846205,Regular (<$250M)
1167271,Weekend in Taipei,Action; Adventure; Thriller,2826064.0,10123919.40598066,7297855.40598066,2024,30000000.0,0.0,163081715.2829012,0.020802882925697,0,0,7297855.40598066,Regular (<$250M)
1014505,OVERLORD: The Sacred Kingdom,Action; Adventure; Animation; Fantasy,7614966.0,14024191.431427812,6409225.431427812,2024,,0.0,166981987.30834836,0.0215838908053896,0,0,6409225.431427812,Regular (<$250M)
927547,All We Imagine as Light,Drama; Romance,3010117.0,2515882.261990696,494234.7380093038,2024,,0.0,155473678.13891125,0.0208282620888054,0,0,-494234.7380093038,Regular (<$250M)
592831,Megalopolis,Science Fiction; Drama; Fantasy,14387154.0,28734357.887617797,14347203.887617797,2024,120000000.0,0.0,181692153.76453835,0.0395923989901557,0,0,14347203.887617797,Regular (<$250M)
976576,Emmanuelle,Drama; Romance,712413.0,3083517.99980096,2371104.99980096,2024,19000000.0,0.0,156041313.8767215,0.020802882925697,0,0,2371104.99980096,Regular (<$250M)
811941,Devara: Part 1,Action; Drama,54216867.0,32730508.896113567,21486358.103886433,2024,31764000.0,0.0,185688304.77303413,0.021674881475472,0,0,-21486358.103886433,Regular (<$250M)
1029235,Azrael,Action; Horror; Thriller,631272.0,6053630.621063683,5422358.621063683,2024,12000000.0,0.0,159011426.49798423,0.0208282620888054,0,0,5422358.621063683,Regular (<$250M)
1120911,Saturday Night,Comedy; Drama,10055029.0,15248687.949314026,5193658.949314026,2024,25000000.0,0.0,168206483.82623458,0.0208282620888054,0,0,5193658.949314026,Regular (<$250M)
831815,Saving Bikini Bottom: The Sandy Cheeks Movie,Family; Comedy; Adventure; Animation,100000000.0,25048444.78062825,74951555.21937175,2024,100000000.0,0.0,178006240.6575488,0.0266377171835351,0,0,-74951555.21937175,Regular (<$250M)
889737,Joker: Folie à Deux,Drama; Crime; Thriller,207500287.0,672240980.9931921,464740693.9931921,2024,190000000.0,519283185.1162715,825198776.8701127,0.7067169201720538,0,1,464740693.9931921,Regular (<$250M)
1160956,Panda Plan,Action; Comedy,42238170.0,60181251.39686662,17943081.39686662,2024,25000000.0,0.0,213139047.27378717,0.0245202241137949,0,0,17943081.39686662,Regular (<$250M)
1171634,When Fall Is Coming,Drama; Thriller; Comedy,5675601.0,1504639.9627322794,4170961.03726772,2024,,0.0,154462435.83965284,0.020802882925697,0,0,-4170961.03726772,Regular (<$250M)
748230,Salem's Lot,Horror,851156.0,6916157.462255257,6065001.462255257,2024,,0.0,159873953.33917582,0.0208422346687133,0,0,6065001.462255257,Regular (<$250M)
1047373,The Silent Hour,Crime; Thriller; Action,322064.0,706765.8814189303,384701.88141893025,2024,,0.0,153664561.7583395,0.020802882925697,0,0,384701.88141893025,Regular (<$250M)
1118031,Apocalypse Z: The Beginning of the End,Drama; Action; Horror,500000.0,8018678.687285536,7518678.687285536,2024,,0.0,160976474.5642061,0.0208870178610218,0,0,7518678.687285536,Regular (<$250M)
1088514,The Room Next Door,Drama; Comedy,21519488.0,6832899.616817563,14686588.383182436,2024,15000000.0,0.0,159790695.4937381,0.020867055873419,0,0,-14686588.383182436,Regular (<$250M)
1034541,Terrifier 3,Horror,90322103.0,7111731.539531534,83210371.46046847,2024,2000000.0,0.0,160069527.41645208,0.0211479242492602,0,0,-83210371.46046847,Regular (<$250M)
1158996,Souleymane's Story,Drama,4399858.0,357205.91389811324,4042652.086101887,2024,,0.0,153315001.79081866,0.0208282620888054,0,0,-4042652.086101887,Regular (<$250M)
1182047,The Apprentice,History; Drama; Comedy,17271613.0,4020735.797233979,13250877.202766022,2024,16000000.0,0.0,156978531.67415452,0.0209588768283183,0,0,-13250877.20276602,Regular (<$250M)
976734,Canary Black,Action; Thriller; Crime,525704.0,1271834.6992807128,746130.6992807128,2024,,0.0,154229630.57620126,0.020802882925697,0,0,746130.6992807128,Regular (<$250M)
1100099,We Live in Time,Romance; Drama,37182814.0,1131099.3205942695,36051714.679405734,2024,20000000.0,0.0,154088895.19751483,0.020802882925697,0,0,-36051714.679405734,Regular (<$250M)
1236419,Piece by Piece,Animation; Music; Documentary,10722792.0,8543461.443316288,2179330.5566837117,2024,16000000.0,0.0,161501257.32023683,0.0211132470254078,0,0,-2179330.5566837117,Regular (<$250M)
1280941,The Boy with Pink Pants,Drama,10233279.0,2503187.756505485,7730091.243494514,2024,,0.0,155460983.63342604,0.0208282620888054,0,0,-7730091.243494514,Regular (<$250M)
1064213,Anora,Drama; Comedy; Romance,56286295.0,9848802.55986933,46437492.440130666,2024,6000000.0,0.0,162806598.43678987,0.0210401291130113,0,0,-46437492.440130666,Regular (<$250M)
402431,Wicked,Drama; Romance; Fantasy,763963597.0,287919545.1618848,476044051.8381152,2024,150000000.0,134961749.28496423,440877341.03880537,0.3510498906526315,1,1,-476044051.8381152,Blockbuster (>$400M)
959604,Beating Hearts,Romance; Crime; Drama,36010728.0,9179741.750074623,26830986.249925375,2024,37315205.0,0.0,162137537.62699518,0.0215923606140499,0,0,-26830986.249925375,Regular (<$250M)
1100782,Smile 2,Horror; Mystery,138128854.0,96326740.4195626,41802113.58043741,2024,28000000.0,0.0,249284536.29648316,0.0211994713804943,0,0,-41802113.58043741,Regular (<$250M)
1064486,Memoir of a Snail,Animation; Comedy; Drama,7.0,1072807.4658217102,1072800.4658217102,2024,4350000.0,0.0,154030603.34274226,0.0210231015883665,0,0,1072800.4658217102,Regular (<$250M)
912649,Venom: The Last Dance,Science Fiction; Action; Adventure,478937618.0,441657209.9674719,37280408.0325281,2024,120000000.0,288699414.0905514,594615005.8443924,0.4034089564294376,1,1,-37280408.0325281,Blockbuster (>$400M)
1002155,Monsieur Aznavour,History; Music; Drama,16.0,12540038.344584448,12540022.344584448,2024,28000000.0,0.0,165497834.221505,0.0210401291130113,0,0,12540022.344584448,Regular (<$250M)
1063877,Don't Move,Horror; Thriller,88489.0,596740.0197707311,508251.0197707311,2024,,0.0,153554535.8966913,0.0208282620888054,0,0,508251.0197707311,Regular (<$250M)
1109255,Parthenope,Drama,10361110.0,4456375.761604027,5904734.238395973,2024,32000000.0,0.0,157414171.6385246,0.02123558899794,0,0,-5904734.238395973,Regular (<$250M)
974576,Conclave,Drama; Thriller,115657988.0,4002335.009320259,111655652.99067974,2024,20000000.0,0.0,156960130.8862408,0.0208178805256418,0,0,-111655652.99067974,Regular (<$250M)
1262983,MadS,Horror; Thriller,49816.0,766411.0908728732,716595.0908728732,2024,,0.0,153724206.96779343,0.020802882925697,0,0,716595.0908728732,Regular (<$250M)
1232449,Young Hearts,Drama; Romance,136344.0,906488.4829838994,770144.4829838994,2024,,0.0,153864284.35990444,0.0208282620888054,0,0,770144.4829838994,Regular (<$250M)
1400635,Corrosion,Drama,400.0,209.93472146366295,190.06527853633705,2024,250.0,0.0,152958005.81164202,0.020802882925697,0,0,-190.06527853633705,Regular (<$250M)
940139,Here,Drama,15397270.0,19604807.21928079,4207537.219280794,2024,40000000.0,0.0,172562603.09620136,0.0209389259038926,0,0,4207537.219280791,Regular (<$250M)
1106739,Juror #2,Drama; Thriller,21418477.0,13041030.96370122,8377446.03629878,2024,30000000.0,0.0,165998826.84062177,0.0208521258963943,0,0,-8377446.03629878,Regular (<$250M)
1222248,Number 24,War; History; Drama,3301976.0,2229284.327282033,1072691.672717967,2024,,0.0,155187080.2042026,0.0209808788595771,0,0,-1072691.672717967,Regular (<$250M)
845781,Red One,Action; Adventure; Comedy; Fantasy,185700759.0,46301099.28655763,139399659.7134424,2024,250000000.0,0.0,199258895.1634782,0.0778365268152072,0,1,-139399659.7134424,Regular (<$250M)
927342,Amaran,Action; Drama; Adventure; War,39200000.0,16225927.365266375,22974072.634733625,2024,14700000.0,0.0,169183723.24218693,0.021324941375055,0,0,-22974072.634733625,Regular (<$250M)
974453,Absolution,Action; Crime; Thriller; Mystery,3854594.0,10879707.920793714,7025113.920793714,2024,30000000.0,0.0,163837503.79771426,0.020802882925697,0,0,7025113.920793714,Regular (<$250M)
1138194,Heretic,Thriller; Horror,51913394.0,8282253.285991088,43631140.71400891,2024,10000000.0,0.0,161240049.16291165,0.0208178805256418,0,0,-43631140.71400891,Regular (<$250M)
756397,Hitpig!,Animation; Comedy; Adventure; Family,2345398.0,7366524.800807951,5021126.800807951,2024,45000000.0,0.0,160324320.6777285,0.0213001828900706,0,0,5021126.800807951,Regular (<$250M)
1013850,A Real Pain,Comedy; Drama,24856027.0,2240950.936957145,22615076.063042857,2024,3000000.0,0.0,155198746.8138777,0.020802882925697,0,0,-22615076.063042857,Regular (<$250M)
1102493,Small Things Like These,Drama,12534032.0,3617699.079039685,8916332.920960315,2024,3000000.0,0.0,156575494.95596024,0.0208439566180736,0,0,-8916332.920960315,Regular (<$250M)
1232493,No Other Land,Documentary,3608606.0,363380.4995415851,3245225.5004584147,2024,,0.0,153321176.37646213,0.020802882925697,0,0,-3245225.5004584147,Regular (<$250M)
1035048,Elevation,Action; Science Fiction; Thriller,3300000.0,6978182.489168266,3678182.489168266,2024,18000000.0,0.0,159935978.3660888,0.0208954192525184,0,0,3678182.489168266,Regular (<$250M)
1211472,September 5,Thriller; Drama; History,852000.0,618604.9770862595,233395.02291374048,2024,,0.0,153576400.8540068,0.0208282620888054,0,0,-233395.02291374048,Regular (<$250M)
516729,Paddington in Peru,Adventure; Comedy; Family,211000000.0,124338080.9480263,86661919.0519737,2024,90000000.0,0.0,277295876.8249469,0.0362587479641773,0,0,-86661919.0519737,Regular (<$250M)
558449,Gladiator II,Action; Adventure; Drama,462180717.0,572084669.2771572,109903952.2771572,2024,310000000.0,419126873.4002366,725042465.1540778,0.593828845142624,1,1,109903952.2771572,Blockbuster (>$400M)
1241982,Moana 2,Adventure; Animation; Comedy; Family; Fantasy,1059242164.0,506924214.63754106,552317949.362459,2024,150000000.0,353966418.7606205,659882010.5144616,0.7167645562122225,1,1,-552317949.362459,Blockbuster (>$400M)
1357633,Solo Leveling -ReAwakening-,Action; Adventure; Fantasy; Animation,6331827.0,8586900.196432283,2255073.196432283,2024,,0.0,161544696.07335284,0.0208954192525184,0,0,2255073.196432283,Regular (<$250M)
1000866,The Marching Band,Comedy; Drama; Music,26252618.0,3818991.438658126,22433626.56134187,2024,6100000.0,0.0,156776787.31557867,0.020802882925697,0,0,-22433626.56134187,Regular (<$250M)
1038263,Maria,History; Drama; Music,504938.0,2146059.72705072,1641121.7270507202,2024,,0.0,155103855.60397127,0.0209915197978345,0,0,1641121.7270507198,Regular (<$250M)
1059128,Queer,Drama; Romance,5450715.0,17722634.85638447,12271919.856384473,2024,53400000.0,0.0,170680430.73330504,0.0233019332927222,0,0,12271919.856384473,Regular (<$250M)
975511,The Return,History; Drama; Adventure,3300444.0,2240369.345376961,1060074.654623039,2024,20000000.0,0.0,155198165.22229752,0.020802882925697,0,0,-1060074.654623039,Regular (<$250M)
1252309,Tell Me What You Want,Romance; Drama,2265661.0,6004812.87780057,3739151.87780057,2024,,0.0,158962608.75472113,0.0208954192525184,0,0,3739151.87780057,Regular (<$250M)
970450,Werewolves,Action; Horror; Thriller; Science Fiction,1052998.0,864951.6656783001,188046.33432169992,2024,,0.0,153822747.54259884,0.020802882925697,0,0,-188046.33432169992,Regular (<$250M)
839033,The Lord of the Rings: The War of the Rohirrim,Animation; Fantasy; Adventure; Action,20658572.0,16209626.687528463,4448945.312471537,2024,30000000.0,0.0,169167422.564449,0.0214101862835276,0,0,-4448945.312471537,Regular (<$250M)
1082195,The Order,Crime; Drama; Thriller,1970445.0,1335002.4528544114,635442.5471455886,2024,20000000.0,0.0,154292798.32977498,0.020802882925697,0,0,-635442.5471455886,Regular (<$250M)
728949,Nightbitch,Comedy; Horror,170737.0,835122.9975488838,664385.9975488838,2024,20000000.0,0.0,153792918.87446943,0.0208282620888054,0,0,664385.9975488838,Regular (<$250M)
799766,Better Man,Music; Drama,22549151.0,43244546.944601566,20695395.94460157,2024,110000000.0,0.0,196202342.82152212,0.167387816652359,0,1,20695395.94460157,Regular (<$250M)
1094274,Y2K,Science Fiction; Horror; Comedy,4481473.0,12253128.624933882,7771655.624933882,2024,15000000.0,0.0,165210924.50185442,0.0208178805256418,0,0,7771655.624933882,Regular (<$250M)
1128650,The Prosecutor,Action; Drama; Crime; Thriller,128093757.0,14763420.948377054,113330336.05162294,2024,38500000.0,0.0,167721216.8252976,0.0210191229412876,0,0,-113330336.05162294,Regular (<$250M)
539972,Kraven the Hunter,Action; Adventure; Thriller,62076533.0,160759759.4128482,98683226.4128482,2024,130000000.0,7801963.535927653,313717555.28976876,0.0484316164578149,0,0,98683226.4128482,Regular (<$250M)
1079310,Holy Cow,Drama; Comedy,6587495.0,681982.9939386919,5905512.006061308,2024,,0.0,153639778.87085924,0.020802882925697,0,0,-5905512.006061308,Regular (<$250M)
1028196,Nickel Boys,Drama; History,3016380.0,8739702.89418137,5723322.894181371,2024,23200000.0,0.0,161697498.77110192,0.0210053173354777,0,0,5723322.894181371,Regular (<$250M)
1235499,The Last Showgirl,Drama,6380079.0,1497161.623214578,4882917.376785422,2024,2000000.0,0.0,154454957.50013512,0.020802882925697,0,0,-4882917.376785422,Regular (<$250M)
762509,Mufasa: The Lion King,Adventure; Family; Animation,722631756.0,656536092.4856039,66095663.51439607,2024,200000000.0,503578296.60868335,809493888.3625245,0.6750459204699641,1,1,-66095663.51439607,Blockbuster (>$400M)
929204,Wallace & Gromit: Vengeance Most Fowl,Animation; Adventure; Comedy; Science Fiction; Family,191452.0,1947810.5009606732,1756358.5009606732,2024,,0.0,154905606.37788123,0.0211132470254078,0,0,1756358.5009606732,Regular (<$250M)
1719538,THE_CAR_MEET,,5.0,43.68758217702237,38.68758217702237,2024,30.0,0.0,152957839.56450272,0.020802882925697,0,0,38.68758217702237,Regular (<$250M)
939243,Sonic the Hedgehog 3,Action; Science Fiction; Comedy; Family,492162604.0,319279837.4767089,172882766.5232911,2024,122000000.0,166322041.59978834,472237633.3536294,0.2017061805569516,1,1,-172882766.5232911,Blockbuster (>$400M)
1299046,Diamonds,Comedy; Drama,19674980.0,2317486.912363066,17357493.087636933,2024,,0.0,155275282.7892836,0.0210053173354777,0,0,-17357493.087636933,Regular (<$250M)
549509,The Brutalist,Drama,50145227.0,6043416.0434620315,44101810.95653797,2024,9600000.0,0.0,159001211.9203826,0.021324941375055,0,0,-44101810.95653797,Regular (<$250M)
426063,Nosferatu,Horror; Fantasy,181805645.0,18363372.61109573,163442272.38890427,2024,50000000.0,0.0,171321168.48801628,0.02123558899794,0,0,-163442272.38890427,Regular (<$250M)
661539,A Complete Unknown,Drama; Music,140508652.0,60081652.054084904,80426999.9459151,2024,65000000.0,0.0,213039447.93100545,0.023338350031634,0,0,-80426999.9459151,Regular (<$250M)
1097549,Babygirl,Romance; Thriller,60934894.0,3231779.548686716,57703114.45131329,2024,20000000.0,0.0,156189575.42560726,0.0209114624188262,0,0,-57703114.45131329,Regular (<$250M)
1631299,Qarn Almnazil,Documentary,4000.0,65983.64797370836,61983.64797370836,2024,,0.0,153023779.52489427,0.020802882925697,0,0,61983.64797370836,Regular (<$250M)
1278101,Big World,Drama; Family,109500000.0,29179165.821795,80320834.178205,2024,7000000.0,0.0,182136961.69871557,0.0246340338485245,0,0,-80320834.178205,Regular (<$250M)
1064307,Spermageddon,Animation; Adventure; Fantasy; Comedy,1333332.0,1399119.327552618,65787.327552618,2024,3000000.0,0.0,154356915.20447317,0.0210231015883665,0,0,65787.327552618,Regular (<$250M)
