tmdb_id,genre
189,Action
189,Crime
189,Thriller
1771,Action
1771,Adventure
1771,Science Fiction
1865,Adventure
1865,Action
1865,Fantasy
1930,Action
1930,Adventure
1930,Science Fiction
4258,Comedy
7978,Horror
8952,Comedy
8952,Crime
8952,Drama
8952,Romance
8967,Drama
8967,Fantasy
9364,Drama
9364,Romance
9543,Adventure
9543,Fantasy
9543,Action
10138,Adventure
10138,Action
10138,Science Fiction
10140,Adventure
10140,Family
10140,Fantasy
10191,Fantasy
10191,Adventure
10191,Animation
10191,Family
10192,Comedy
10192,Adventure
10192,Fantasy
10192,Animation
10192,Family
10193,Animation
10193,Family
10193,Comedy
10195,Adventure
10195,Fantasy
10195,Action
10196,Action
10196,Adventure
10196,Fantasy
10316,Drama
10317,Comedy
10317,Drama
10679,Action
10679,Comedy
10679,Science Fiction
11324,Drama
11324,Thriller
11324,Mystery
11439,Thriller
11439,Mystery
12155,Family
12155,Fantasy
12155,Adventure
12201,Crime
12201,Drama
12201,Mystery
12201,Thriller
12444,Adventure
12444,Fantasy
12445,Adventure
12445,Fantasy
12819,Animation
12819,Family
12819,Comedy
12819,Adventure
12819,Romance
13477,Comedy
13477,Fantasy
13477,Romance
14564,Horror
16290,Comedy
16290,Documentary
16290,Action
17578,Adventure
17578,Animation
17578,Mystery
18823,Adventure
18823,Fantasy
18823,Action
19901,Action
19901,Fantasy
19901,Science Fiction
20352,Animation
20352,Comedy
20352,Crime
20352,Science Fiction
20352,Family
20504,Action
20504,Thriller
20504,Science Fiction
20526,Adventure
20526,Action
20526,Science Fiction
20533,Western
20533,Fantasy
20533,Thriller
20662,Action
20662,Adventure
20662,History
20662,Drama
22538,Action
22538,Comedy
22538,Romance
22894,Action
22894,Fantasy
22894,Horror
22907,Action
22907,Crime
22907,Drama
22907,Thriller
22970,Horror
22970,Mystery
22970,Comedy
22971,Drama
22971,Romance
22971,War
22972,War
22972,Action
22972,Adventure
22972,Drama
22972,Thriller
23023,Comedy
23023,Family
23023,Fantasy
23047,Adventure
23047,Fantasy
23047,Action
23048,Science Fiction
23048,Comedy
23048,Adventure
23168,Crime
23168,Drama
23168,Thriller
23169,Drama
23169,Romance
23172,Action
23172,Comedy
23172,Family
23437,Horror
23437,Mystery
23437,Thriller
23483,Action
23483,Crime
23514,Comedy
23514,Drama
23629,Action
23629,Fantasy
23629,Thriller
23631,Action
23631,Comedy
23631,Thriller
23742,Action
23742,Comedy
23742,Crime
23759,Adventure
23759,Action
23759,Drama
23830,Drama
23830,Romance
24021,Adventure
24021,Fantasy
24021,Drama
24021,Romance
24428,Science Fiction
24428,Action
24428,Adventure
25195,Romance
25195,Comedy
26022,Drama
26022,Romance
26388,Thriller
26389,Action
26389,Crime
26389,Thriller
26390,Crime
26390,Drama
26390,Thriller
27022,Fantasy
27022,Adventure
27022,Action
27205,Action
27205,Science Fiction
27205,Adventure
27569,Drama
27573,Action
27573,Comedy
27573,Romance
27576,Action
27576,Mystery
27576,Thriller
27578,Thriller
27578,Adventure
27578,Action
27579,Crime
27579,Drama
27579,Thriller
27581,Comedy
27581,Action
27581,Crime
27582,Action
27582,Thriller
27582,Crime
27583,Comedy
27583,Drama
27583,Romance
27585,Drama
27586,Drama
27586,Music
28211,Drama
28211,Thriller
28211,Mystery
28510,Adventure
28510,Action
28510,Science Fiction
28510,Thriller
29426,Horror
29426,Comedy
29426,Drama
29426,Thriller
29427,Mystery
29427,Horror
29427,Action
30618,Thriller
30618,Action
30618,Drama
30675,Science Fiction
30675,Animation
30675,Action
31007,Drama
31867,Action
31867,Science Fiction
31867,Thriller
31867,Crime
32657,Adventure
32657,Fantasy
32657,Family
32823,Adventure
32823,Comedy
32823,Music
32856,Comedy
32856,Romance
33107,Mystery
33107,Thriller
33217,Comedy
33217,Family
33909,Drama
33909,Crime
34016,Romance
34016,Comedy
34134,Animation
34134,Family
34134,Fantasy
34544,Action
34544,Comedy
34544,Crime
34647,Fantasy
34647,Drama
34803,Comedy
34806,Comedy
34806,Romance
34813,Action
34813,Adventure
34813,Crime
34813,Mystery
34813,Thriller
34851,Science Fiction
34851,Action
34851,Thriller
35019,Comedy
35019,Fantasy
35019,Family
35056,Comedy
35056,Action
35056,Adventure
35169,Family
35169,Comedy
35552,Fantasy
35552,Adventure
35552,Action
35552,Mystery
35688,Comedy
35688,Romance
35690,Drama
35690,Family
35690,Romance
35791,Action
35791,Adventure
35791,Horror
35791,Science Fiction
36865,Animation
36865,Science Fiction
36865,Mystery
36865,Drama
37034,Action
37034,Fantasy
37056,Comedy
37056,Drama
37056,Romance
37414,Crime
37414,Drama
37414,Thriller
37430,Adventure
37430,Fantasy
37430,Action
37472,Action
37472,History
37472,Drama
37495,Comedy
37495,Crime
37495,Drama
37686,Thriller
37686,Science Fiction
37686,Mystery
37710,Action
37710,Thriller
37710,Romance
37724,Action
37724,Adventure
37724,Thriller
37735,Comedy
37786,Comedy
37786,Drama
37786,Romance
37799,Drama
37821,Action
37821,Comedy
37821,Thriller
37821,Romance
37834,Action
37834,Comedy
37861,Adventure
37861,Drama
37861,Action
37861,Fantasy
37905,Action
37905,Horror
37905,Thriller
37931,Action
37931,Comedy
37950,Drama
37950,Romance
37958,Fantasy
37958,Action
37958,Drama
38031,Comedy
38031,Drama
38031,Romance
38050,Science Fiction
38050,Thriller
38050,Romance
38055,Animation
38055,Action
38055,Comedy
38055,Family
38055,Science Fiction
38073,Comedy
38073,Drama
38073,Romance
38093,Romance
38093,Comedy
38117,Romance
38117,Fantasy
38117,Drama
38167,Drama
38167,Romance
38234,Action
38234,Thriller
38234,Crime
38234,Drama
38303,Comedy
38303,Romance
38317,Comedy
38317,Romance
38317,Family
38319,Comedy
38319,Fantasy
38319,Adventure
38319,Action
38319,Romance
38321,Action
38321,Fantasy
38321,Horror
38322,Crime
38322,Comedy
38322,Action
38356,Action
38356,Science Fiction
38356,Adventure
38357,Drama
38357,Comedy
38357,Romance
38358,Horror
38358,Thriller
38358,Mystery
38363,Drama
38363,Thriller
38365,Comedy
38407,Drama
38407,Thriller
38407,Mystery
38408,Comedy
38408,Romance
38408,Drama
38448,Drama
38448,Romance
38541,Horror
38541,Science Fiction
38541,Thriller
38543,Romance
38543,Adventure
38543,Action
38543,History
38575,Action
38575,Adventure
38575,Drama
38575,Family
38579,Family
38579,Comedy
38684,Drama
38684,Romance
38700,Thriller
38700,Action
38700,Crime
38745,Family
38745,Comedy
38745,Adventure
38745,Fantasy
38757,Animation
38757,Family
38757,Adventure
38778,Comedy
38843,Comedy
38843,Family
38961,Comedy
38961,Romance
39013,Drama
39013,Mystery
39053,Comedy
39053,Drama
39053,Romance
39210,Drama
39254,Action
39254,Science Fiction
39254,Drama
39312,War
39312,Documentary
39356,Drama
39356,Comedy
39451,Comedy
39451,Romance
39452,Documentary
39486,Drama
39513,Adventure
39513,Comedy
39513,Science Fiction
39514,Action
39514,Adventure
39514,Comedy
39514,Crime
39514,Thriller
39538,Drama
39538,Thriller
39538,Science Fiction
39691,Family
39691,Adventure
39691,Comedy
39691,Fantasy
39691,Action
39781,Comedy
39781,Drama
40264,Comedy
40264,Fantasy
40662,Mystery
40662,Crime
40662,Animation
40794,Comedy
40794,Drama
40794,Romance
40805,Action
40805,Crime
40805,Comedy
40807,Comedy
40807,Drama
41110,Drama
41110,Romance
41154,Action
41154,Comedy
41154,Science Fiction
41201,Animation
41201,Drama
41210,Comedy
41210,Romance
41210,Drama
41211,Romance
41211,Comedy
41215,Drama
41215,History
41215,Horror
41216,Animation
41216,Adventure
41216,Family
41216,Fantasy
41233,Drama
41233,Romance
41283,Crime
41283,Drama
41283,Action
41283,Thriller
41382,Comedy
41402,Drama
41402,Horror
41402,Mystery
41411,Drama
41411,History
41411,War
41436,Horror
41436,Mystery
41439,Horror
41439,Crime
41446,Horror
41446,Mystery
41479,Comedy
41479,Drama
41505,Horror
41505,Mystery
41505,Thriller
41513,Animation
41513,Family
41513,Adventure
41513,Comedy
41513,Fantasy
41515,Comedy
41515,Family
41515,Animation
41515,Adventure
41517,Adventure
41517,Action
41517,Science Fiction
41592,Music
41592,Romance
41592,Drama
41602,Action
41602,Comedy
41602,Drama
41602,Romance
41602,Thriller
41630,Comedy
41630,Romance
41733,Comedy
41733,Drama
42188,Drama
42188,Romance
42188,Science Fiction
42194,Crime
42194,Drama
42194,Action
42194,Thriller
42194,Science Fiction
42296,Documentary
42297,Drama
42297,Romance
42684,Science Fiction
42684,Action
42684,Thriller
42882,Comedy
42888,Comedy
42888,Drama
42888,Romance
42889,Comedy
42949,Animation
42949,Adventure
42949,Fantasy
42949,Family
43074,Action
43074,Fantasy
43074,Comedy
43200,Comedy
43200,Drama
43209,Action
43209,Adventure
43209,History
43347,Drama
43347,Comedy
43347,Romance
43539,Romance
43539,Drama
43539,Thriller
43539,Crime
43552,Mystery
43552,Horror
43552,Thriller
43593,Comedy
43593,Horror
43919,Horror
43919,Comedy
43919,Thriller
43920,Drama
43923,Comedy
43923,Drama
43923,Romance
43930,Action
43930,Adventure
43930,Drama
43931,Horror
43931,Mystery
43933,Drama
43933,Thriller
43933,Science Fiction
43935,Action
43935,Comedy
43935,Fantasy
43935,Horror
43935,Mystery
43935,Science Fiction
43935,Thriller
43939,Music
43939,Comedy
43939,Drama
43947,Thriller
43947,Crime
43947,Horror
43949,Romance
43949,Drama
43959,Family
43959,Drama
44009,Drama
44009,Comedy
44040,Horror
44040,Mystery
44040,Thriller
44048,Action
44048,Thriller
44113,Drama
44113,Thriller
44113,Action
44113,Mystery
44115,Adventure
44115,Drama
44115,Thriller
44129,Drama
44147,Action
44147,Comedy
44214,Drama
44214,Thriller
44214,Horror
44249,Drama
44249,Action
44249,History
44264,Drama
44264,Adventure
44264,Western
44363,Thriller
44564,Comedy
44564,Drama
44603,Drama
44603,Fantasy
44629,Crime
44629,Drama
44639,Documentary
44639,Crime
44716,Drama
44718,Drama
44718,Mystery
44718,Comedy
44826,Adventure
44826,Drama
44826,Family
44833,Thriller
44833,Action
44833,Adventure
44833,Science Fiction
44835,Drama
44865,Action
44865,Drama
44865,History
44896,Animation
44896,Comedy
44896,Family
44896,Western
44896,Adventure
44912,Adventure
44912,Action
44912,Science Fiction
44943,Science Fiction
44943,Action
44945,Crime
44945,Drama
44945,Thriller
44982,Drama
44982,Thriller
45094,Drama
45132,Comedy
45132,Action
45132,Drama
45156,Comedy
45156,Drama
45156,Romance
45243,Comedy
45269,Drama
45269,History
45284,Action
45284,Crime
45284,Thriller
45284,Drama
45317,Drama
45535,Comedy
45610,Action
45610,Thriller
45610,Crime
45612,Thriller
45612,Science Fiction
45612,Mystery
45649,Comedy
45649,Drama
45649,Fantasy
45649,Horror
45649,Mystery
45657,Horror
45657,Thriller
45658,Comedy
45658,Drama
45658,Romance
45772,Animation
45772,Family
45958,Drama
46146,Fantasy
46146,Horror
46195,Animation
46195,Adventure
46195,Comedy
46195,Family
46261,Fantasy
46261,Horror
46261,Thriller
46332,Drama
46332,History
46420,Horror
46503,Mystery
46503,Thriller
46503,Romance
46528,Adventure
46528,Fantasy
46528,Action
46528,Western
46528,Thriller
46529,Action
46529,Thriller
46529,Science Fiction
46529,Adventure
46705,Drama
46705,Romance
46738,Drama
46738,War
46738,Mystery
46829,Comedy
46829,Drama
46837,Comedy
46837,Science Fiction
46837,Mystery
46838,Comedy
46838,Horror
47327,Fantasy
47327,Thriller
47327,Action
47327,Crime
47533,Mystery
47533,Fantasy
47533,Comedy
47533,Adventure
47760,Drama
47760,Romance
47854,Drama
47854,Action
47854,History
47854,Thriller
47909,Drama
47931,Drama
47931,Action
47931,Crime
47933,Action
47933,Adventure
47933,Science Fiction
47964,Action
47964,Thriller
47971,Action
47971,Adventure
47971,Crime
48034,Comedy
48034,Drama
48138,Action
48138,Mystery
48138,Thriller
48171,Drama
48171,Thriller
48171,Horror
48231,Drama
48289,Drama
48289,Thriller
48303,Drama
48303,Romance
48340,Action
48340,Thriller
48414,Documentary
48414,Family
48414,Drama
48415,Comedy
48492,Action
48492,Adventure
48492,Drama
48492,Mystery
48572,Horror
48572,Action
48572,Thriller
48650,Drama
48650,Romance
48838,Drama
48838,Crime
48988,Comedy
48988,Romance
49009,Drama
49009,Adventure
49009,History
49010,Crime
49010,Action
49010,Thriller
49012,Comedy
49012,Romance
49013,Animation
49013,Family
49013,Adventure
49013,Comedy
49014,Drama
49017,Horror
49017,Action
49017,Fantasy
49018,Horror
49018,Thriller
49020,Drama
49020,Comedy
49020,Romance
49021,Action
49021,Adventure
49021,Thriller
49022,Comedy
49022,Drama
49022,Romance
49026,Action
49026,Crime
49026,Drama
49026,Thriller
49040,Action
49040,Thriller
49047,Science Fiction
49047,Thriller
49047,Drama
49049,Action
49049,Science Fiction
49051,Adventure
49051,Fantasy
49051,Action
49444,Animation
49444,Family
49444,Comedy
49444,Action
49494,Adventure
49494,Drama
49517,Drama
49517,Thriller
49517,Mystery
49519,Animation
49519,Adventure
49519,Family
49519,Comedy
49520,Comedy
49521,Action
49521,Adventure
49521,Science Fiction
49524,Fantasy
49524,Action
49524,Comedy
49526,Crime
49526,Action
49526,Thriller
49527,Action
49527,Thriller
49527,Crime
49529,Action
49529,Adventure
49529,Science Fiction
49530,Action
49530,Thriller
49530,Science Fiction
49538,Action
49538,Science Fiction
49538,Adventure
49730,Thriller
49730,Drama
49730,Fantasy
49730,Mystery
49730,Horror
49730,Romance
49797,Thriller
49797,Horror
49849,Action
49849,Science Fiction
49849,Thriller
49849,Western
49852,Adventure
49852,Fantasy
49852,Family
49950,Thriller
49950,Drama
49950,Horror
49953,Animation
49953,Family
50014,Drama
50204,Comedy
50204,Thriller
50204,History
50204,Horror
50321,Adventure
50321,Animation
50321,Family
50321,Science Fiction
50348,Crime
50348,Drama
50348,Thriller
50357,Horror
50357,Science Fiction
50357,Thriller
50359,Animation
50359,Comedy
50359,Family
50456,Action
50456,Thriller
50456,Adventure
50544,Romance
50544,Comedy
50546,Comedy
50546,Romance
50618,War
50618,Drama
50618,History
50618,Action
50619,Adventure
50619,Fantasy
50619,Romance
50620,Fantasy
50620,Drama
50620,Romance
50646,Comedy
50646,Drama
50646,Romance
50647,Comedy
50647,Romance
50716,Animation
50716,Drama
50716,Action
50716,Science Fiction
50723,Adventure
50723,Action
50723,Animation
50725,Comedy
50725,Drama
50725,Romance
50780,Drama
50837,Drama
50837,Thriller
50838,Mystery
50838,Thriller
50838,Horror
50839,Thriller
50839,Drama
51052,Drama
51052,Animation
51052,Family
51052,Comedy
51162,Animation
51162,Family
51162,Adventure
51162,Comedy
51170,Adventure
51170,Animation
51170,Family
51170,Comedy
51170,TV Movie
51209,Action
51209,Crime
51209,Thriller
51209,Drama
51241,Drama
51241,Romance
51447,Comedy
51497,Action
51497,Thriller
51497,Crime
51533,Action
51533,Comedy
51540,Comedy
51540,Crime
51588,Comedy
51588,Romance
51608,Action
51608,Thriller
51608,Crime
51739,Fantasy
51739,Animation
51739,Family
51828,Drama
51828,Romance
51876,Thriller
51876,Mystery
51876,Science Fiction
51999,Drama
51999,Science Fiction
51999,Romance
52015,Drama
52015,Horror
52015,Science Fiction
52067,Comedy
52077,Comedy
52274,Horror
52274,Thriller
52449,Comedy
52451,Adventure
52451,Action
52451,Thriller
52505,Drama
52520,Fantasy
52520,Action
52520,Horror
52629,Action
52629,Crime
52629,Western
52629,Comedy
52629,Drama
53172,Crime
53172,Comedy
53182,Action
53182,Drama
53182,War
53319,Comedy
53399,Drama
53457,Drama
53457,War
53487,Drama
54054,Action
54054,Comedy
54054,Crime
54138,Action
54138,Adventure
54138,Science Fiction
54186,Drama
54186,Thriller
54186,Mystery
54518,Music
54518,Documentary
54518,Family
55292,Action
55292,Drama
55301,Comedy
55301,Fantasy
55301,Family
55301,Music
55301,Animation
55341,Horror
55347,Drama
55347,Romance
55347,Comedy
55420,Drama
55420,Science Fiction
55465,Comedy
55720,Drama
55721,Comedy
55721,Romance
55725,Drama
55725,Comedy
55779,Horror
55779,Mystery
55787,Drama
55787,Romance
55846,Crime
55846,Action
55846,Thriller
56288,Family
56288,Comedy
56288,Action
56288,Adventure
56292,Action
56292,Thriller
56292,Adventure
56812,Adventure
56812,Comedy
56812,Drama
56812,Horror
56812,Thriller
56909,Comedy
57089,Comedy
57089,Animation
57089,Family
57157,Comedy
57157,Drama
57158,Fantasy
57158,Adventure
57158,Action
57165,Fantasy
57165,Adventure
57165,Action
57201,Action
57201,Adventure
57201,Western
57212,War
57212,History
57212,Drama
57214,Comedy
57331,Action
57331,Adventure
57331,Thriller
57361,Drama
57361,Thriller
57361,Crime
57431,Comedy
57703,Drama
57703,Romance
57800,Animation
57800,Comedy
57800,Adventure
57800,Family
57876,Horror
57876,Mystery
57876,Science Fiction
58151,Horror
58151,Comedy
58224,Comedy
58224,Family
58232,Comedy
58232,Romance
58233,Crime
58233,Action
58233,Comedy
58244,Romance
58244,Science Fiction
58244,Drama
58244,Fantasy
58428,Horror
58428,Thriller
58431,Romance
58431,Horror
58431,Comedy
58431,Thriller
58496,Documentary
58547,Comedy
58547,Drama
58574,Action
58574,Adventure
58574,Mystery
58595,Adventure
58595,Fantasy
58595,Drama
58857,Adventure
58857,Drama
58857,Action
59108,Action
59108,Comedy
59429,Horror
59429,Thriller
59436,Fantasy
59436,Comedy
59436,Romance
59440,Drama
59440,Action
59468,Adventure
59468,Drama
59490,Documentary
59678,Action
59678,Comedy
59678,Science Fiction
59859,Action
59859,Adventure
59859,Crime
59860,Adventure
59860,Comedy
59860,Romance
59861,Comedy
59861,Romance
59861,Drama
59961,Action
59961,Thriller
59962,Action
59962,Comedy
59962,Romance
59965,Thriller
59965,Action
59965,Mystery
59967,Action
59967,Thriller
59967,Science Fiction
59968,Comedy
59968,Drama
60243,Drama
60281,Drama
60281,Romance
60304,Fantasy
60304,Horror
60304,Action
60307,Family
60307,Comedy
60308,Drama
60309,Crime
60309,Drama
60309,History
60420,Drama
60420,Romance
60534,Crime
60534,Thriller
60534,Drama
60599,Drama
60599,Thriller
60747,Action
60747,Thriller
60935,Horror
60935,Science Fiction
60935,Mystery
61012,Thriller
61012,Horror
61012,Mystery
61202,Drama
61202,Comedy
61202,Romance
61404,Action
61404,Thriller
61404,Crime
61667,Drama
61667,Comedy
61791,Thriller
61791,Action
61791,Drama
61791,Science Fiction
61891,Drama
61891,History
61891,Thriller
61984,Science Fiction
61984,Action
61984,Adventure
61984,Drama
62046,Mystery
62046,Comedy
62046,Crime
62177,Adventure
62177,Animation
62177,Family
62177,Fantasy
62206,Action
62206,Adventure
62206,Comedy
62211,Animation
62211,Family
62211,Comedy
62211,Fantasy
62213,Comedy
62213,Fantasy
62214,Animation
62214,Comedy
62214,Family
62215,Drama
62215,Science Fiction
62630,Drama
62630,Action
62630,Thriller
62630,Crime
62630,War
62764,Adventure
62764,Comedy
62764,Family
62764,Fantasy
62835,Action
62835,Thriller
62835,Crime
62835,Drama
62837,Drama
62837,Family
62838,Comedy
62838,Romance
63207,Thriller
63207,Horror
63207,Fantasy
63311,Drama
63311,Horror
63311,Mystery
63311,Thriller
63492,Comedy
63492,Romance
63493,Drama
63493,Thriller
63574,Comedy
63574,Music
64328,Comedy
64328,Family
64328,Music
64328,Adventure
64586,Drama
64586,Romance
64635,Action
64635,Science Fiction
64635,Thriller
64639,Drama
64639,Thriller
64678,Drama
64678,Romance
64682,Drama
64682,Romance
64685,Drama
64686,Drama
64686,Action
64686,Fantasy
64688,Action
64688,Comedy
64688,Crime
64689,Crime
64689,Thriller
64690,Drama
64690,Thriller
64690,Crime
64720,Thriller
64720,Drama
64720,Horror
64807,Comedy
65055,Thriller
65055,Horror
65057,Comedy
65057,Drama
65086,Drama
65086,Horror
65086,Thriller
65229,Drama
65754,Thriller
65754,Crime
65754,Mystery
65759,Animation
65759,Comedy
65759,Family
65760,Drama
65760,Thriller
65760,Crime
66125,Drama
66125,Comedy
66125,Family
66129,Comedy
66129,Family
66195,Comedy
66195,Thriller
66195,Crime
67660,Comedy
67660,Romance
67748,Crime
67748,Drama
67913,Action
67913,Comedy
67913,Thriller
67913,Crime
68179,Animation
68179,Comedy
68179,Adventure
68179,Family
68179,Science Fiction
68718,Drama
68718,Western
68721,Action
68721,Adventure
68721,Science Fiction
68722,Drama
68724,Science Fiction
68724,Action
68724,Drama
68724,Thriller
68726,Action
68726,Science Fiction
68726,Adventure
68727,Thriller
68727,Crime
68727,Mystery
68728,Fantasy
68728,Adventure
68728,Family
68730,Drama
68730,History
68734,Drama
68734,Thriller
68735,Action
68735,Adventure
68735,Fantasy
68737,Adventure
68737,Fantasy
68812,Thriller
68812,Crime
68812,Drama
68817,Drama
68817,Music
68817,Romance
69668,Mystery
69668,Drama
69668,Thriller
69798,Comedy
70074,Action
70074,Crime
70074,Thriller
70160,Science Fiction
70160,Adventure
70160,Action
70160,Thriller
70435,Action
70435,Thriller
70435,Drama
70436,Crime
70436,Thriller
70436,Mystery
70578,Thriller
70578,Crime
70578,Drama
70586,Action
70586,Crime
70586,Drama
70586,Thriller
70670,Thriller
70670,Crime
70670,Action
70868,Romance
70868,Comedy
70954,Drama
70954,Thriller
70954,Adventure
70981,Science Fiction
70981,Mystery
70981,Horror
71157,Drama
71157,Crime
71469,Horror
71469,Action
71469,Thriller
71469,Science Fiction
71552,Comedy
71668,Horror
71668,Thriller
71668,Comedy
71676,Action
71676,Fantasy
71676,Thriller
71677,Action
71677,Crime
71677,Drama
71677,Thriller
71679,Action
71679,Horror
71679,Science Fiction
71688,History
71688,Drama
71859,Drama
71859,Thriller
71864,Fantasy
71864,Drama
71864,Comedy
71864,Family
71880,Comedy
71880,Family
72105,Comedy
72105,Fantasy
72113,Comedy
72113,Drama
72190,Action
72190,Horror
72190,Science Fiction
72197,Animation
72197,Adventure
72197,Family
72197,Comedy
72207,Comedy
72207,Drama
72207,Romance
72213,Drama
72331,Action
72331,Fantasy
72331,Horror
72358,Drama
72358,Comedy
72358,Fantasy
72387,Action
72387,Crime
72387,Thriller
72431,Drama
72431,History
72431,War
72432,Drama
72432,Mystery
72477,Drama
72477,Thriller
72477,Crime
72478,Drama
72478,Thriller
72545,Adventure
72545,Action
72545,Science Fiction
72559,Action
72559,Science Fiction
72559,Adventure
72559,Thriller
72570,Drama
72570,Romance
72571,Horror
72571,Mystery
72710,Action
72710,Adventure
72710,Science Fiction
72784,Thriller
72976,History
72976,Drama
73245,Action
73245,Animation
73245,Fantasy
73245,Adventure
73499,Action
73499,Drama
73499,Crime
73532,Drama
73532,Comedy
73567,Crime
73567,Thriller
73567,Drama
73624,Comedy
73624,Fantasy
73624,Science Fiction
73624,Romance
73723,Animation
73723,Family
73873,Drama
73937,Comedy
74308,Drama
74387,Comedy
74387,Drama
74465,Drama
74465,Comedy
74465,Family
74513,Action
74513,Drama
74513,War
74534,Drama
74534,Comedy
74643,Drama
74643,Comedy
74643,Romance
74725,Horror
74725,Thriller
74725,Crime
74777,Horror
74777,Mystery
74879,Drama
74879,Crime
74944,Family
74944,Adventure
74945,Adventure
74945,Family
74997,Drama
74997,Horror
74997,Crime
74998,Action
74998,Drama
74998,Thriller
75174,Action
75174,Adventure
75174,Thriller
75198,Comedy
75233,Drama
75612,Action
75612,Science Fiction
75612,Adventure
75612,Mystery
75622,Crime
75622,Drama
75624,Thriller
75624,Animation
75624,Action
75624,Comedy
75624,Horror
75624,Mystery
75629,Animation
75629,Science Fiction
75629,Action
75629,Drama
75638,Thriller
75656,Thriller
75656,Crime
75674,Action
75674,Thriller
75674,War
75761,Horror
75761,Comedy
75780,Crime
75780,Drama
75780,Thriller
75780,Action
75802,Comedy
75802,Romance
75900,Drama
75900,Romance
75948,Action
75948,Fantasy
76025,Drama
76163,Action
76163,Adventure
76163,Thriller
76170,Action
76170,Science Fiction
76170,Adventure
76203,Drama
76203,History
76285,Adventure
76285,Family
76285,Fantasy
76338,Action
76338,Adventure
76338,Fantasy
76341,Action
76341,Adventure
76341,Science Fiction
76487,Horror
76487,Thriller
76489,Comedy
76492,Animation
76492,Comedy
76492,Family
76492,Fantasy
76493,Comedy
76494,Romance
76494,Comedy
76494,Drama
76543,Drama
76543,Romance
76544,Action
76544,Drama
76600,Action
76600,Adventure
76600,Science Fiction
76617,Horror
76617,Thriller
76649,Action
76649,Adventure
76649,History
76649,Romance
76649,Drama
76726,Science Fiction
76726,Drama
76726,Thriller
76757,Science Fiction
76757,Fantasy
76757,Action
76758,Drama
76758,History
76758,War
77016,Crime
77016,Drama
77016,Thriller
77174,Family
77174,Animation
77174,Adventure
77174,Comedy
77234,Action
77234,Thriller
77338,Drama
77338,Comedy
77459,Adventure
77459,Animation
77459,Family
77459,Fantasy
77495,Thriller
77495,Horror
77617,Animation
77617,Action
77617,Crime
77617,Mystery
77663,Action
77663,Thriller
77805,Drama
77866,Thriller
77866,Action
77866,Drama
77866,Crime
77875,Comedy
77875,Romance
77877,Drama
77877,Romance
77883,Horror
77883,Thriller
77930,Drama
77930,Comedy
77931,Fantasy
77931,Family
77931,Comedy
77931,Animation
77944,Comedy
77948,Action
77948,Thriller
77948,Mystery
77949,Horror
77949,Thriller
77949,Mystery
77950,Animation
77950,Family
77951,Animation
77951,Family
77951,Adventure
77953,Comedy
77987,Drama
77987,Thriller
77987,Crime
78215,War
78215,Drama
78215,History
78698,Adventure
78698,Drama
78698,Romance
78698,Fantasy
79120,Drama
79120,Romance
79224,Drama
79224,Action
79224,History
79316,Horror
79548,Thriller
79548,Mystery
79553,Drama
79553,Action
79553,War
79694,Horror
79694,Thriller
79697,Comedy
80035,Comedy
80035,Action
80035,Science Fiction
80038,Comedy
80038,Drama
80038,Romance
80271,Drama
80271,Comedy
80271,Romance
80274,Science Fiction
80274,Action
80274,Adventure
80278,Drama
80278,Thriller
80278,History
80280,Horror
80304,Comedy
80304,Western
80321,Animation
80321,Family
80321,Comedy
80321,Adventure
80389,Action
80389,Thriller
80389,Crime
80389,Drama
80585,Comedy
80585,Drama
80585,Romance
80585,Music
80717,Drama
80717,Music
80767,Documentary
81005,Fantasy
81005,Action
81005,Adventure
81025,Drama
81025,Romance
81025,Comedy
81188,Action
81188,Adventure
81188,Animation
81188,Family
81188,Fantasy
81342,Drama
81342,Comedy
81342,Romance
81390,Adventure
81390,Action
81390,Thriller
81390,Crime
81401,Drama
81446,Action
81446,Comedy
81446,Crime
81481,Drama
81796,Action
81796,Thriller
81796,Science Fiction
81836,Comedy
81836,Romance
81870,Action
81870,Adventure
81870,Drama
82390,Thriller
82390,Drama
82390,Mystery
82505,Horror
82505,Thriller
82507,Horror
82507,Thriller
82507,Mystery
82520,Drama
82525,Crime
82525,Drama
82525,Thriller
82532,Drama
82532,Comedy
82633,Crime
82633,Drama
82633,Western
82650,Comedy
82650,Family
82654,Horror
82654,Comedy
82654,Romance
82654,Action
82654,Science Fiction
82675,Action
82675,Crime
82675,Thriller
82679,Comedy
82682,Crime
82682,Drama
82682,Action
82682,Thriller
82684,Drama
82687,Comedy
82690,Family
82690,Animation
82690,Comedy
82690,Adventure
82693,Drama
82693,Comedy
82693,Romance
82695,History
82695,Drama
82696,Drama
82696,Comedy
82696,Romance
82700,Science Fiction
82700,Action
82700,Adventure
82702,Fantasy
82702,Action
82702,Adventure
82702,Animation
82702,Family
82703,Animation
82703,Science Fiction
82703,Comedy
82703,Adventure
82703,Family
82825,Mystery
82825,Thriller
82990,Horror
82992,Action
82992,Thriller
82992,Crime
83389,Animation
83389,Drama
83542,Drama
83542,Science Fiction
83666,Comedy
83666,Drama
83666,Romance
83686,Drama
83686,Thriller
83770,Adventure
83770,Drama
83899,Horror
83899,Thriller
83899,Mystery
84174,Comedy
84174,Romance
84175,Drama
84175,Fantasy
84175,Adventure
84184,Comedy
84184,Drama
84184,Romance
84188,Drama
84188,Thriller
84199,Drama
84199,Comedy
84199,Romance
84204,Science Fiction
84204,Comedy
84204,Thriller
84204,Horror
84204,Mystery
84287,Documentary
84287,Mystery
84287,Crime
84306,Romance
84306,Comedy
84306,Drama
84319,Animation
84319,Comedy
84319,Drama
84319,Romance
84319,Fantasy
84329,Science Fiction
84329,Comedy
84329,Crime
84330,Documentary
84332,Comedy
84332,Romance
84332,Science Fiction
84334,Music
84334,Documentary
84348,Thriller
84348,Horror
84892,Drama
85038,Comedy
85041,Comedy
85350,Drama
85373,Music
85373,Romance
85373,Drama
85435,Comedy
85446,Music
85446,Drama
85446,Romance
85739,Action
85739,Drama
85739,Crime
85872,Comedy
85889,Crime
85889,Drama
85889,Comedy
86000,Romance
86000,Drama
86467,Romance
86467,Drama
86555,Drama
86555,Comedy
86555,Romance
86597,Horror
86597,Mystery
86597,Thriller
86812,Science Fiction
86812,Drama
86812,Mystery
86812,Thriller
86825,Drama
86825,Horror
86825,Thriller
86828,Comedy
86828,Science Fiction
86829,Drama
86829,Music
86834,Drama
86834,Adventure
86835,Drama
86835,Romance
86835,Fantasy
86837,Drama
86837,Romance
86838,Comedy
86838,Crime
86868,Comedy
87093,Drama
87101,Science Fiction
87101,Action
87101,Thriller
87421,Science Fiction
87421,Action
87421,Thriller
87428,Comedy
87436,Horror
87492,Drama
87492,Thriller
87496,Drama
87496,Thriller
87499,Drama
87499,Thriller
87502,Drama
87516,Thriller
87516,Mystery
87567,Comedy
87818,Comedy
87825,Drama
87825,Romance
87826,Comedy
87826,Action
87826,Drama
87827,Adventure
87827,Drama
88005,Comedy
88005,Drama
88005,Romance
88042,Comedy
88273,Drama
88273,History
88273,Romance
88284,Drama
88557,Animation
88557,Family
88557,Adventure
88557,Drama
88557,Fantasy
88794,Drama
88794,Crime
88794,History
89008,Comedy
89008,Romance
89008,Drama
89492,Comedy
89691,Horror
89691,Thriller
89708,Documentary
89899,Comedy
90369,Drama
90369,Romance
91314,Science Fiction
91314,Action
91314,Adventure
91586,Horror
91586,Thriller
91679,Drama
91745,Romance
91745,Drama
92182,Horror
92182,Mystery
92182,Drama
92493,Crime
92493,Drama
92493,History
92591,Comedy
92591,Crime
92591,Drama
93188,Drama
93188,Romance
93188,Music
93456,Animation
93456,Comedy
93456,Family
93456,Science Fiction
93828,Action
93828,Adventure
93828,Crime
93837,Action
93837,Comedy
93856,Horror
93856,Thriller
94047,Drama
94047,Action
94047,History
94047,War
94204,Crime
94204,Drama
94204,Mystery
94204,Thriller
94329,Action
94329,Thriller
94329,Crime
94348,Action
94348,Thriller
94348,Crime
94348,Mystery
94365,Horror
94562,Comedy
95608,Drama
95610,Drama
95610,Comedy
95610,Romance
96714,Drama
96714,History
96721,Drama
96721,Action
96724,Drama
96724,Romance
96724,History
96936,Drama
96936,Crime
97020,Action
97020,Science Fiction
97020,Thriller
97365,Drama
97365,Romance
97367,Drama
97367,Crime
97370,Thriller
97370,Science Fiction
97370,Drama
97430,Action
97434,Comedy
97434,Crime
97614,Crime
97614,Drama
97614,Thriller
97630,Thriller
97630,Drama
98339,Thriller
98357,Thriller
98357,Crime
98357,Drama
98548,Drama
98566,Science Fiction
98566,Action
98566,Adventure
98566,Comedy
98567,Action
98567,Adventure
99579,Drama
99579,History
99770,Family
99770,Adventure
99770,Comedy
99861,Action
99861,Adventure
99861,Science Fiction
100042,Comedy
100241,Horror
100241,Thriller
100271,Comedy
100271,Fantasy
100271,Animation
100271,Drama
100271,Family
100402,Action
100402,Adventure
100402,Science Fiction
101173,Drama
101173,Thriller
101299,Adventure
101299,Action
101299,Science Fiction
101669,Crime
101669,Horror
101669,Thriller
101731,Drama
101731,Comedy
102207,Family
102207,Adventure
102207,Comedy
102362,Thriller
102362,Action
102362,Crime
102362,Drama
102382,Action
102382,Adventure
102382,Science Fiction
102651,Fantasy
102651,Adventure
102651,Action
102651,Family
102651,Romance
102780,Drama
102780,Fantasy
102780,Thriller
102899,Science Fiction
102899,Adventure
102899,Action
103328,Drama
103328,Fantasy
103332,Comedy
103332,Romance
103332,Fantasy
103332,Drama
103620,Horror
103620,Thriller
103663,Drama
103686,Drama
103731,Drama
103747,Drama
103747,Comedy
103758,Drama
103758,Comedy
104755,Horror
104755,Thriller
105864,Adventure
105864,Animation
105864,Family
106646,Crime
106646,Drama
106646,Comedy
106747,Action
106747,Crime
106747,Thriller
107811,Comedy
107846,Action
107846,Thriller
107985,Comedy
107985,Action
107985,Science Fiction
109091,Thriller
109091,Crime
109091,Drama
109099,Thriller
109099,Drama
109099,Crime
109099,Mystery
109410,Drama
109414,Action
109414,Comedy
109418,Comedy
109421,Thriller
109421,Crime
109421,Drama
109424,Action
109424,Drama
109424,Thriller
109428,Horror
109431,Comedy
109431,Crime
109439,Comedy
109443,Comedy
109445,Animation
109445,Family
109445,Adventure
109445,Fantasy
109451,Animation
109451,Family
109451,Comedy
109491,Fantasy
109491,Drama
109491,Romance
109513,Action
109513,Comedy
109513,Romance
109689,Drama
109689,Romance
110398,Drama
110398,History
110410,Action
110410,Drama
110410,Crime
110415,Action
110415,Science Fiction
110415,Drama
110416,Family
110416,Animation
110416,Fantasy
110420,Animation
110420,Family
110420,Drama
110420,Fantasy
110428,Drama
110428,History
110552,Action
111190,Drama
111969,Drama
111969,Comedy
111969,Romance
112200,Comedy
112200,Drama
112205,Crime
112205,Comedy
112205,Action
112336,Drama
112454,Horror
112454,Thriller
112949,Romance
112949,Thriller
113082,Animation
113082,Action
113082,Adventure
113082,Fantasy
113082,Drama
113082,Horror
113947,Drama
113947,Romance
113947,Comedy
114150,Comedy
114150,Music
114150,Romance
114478,Animation
114478,Action
114478,Science Fiction
115210,Horror
115348,Drama
115348,Thriller
115782,Drama
115782,History
116149,Comedy
116149,Adventure
116149,Family
116613,Action
116613,Crime
116711,Animation
116711,Adventure
116711,Family
116711,Fantasy
116741,Comedy
116745,Adventure
116745,Comedy
116745,Drama
116745,Fantasy
116811,Horror
116811,Drama
116811,Thriller
116977,Adventure
116977,Comedy
116977,Animation
116977,Family
116977,Action
116979,Horror
116979,Thriller
116979,Drama
117251,Action
117251,Drama
117251,Thriller
117263,Action
117263,Thriller
117691,Action
117691,Thriller
117691,Crime
117974,Comedy
117974,Crime
117974,Romance
117974,Horror
118289,Drama
118289,Romance
118293,Comedy
118293,Animation
118293,Music
118340,Action
118340,Science Fiction
118340,Adventure
118406,Animation
118406,Fantasy
118406,Action
118451,Drama
118451,Romance
118957,Horror
119283,Action
119283,Crime
119450,Science Fiction
119450,Action
119450,Drama
119450,Thriller
119675,Drama
119675,Romance
119698,Adventure
119698,Action
119698,Horror
119892,Action
119892,Adventure
119892,Family
119892,Fantasy
120467,Comedy
120467,Drama
121642,Drama
121642,Romance
121642,War
121674,Drama
121674,Romance
121677,Thriller
121734,Animation
121734,Comedy
121734,Adventure
121734,Family
121824,Thriller
121824,Comedy
121824,Action
121824,Crime
121826,Drama
121826,Comedy
121826,Romance
121828,Action
121828,Crime
121835,Drama
121835,War
121835,Thriller
121856,Action
121856,Adventure
121856,Science Fiction
121875,Comedy
121875,Drama
121875,Mystery
121875,Thriller
121879,Music
121879,Drama
121986,Comedy
121986,Drama
122081,Drama
122081,Crime
122126,Drama
122583,Animation
122583,Mystery
122583,Action
122857,Action
122857,Science Fiction
122857,Thriller
122906,Drama
122906,Romance
122906,Fantasy
122917,Action
122917,Adventure
122917,Fantasy
123103,Horror
123103,Thriller
123105,Horror
123105,Science Fiction
123105,Thriller
123109,Horror
123109,Thriller
123229,Comedy
123377,Drama
123553,Fantasy
123553,Action
123553,Mystery
123678,Documentary
123678,History
124157,Action
124157,Crime
124459,Comedy
124905,Action
124905,Drama
124905,Science Fiction
125490,Science Fiction
125490,Horror
126319,Animation
126319,Family
126319,Crime
126319,Drama
126319,Comedy
126889,Horror
126889,Science Fiction
126963,Animation
126963,Action
126963,Science Fiction
127373,Drama
127380,Adventure
127380,Animation
127380,Family
127493,Action
127493,Crime
127493,Thriller
127501,Drama
127501,Romance
127501,Comedy
127517,Drama
127517,Thriller
127533,Adventure
127533,Action
127533,Fantasy
127533,War
127533,History
127560,Drama
127560,History
127585,Action
127585,Adventure
127585,Science Fiction
128136,Comedy
128136,Romance
128136,Drama
129112,Drama
129139,Comedy
129139,Romance
129670,Drama
129670,Adventure
130150,Drama
130150,Romance
130150,Thriller
130371,Thriller
130739,Drama
130739,Comedy
131631,Science Fiction
131631,Adventure
131631,Thriller
131634,Action
131634,Adventure
131634,Science Fiction
132232,Horror
132344,Romance
132344,Drama
132363,Drama
133121,Action
133121,Animation
133121,Science Fiction
133121,Horror
133694,Drama
133805,Drama
133805,Horror
134126,Drama
134126,Action
134126,Crime
134126,Thriller
134371,Drama
134371,Science Fiction
134371,Mystery
134374,Comedy
134374,Crime
134374,Action
134411,Action
134411,Drama
134411,Thriller
134597,Horror
134597,Thriller
135397,Adventure
135397,Science Fiction
135397,Thriller
135397,Action
136400,Action
136400,Comedy
136400,Crime
136418,Action
136418,Thriller
136793,Animation
136793,Adventure
136793,Comedy
136793,Family
136795,Action
136795,Comedy
136795,Crime
136797,Action
136797,Crime
136797,Drama
136797,Thriller
136799,Adventure
136799,Animation
136799,Comedy
136799,Family
136799,Fantasy
136835,Crime
136835,Thriller
137093,Comedy
137094,Action
137094,Drama
137094,Thriller
137106,Animation
137106,Family
137106,Adventure
137106,Comedy
137106,Fantasy
137113,Action
137113,Science Fiction
137116,Family
137116,Comedy
137116,Adventure
137116,Animation
137182,Drama
137321,Drama
137321,Fantasy
137321,Mystery
137321,Romance
138103,Action
138103,Adventure
138103,Thriller
138832,Comedy
138832,Crime
138843,Horror
138843,Thriller
139038,Comedy
139038,Horror
139455,Comedy
139455,Horror
139455,Thriller
139455,Mystery
139567,Action
139567,Crime
139567,Drama
139567,Thriller
140300,Animation
140300,Action
140300,Adventure
140300,Comedy
140300,Family
140607,Adventure
140607,Action
140607,Science Fiction
140823,Comedy
140823,Drama
140823,History
140870,Animation
140870,Adventure
140870,Family
141043,Comedy
141043,Drama
141052,Action
141052,Adventure
141052,Science Fiction
142487,Drama
144336,Action
144336,Drama
144336,Thriller
144336,Crime
144340,Comedy
144340,Drama
144340,Romance
144789,Comedy
145135,Science Fiction
145135,Thriller
145135,Horror
145197,Drama
145197,Science Fiction
145220,Comedy
145220,Adventure
145220,Crime
145220,Family
145247,Adventure
145247,Comedy
145247,Drama
146015,Thriller
146015,Drama
146198,Action
146198,Crime
146198,Adventure
146198,Thriller
146203,Horror
146203,Thriller
146216,Action
146216,Adventure
146216,Comedy
146216,Crime
146216,Thriller
146223,Mystery
146223,Drama
146223,Crime
146223,Thriller
146227,Action
146227,Crime
146233,Drama
146233,Thriller
146233,Crime
146238,Crime
146238,Thriller
146238,Drama
146239,Comedy
146301,Horror
146301,Thriller
146375,Comedy
146375,Action
146375,Crime
146724,Drama
146724,Romance
146724,Comedy
147441,Adventure
147441,Drama
147441,Action
147773,Comedy
147773,Drama
147868,Comedy
149509,Drama
149509,Fantasy
149509,Thriller
149870,Animation
149870,Drama
149870,History
149870,Romance
149871,Animation
149871,Drama
149871,Fantasy
150117,Comedy
150117,Romance
150202,Horror
150202,Drama
150202,Thriller
150540,Animation
150540,Family
150540,Adventure
150540,Drama
150540,Comedy
150689,Romance
150689,Fantasy
150689,Family
150689,Drama
151363,Romance
151363,Comedy
151960,Animation
151960,Family
151960,Adventure
151960,Comedy
152532,Drama
152532,History
152584,Romance
152584,Drama
152599,Drama
152599,Romance
152601,Romance
152601,Science Fiction
152601,Drama
152603,Drama
152603,Romance
152603,Fantasy
152737,Comedy
152737,Drama
152742,Drama
152742,Romance
152742,Crime
152747,Action
152747,Adventure
152747,Drama
152748,Crime
152748,Drama
152748,Romance
152748,Western
152760,War
152760,Drama
152760,History
152780,Drama
152780,Mystery
152790,Drama
152790,Comedy
152795,Drama
152795,Science Fiction
152795,Animation
153158,Animation
153158,Adventure
153158,Romance
153518,Animation
153518,Adventure
153518,Comedy
153518,Family
154400,Drama
154400,Crime
155084,Horror
155084,Thriller
156022,Thriller
156022,Action
156022,Crime
156700,Comedy
156700,Drama
156711,Comedy
156711,Romance
157099,Drama
157099,Comedy
157336,Adventure
157336,Drama
157336,Science Fiction
157350,Action
157350,Adventure
157350,Science Fiction
157353,Thriller
157353,Science Fiction
157353,Drama
157353,Mystery
157354,Drama
157360,Comedy
157370,Drama
157370,Romance
157370,Thriller
157386,Comedy
157386,Drama
157386,Romance
157433,Horror
157544,Thriller
157544,Horror
157547,Horror
157820,Drama
157820,Fantasy
157825,Thriller
157825,Drama
157832,Drama
157834,Drama
157834,Fantasy
157834,Science Fiction
157841,Adventure
157841,Drama
157841,Family
157843,Drama
157843,Adventure
157843,History
157845,Crime
157845,Drama
157847,Drama
157849,Thriller
157851,Drama
158011,Crime
158011,Thriller
158015,Science Fiction
158015,Horror
158015,Thriller
158445,Drama
158445,Comedy
158852,Adventure
158852,Family
158852,Mystery
158852,Science Fiction
158999,Documentary
159117,Horror
159117,Thriller
159121,Crime
159121,Comedy
159128,Drama
159128,Horror
159128,Thriller
159824,Animation
159824,Comedy
159824,Family
159824,Fantasy
159932,Drama
159932,Crime
159932,Thriller
160588,Drama
162903,Drama
162903,Thriller
164251,Drama
164372,Animation
164372,Fantasy
164372,Family
164457,Thriller
164457,Drama
164457,Crime
164558,Documentary
164558,Music
166076,Animation
166076,Action
166076,Adventure
166076,Science Fiction
166424,Action
166424,Adventure
166424,Science Fiction
166426,Adventure
166426,Action
166426,Fantasy
166428,Animation
166428,Family
166428,Adventure
166666,Drama
167032,Horror
167032,Thriller
167073,Drama
167073,History
167073,Romance
167581,Drama
167581,Romance
167810,Drama
167810,Fantasy
167810,Thriller
168098,Horror
168098,Science Fiction
168098,Thriller
168259,Action
168259,Crime
168259,Thriller
168530,Action
168530,Comedy
168672,Drama
168672,Crime
169209,Action
169209,Drama
169219,Thriller
169219,Mystery
169813,Drama
169881,Adventure
169881,Drama
169881,History
169917,Crime
169917,Drama
169917,Mystery
169917,Thriller
170522,Animation
170522,Comedy
170522,Adventure
170522,Family
170657,Action
170657,Fantasy
170657,Adventure
170657,Comedy
170687,Animation
170687,Comedy
170687,Family
170687,Fantasy
171274,Drama
171274,Mystery
171274,Comedy
171372,Comedy
171372,Drama
171372,Mystery
171424,Adventure
171424,Horror
172385,Animation
172385,Adventure
172385,Comedy
172385,Family
172391,Animation
172391,Adventure
172391,Family
172533,Romance
172533,Drama
172533,Comedy
173455,Documentary
173455,Music
173455,Comedy
173897,Action
173897,Horror
173897,Science Fiction
174675,Science Fiction
174675,Thriller
174751,Western
174751,Action
174751,Drama
174772,Science Fiction
174772,Thriller
174772,Drama
175112,Animation
175112,Family
175574,Animation
175574,Comedy
175574,Family
175774,Fantasy
175774,Drama
175774,Romance
176983,Animation
176983,Fantasy
176983,Action
176983,Adventure
177494,Crime
177494,Drama
177494,Comedy
177572,Adventure
177572,Family
177572,Animation
177572,Action
177572,Comedy
177677,Action
177677,Adventure
177699,Comedy
177945,Drama
178915,Comedy
179144,Drama
179150,Comedy
179826,Mystery
179826,Thriller
180147,Comedy
180299,Action
180299,Crime
180299,Thriller
180680,Action
180680,Comedy
180680,Drama
180863,Drama
180863,Comedy
180863,Crime
180894,Action
180894,Crime
180894,Thriller
181283,Crime
181283,Thriller
181533,Adventure
181533,Comedy
181533,Fantasy
181533,Family
181808,Adventure
181808,Action
181808,Science Fiction
181812,Adventure
181812,Action
181812,Science Fiction
181886,Thriller
181886,Mystery
182219,Comedy
182415,Drama
182415,Comedy
182560,Thriller
182560,Mystery
182560,Drama
182560,Crime
184098,Comedy
184098,Romance
184314,Drama
184315,Action
184315,Adventure
184341,Drama
184345,Comedy
184345,Horror
184346,Thriller
184346,Crime
184346,Horror
184352,Drama
184352,Thriller
184352,Mystery
185341,Thriller
185341,Horror
186992,Drama
186992,Thriller
187017,Crime
187017,Comedy
187017,Action
187022,Crime
187022,Drama
187596,Comedy
188161,Comedy
188161,Western
188166,Crime
188166,Thriller
188207,Action
188207,Adventure
188222,Comedy
188222,Drama
188640,Action
188640,Crime
188640,Drama
188640,History
188927,Action
188927,Adventure
188927,Science Fiction
190847,Science Fiction
190847,Thriller
190847,Horror
190859,War
190859,Action
190955,Thriller
190955,Crime
190955,Drama
191714,Drama
191714,Romance
191720,Documentary
192102,Action
192102,Drama
192102,Thriller
192132,Drama
192134,Comedy
192134,Crime
192134,Drama
192136,Drama
192136,History
192141,Thriller
192141,Action
192145,Drama
192145,Romance
192149,Thriller
192577,Animation
192577,Science Fiction
193610,Comedy
193610,Romance
193612,Horror
193687,Drama
193687,Romance
193687,Science Fiction
193687,Thriller
193756,War
193756,Action
193756,Drama
193893,Comedy
194662,Drama
194662,Comedy
195589,Comedy
195590,Thriller
195590,Action
196024,Thriller
196024,Mystery
196024,Crime
196867,Comedy
196867,Drama
196867,Family
197082,Drama
197796,Fantasy
197796,Romance
197950,Thriller
197950,Crime
197950,Action
198184,Crime
198184,Action
198184,Science Fiction
198185,Drama
198277,Comedy
198277,Music
198277,Romance
198277,Drama
198287,Drama
198287,Fantasy
198287,Science Fiction
198287,Thriller
198375,Animation
198375,Drama
198375,Romance
198663,Action
198663,Mystery
198663,Science Fiction
198663,Thriller
199373,Thriller
199373,Crime
199534,Horror
199534,Thriller
199575,Science Fiction
199575,Drama
199575,Thriller
200085,Action
200085,Science Fiction
200085,Thriller
200505,Drama
200727,Romance
200727,Drama
200727,Comedy
201085,Horror
201085,Mystery
201085,Romance
201085,Drama
201085,Thriller
201088,Crime
201088,Thriller
201088,Action
203217,Comedy
203739,Comedy
203739,Action
203739,Fantasy
203793,War
203793,Action
203793,Drama
203801,Comedy
203801,Action
203801,Adventure
203819,Adventure
203819,Drama
203833,Drama
203834,Thriller
203834,Horror
203835,Horror
204082,Action
204082,Thriller
204349,Horror
204349,Thriller
204436,Animation
204436,Romance
204436,Adventure
204436,Drama
204436,Fantasy
204668,Adventure
204922,Thriller
204922,Mystery
205022,Romance
205022,Comedy
205022,Action
205220,Drama
205584,Action
205584,Adventure
205584,Fantasy
205587,Drama
205588,Thriller
205596,History
205596,Drama
205596,Thriller
205596,War
205601,Drama
205775,Thriller
205775,Drama
205775,Adventure
205775,Action
205775,History
206408,Comedy
206408,Drama
206408,Romance
206487,Science Fiction
206487,Thriller
206647,Action
206647,Adventure
206647,Thriller
207703,Crime
207703,Comedy
207703,Action
207703,Adventure
207768,Thriller
207768,Horror
207768,Crime
207932,Mystery
207932,Thriller
207932,Action
207933,Thriller
207933,Mystery
207933,Horror
208134,Comedy
209112,Action
209112,Adventure
209112,Fantasy
209189,Comedy
209189,Crime
209247,Comedy
209247,Crime
209262,History
209262,Drama
209263,Comedy
209263,Drama
209263,Romance
209274,Drama
209276,Drama
209361,Drama
209361,Comedy
209361,Music
209403,Comedy
209451,Music
209451,Drama
210479,Drama
210479,Thriller
210577,Mystery
210577,Thriller
210577,Drama
210860,Comedy
210860,Adventure
210947,Horror
210947,Thriller
211672,Family
211672,Animation
211672,Adventure
211672,Comedy
211954,Comedy
211954,Drama
212162,Mystery
212162,Animation
212162,Fantasy
212716,Drama
212716,Comedy
212716,Romance
212778,Comedy
213681,Action
213681,Comedy
213681,Crime
214030,Comedy
214756,Comedy
214756,Fantasy
215211,Romance
215211,Drama
216015,Drama
216015,Romance
216015,Thriller
216282,Action
216282,Thriller
217993,Animation
217993,Action
218043,Thriller
218043,Action
218043,Science Fiction
218778,Family
218778,Comedy
218784,Science Fiction
218784,Comedy
218784,Horror
218836,Animation
218836,Comedy
218836,Adventure
218836,Family
219572,Action
219572,Crime
219572,Drama
220289,Thriller
220289,Science Fiction
220882,Crime
220882,Thriller
221902,Drama
222899,Comedy
222899,Romance
222935,Romance
222935,Drama
222936,Drama
222936,Comedy
222936,Romance
223485,Western
223485,Drama
223485,Adventure
223485,Romance
223485,Thriller
223702,Adventure
223702,Animation
223702,Comedy
223702,Fantasy
224141,Fantasy
224141,Comedy
225565,Comedy
225565,Romance
225574,Action
225574,Thriller
225574,Mystery
225728,Drama
225728,War
225886,Comedy
226486,Comedy
226857,Drama
226857,Romance
227156,Drama
227156,Science Fiction
227159,Comedy
227306,Drama
227306,War
227348,Horror
227348,Thriller
227700,Thriller
227700,Drama
227719,Science Fiction
227719,Thriller
227783,Animation
227783,Comedy
227783,Family
227783,Adventure
227932,Comedy
227973,Animation
227973,Comedy
227973,Family
228066,Drama
228066,Science Fiction
228066,Thriller
228150,War
228150,Drama
228150,Action
228161,Fantasy
228161,Comedy
228161,Animation
228161,Science Fiction
228161,Family
228165,Adventure
228165,Animation
228165,Comedy
228165,Family
228165,Fantasy
228194,Drama
228194,Comedy
228203,Drama
228203,Family
228205,Drama
228205,Romance
228326,Animation
228326,Family
228326,Fantasy
228967,Action
228967,Comedy
228968,Drama
228968,Action
228968,Crime
228968,Thriller
228968,Mystery
228970,Drama
229297,Comedy
229297,Drama
229297,Romance
230179,Action
230179,Adventure
230179,Thriller
230179,Comedy
230222,Animation
230222,Action
230222,Adventure
230222,Family
231176,Comedy
231576,Drama
231576,Comedy
232572,Adventure
232572,Comedy
232572,Drama
232672,Comedy
232672,Romance
233063,Comedy
234004,Action
234004,Adventure
234004,Animation
234004,Family
234200,Drama
234200,Comedy
234212,Thriller
234212,Horror
236735,Crime
236735,Mystery
236735,Thriller
236737,Comedy
236737,Romance
236751,Drama
237584,Thriller
237584,Action
237584,Adventure
237791,Drama
237791,Romance
238215,Fantasy
238215,Comedy
238215,Drama
238603,Family
238603,Adventure
238603,Science Fiction
238615,Science Fiction
238615,Action
238615,Thriller
238636,Horror
238636,Thriller
238713,Action
238713,Comedy
238713,Crime
238930,Comedy
239529,Animation
239529,Action
239529,Thriller
239563,Comedy
239566,Drama
239566,Music
239566,History
239571,Drama
239571,Romance
239573,Comedy
239678,Drama
239678,Comedy
240832,Action
240832,Science Fiction
241239,Crime
241239,Drama
241239,Thriller
241251,Thriller
241254,Thriller
241254,Action
241257,Horror
241257,Mystery
241257,Thriller
241258,Horror
241258,Thriller
241259,Adventure
241259,Family
241259,Fantasy
241554,Action
241554,Crime
241554,Thriller
241842,Horror
241842,Action
241842,Comedy
241843,Comedy
241843,Horror
241843,Action
241843,Science Fiction
241843,Thriller
241848,Mystery
241848,Thriller
241848,Action
241855,Horror
241855,Romance
241855,Science Fiction
241868,Action
241868,Adventure
241868,Comedy
241868,Crime
242022,Comedy
242042,Comedy
242042,Drama
242042,Romance
242090,Romance
242090,Comedy
242090,Drama
242095,Thriller
242095,Science Fiction
242224,Drama
242224,Horror
242310,Action
242310,Crime
242310,Thriller
242512,Horror
242582,Crime
242582,Drama
242582,Thriller
242643,Thriller
242643,Animation
242643,Action
242643,Crime
242828,Animation
242828,Drama
242828,Family
243352,Drama
243683,Romance
243683,Drama
243683,Music
243684,Drama
243684,Comedy
243688,Horror
243938,Comedy
243940,Horror
243940,Science Fiction
243940,Thriller
244088,Drama
244264,Comedy
244264,Drama
244264,Romance
244267,Science Fiction
244267,Drama
244458,Comedy
244458,Crime
244458,Horror
244458,Fantasy
244506,Drama
244509,Drama
244509,Thriller
244566,Romance
244566,Comedy
244566,Horror
244761,Drama
244761,Thriller
244761,Crime
244772,Drama
244786,Drama
244786,Music
244786,Thriller
245168,Drama
245168,History
245698,Thriller
245698,Drama
245700,History
245700,Drama
245703,Adventure
245703,Drama
245703,Science Fiction
245706,Crime
245706,Drama
245706,History
245775,Drama
245842,Fantasy
245842,Adventure
245842,Family
245891,Action
245891,Thriller
245906,Comedy
245906,Romance
245913,Drama
245916,Crime
245916,Drama
245916,Mystery
245916,Thriller
245916,History
246080,Adventure
246080,Drama
246080,Thriller
246403,Comedy
246403,Horror
246655,Science Fiction
246655,Fantasy
246655,Action
246741,Comedy
246741,Horror
246860,Drama
248574,Action
248574,Comedy
248574,Adventure
248574,Romance
248705,Comedy
248705,Fantasy
249070,Action
249070,Crime
249070,Thriller
249164,Drama
249397,Drama
249397,Mystery
249660,Drama
249688,Drama
250124,Drama
250124,Romance
250124,Comedy
250219,Comedy
250349,Comedy
250538,Drama
250546,Horror
250734,Drama
250734,Romance
251981,Mystery
251981,Crime
251981,Thriller
252171,Horror
252171,Romance
252178,Thriller
252178,Action
252178,Drama
252178,War
252512,Comedy
252512,Drama
252607,Comedy
252838,Comedy
253235,Comedy
253235,Drama
253235,Romance
253279,Drama
253303,Comedy
253303,Drama
253303,Crime
253344,Comedy
253344,Romance
253412,Adventure
253412,Drama
253412,History
253414,Comedy
253414,Music
253414,War
253450,Drama
253450,Action
253451,Action
253451,Adventure
253451,Crime
253451,Comedy
253626,Drama
253626,Thriller
253626,War
254128,Action
254128,Drama
254128,Thriller
254191,Horror
254191,Science Fiction
254201,Thriller
254302,Drama
254320,Comedy
254320,Drama
254320,Romance
254375,Adventure
254375,Drama
254375,Comedy
254470,Comedy
254470,Music
254473,Action
254473,Crime
254473,Drama
254474,Horror
254474,Action
254474,Comedy
254904,Crime
254904,Action
254904,Thriller
255343,Thriller
255343,Romance
255798,Comedy
255798,Horror
256040,Action
256040,Drama
256274,Horror
256274,Thriller
256474,Action
256474,Crime
256474,Thriller
256569,Action
256569,Crime
256569,Drama
256591,Romance
256591,Comedy
256591,Crime
256917,War
256917,Drama
256924,Music
256924,Comedy
256924,Drama
256961,Action
256961,Comedy
256961,Family
256962,Comedy
256962,Drama
256962,War
257088,Action
257088,Adventure
257088,Crime
257088,Thriller
257091,Comedy
257091,Crime
257211,Comedy
257344,Action
257344,Comedy
257344,Science Fiction
257344,Adventure
257344,Fantasy
257345,Horror
257345,Thriller
257445,Adventure
257445,Horror
257445,Comedy
257785,Drama
257785,Romance
258216,Drama
258230,Fantasy
258230,Adventure
258230,Family
258284,Thriller
258284,Crime
258284,Mystery
258480,Romance
258480,Drama
258489,Fantasy
258489,Action
258489,Adventure
258509,Family
258509,Comedy
258509,Music
258509,Adventure
258509,Animation
259018,Comedy
259316,Fantasy
259316,Adventure
259693,Horror
259694,Comedy
259694,Romance
259695,Action
259695,Crime
259695,Drama
259695,Thriller
260346,Thriller
260346,Action
260513,Action
260513,Adventure
260513,Animation
260513,Family
260514,Animation
260514,Drama
260514,Family
260514,Adventure
261023,Drama
261023,Crime
261023,History
261392,Action
261392,Comedy
262338,Thriller
262338,Crime
262338,Action
262391,Comedy
262500,Action
262500,Science Fiction
262500,Thriller
262504,Adventure
262504,Science Fiction
262504,Action
262504,Mystery
262543,Thriller
262543,Science Fiction
262551,Comedy
262841,Action
262841,Comedy
262841,Science Fiction
263109,Family
263109,Animation
263109,Comedy
263109,Adventure
263115,Action
263115,Drama
263115,Science Fiction
263281,Comedy
263281,Drama
263341,Action
263341,Adventure
263341,Drama
263472,Horror
263472,Thriller
263472,Crime
264644,Drama
264644,Thriller
264656,Western
264656,Drama
264660,Drama
264660,Science Fiction
264999,Comedy
264999,Drama
265169,Drama
265177,Drama
265180,Drama
265180,Crime
265189,Drama
265195,Drama
265195,Thriller
265195,Comedy
265208,Thriller
265208,Crime
265208,Action
265297,Documentary
265712,Animation
265712,Adventure
265712,Science Fiction
265712,Drama
265712,Family
265712,Fantasy
265851,Action
265851,Thriller
265851,Drama
266285,Drama
266285,Western
266294,Comedy
266396,Action
266396,Drama
266396,Crime
266647,Fantasy
266647,Adventure
266647,Family
266647,Action
266856,Drama
266856,Romance
267192,History
267192,Drama
267193,Action
267193,Comedy
267806,Horror
267806,Thriller
267860,Action
267860,Thriller
267935,Adventure
267935,Family
267935,Fantasy
268238,Drama
268238,Comedy
268531,Family
268531,Comedy
268531,Animation
268531,Science Fiction
268896,Action
268896,Fantasy
268896,Science Fiction
268896,Adventure
268920,Action
268920,Comedy
269148,Drama
269148,Comedy
269149,Animation
269149,Adventure
269149,Family
269149,Comedy
269494,Crime
269494,Thriller
269494,Mystery
269494,Action
269795,Science Fiction
269795,Mystery
269795,Thriller
269795,Romance
270010,Comedy
270010,Drama
270302,Drama
270303,Horror
270303,Mystery
270487,Comedy
270487,Mystery
270774,Action
270774,Adventure
270774,Crime
270774,Comedy
270946,Family
270946,Animation
270946,Adventure
270946,Comedy
271110,Adventure
271110,Action
271110,Science Fiction
271404,Action
271404,Science Fiction
271404,Adventure
271674,Drama
271674,Romance
271674,War
271709,Animation
271709,Action
271714,Drama
271714,Music
271714,History
271718,Comedy
271718,Romance
271736,Drama
271969,Action
271969,History
271969,Adventure
271969,Drama
272693,Romance
272693,Comedy
272878,Adventure
272878,Drama
272878,Family
273248,Drama
273248,Mystery
273248,Western
273271,Thriller
273271,Science Fiction
273271,Mystery
273271,Horror
273477,Comedy
273477,Horror
273481,Action
273481,Crime
273481,Thriller
273895,History
273895,Drama
274167,Comedy
274479,Drama
274854,Action
274854,Adventure
274854,Fantasy
274855,Action
274855,Science Fiction
274855,Thriller
274857,Action
274857,Drama
274857,Fantasy
274862,Action
274862,Adventure
274862,Animation
274862,Comedy
274862,Family
274870,Drama
274870,Romance
274870,Science Fiction
275601,Comedy
275601,Drama
275601,Music
276843,Comedy
276907,Crime
276907,Thriller
277216,Drama
277216,Music
277216,History
277355,Thriller
277355,Action
277547,Comedy
277547,Romance
277685,Horror
277685,Mystery
277834,Adventure
277834,Comedy
277834,Family
277834,Animation
278154,Adventure
278154,Animation
278154,Family
278154,Comedy
278154,Science Fiction
278236,Drama
278924,Action
278924,Crime
278924,Thriller
278924,Adventure
278927,Adventure
278927,Family
278927,Fantasy
279229,Fantasy
279229,Romance
279229,Drama
279641,Comedy
279641,Drama
279641,War
280002,Thriller
280002,Horror
280019,Action
280019,Crime
280019,Thriller
280092,Horror
280092,Thriller
280217,Action
280217,Adventure
280217,Animation
280217,Comedy
280217,Family
280996,Drama
280996,Mystery
281338,Drama
281338,Science Fiction
281338,War
281957,Western
281957,Drama
281957,Adventure
282035,Fantasy
282035,Thriller
282035,Action
282035,Adventure
282035,Horror
282631,War
282631,Action
282631,Drama
282631,History
282813,Horror
282984,Drama
282984,Comedy
283227,Drama
283227,Romance
283235,Drama
283235,Crime
283350,Romance
283350,Drama
283350,Comedy
283366,Adventure
283366,Fantasy
283445,Horror
283552,Drama
283552,Romance
283566,Animation
283566,Action
283566,Science Fiction
283566,Drama
283587,Drama
283587,War
283984,Action
283984,Animation
283984,Drama
283984,Fantasy
283984,Romance
283995,Science Fiction
283995,Adventure
283995,Action
284052,Fantasy
284052,Adventure
284052,Action
284053,Action
284053,Science Fiction
284053,Comedy
284053,Adventure
284054,Action
284054,Adventure
284054,Science Fiction
284276,Drama
284289,Thriller
284293,Drama
284296,Drama
284296,Comedy
284296,Romance
284303,Horror
284303,Mystery
284303,Thriller
284427,Thriller
284536,Thriller
284536,Crime
284536,Drama
284564,Horror
284564,Thriller
284689,History
284689,Drama
284689,War
285783,History
285783,Drama
285783,Adventure
286217,Science Fiction
286217,Drama
286217,Adventure
286519,Music
286519,Drama
286554,Romance
286554,Comedy
286565,Mystery
286565,Drama
286565,Romance
286567,Action
286567,Adventure
286567,Science Fiction
287424,Horror
287424,Drama
287424,Science Fiction
287495,Drama
287495,History
287590,Action
287590,Animation
287590,Fantasy
287903,Horror
287903,Comedy
287903,Fantasy
287947,Action
287947,Comedy
287947,Fantasy
287948,Action
287948,Thriller
287948,Crime
288036,Comedy
288036,Romance
288158,Thriller
288158,Horror
288158,Drama
289222,Drama
289222,History
289222,War
289720,Action
289720,Adventure
289727,Romance
289727,Comedy
290098,Thriller
290098,Drama
290098,Romance
290250,Comedy
290250,Crime
290250,Action
290512,Drama
290512,Adventure
290512,Romance
290542,Drama
290595,Action
290595,Adventure
290595,Drama
290637,Horror
290637,Mystery
290751,Thriller
290751,Mystery
290751,Crime
290762,Comedy
290762,Drama
290764,Action
290859,Science Fiction
290859,Action
290859,Adventure
290859,Thriller
290864,Action
290864,Thriller
290864,Crime
290864,Adventure
290865,Crime
290865,Drama
290999,Horror
290999,Action
290999,Comedy
291270,Animation
291270,Drama
291270,Romance
291270,Comedy
291328,Romance
291328,Comedy
291328,Drama
291351,Drama
291356,Action
291356,Drama
291356,Western
291805,Crime
291805,Thriller
291870,Comedy
291984,Drama
292011,Drama
292011,History
292011,Crime
292040,Thriller
292040,Action
292280,Horror
292280,Thriller
292431,Drama
292431,Romance
293167,Action
293167,Adventure
293167,Fantasy
293310,Documentary
293646,Drama
293646,History
293660,Action
293660,Adventure
293660,Comedy
293670,Horror
293670,Mystery
293767,Drama
293767,War
293768,Action
293768,Thriller
293863,Romance
293863,Fantasy
293863,Drama
293970,Comedy
293970,Horror
294016,Drama
294254,Science Fiction
294254,Action
294254,Thriller
294254,Adventure
294272,Adventure
294272,Family
294272,Fantasy
294652,Action
294652,Crime
294652,Drama
294652,Thriller
294963,Drama
294963,Horror
294963,Western
294992,Thriller
294992,War
294992,Adventure
295693,Animation
295693,Comedy
295693,Family
295699,Comedy
295830,Horror
295830,Action
295830,Science Fiction
295964,Drama
296096,Drama
296096,Romance
296098,Thriller
296098,Drama
296099,Comedy
296099,Adventure
296100,Comedy
296100,Adventure
296100,Fantasy
296360,Drama
296360,Romance
296360,Comedy
296524,Drama
296524,Action
297222,Comedy
297222,Drama
297222,Science Fiction
297725,Adventure
297725,Comedy
297761,Action
297761,Adventure
297761,Fantasy
297762,Action
297762,Adventure
297762,Fantasy
297802,Action
297802,Adventure
297802,Fantasy
298250,Horror
298250,Mystery
298312,Horror
298312,Thriller
298382,Drama
298382,Comedy
298618,Action
298618,Science Fiction
298618,Adventure
299054,Action
299054,Adventure
299054,Thriller
299245,Horror
299534,Adventure
299534,Science Fiction
299534,Action
299536,Adventure
299536,Action
299536,Science Fiction
299537,Action
299537,Adventure
299537,Science Fiction
299687,Science Fiction
299687,Adventure
299687,Action
300168,Adventure
300168,History
300168,Action
300168,Fantasy
300665,Horror
300665,Thriller
300668,Science Fiction
300668,Horror
300669,Horror
300669,Thriller
300669,Crime
300671,War
300671,History
300671,Drama
300673,Action
300673,Drama
300673,History
300673,Thriller
300681,Science Fiction
300681,Thriller
300681,Drama
300687,Drama
300693,Drama
301337,Drama
301337,Science Fiction
301337,Comedy
301351,Drama
301351,Music
301351,Romance
301351,Comedy
301365,Horror
301365,Thriller
301528,Family
301528,Comedy
301528,Animation
301528,Adventure
301804,Drama
301804,Fantasy
301804,Horror
301804,Thriller
301875,Drama
301875,Romance
301875,Science Fiction
302156,Action
302156,Crime
302156,Science Fiction
302401,Drama
302401,History
302401,Crime
302401,Thriller
302429,Music
302429,Animation
302429,Family
302429,Fantasy
302528,Drama
302528,Thriller
302528,Mystery
302688,Comedy
302688,Romance
302699,Action
302699,Comedy
302946,Crime
302946,Thriller
302946,Drama
303542,Fantasy
303542,Science Fiction
303542,Family
303857,Action
303857,Animation
303857,Science Fiction
303858,Thriller
303858,Drama
303903,Animation
303903,Family
303903,Adventure
303903,Action
303903,Comedy
303903,Drama
303991,Comedy
303991,Drama
304357,Drama
304410,Comedy
304410,Music
304410,Drama
305470,Action
305470,Adventure
305470,Science Fiction
306745,Romance
306745,Drama
306819,Drama
306947,Thriller
306947,Horror
306964,Horror
306964,Comedy
306964,Thriller
306964,Adventure
306964,Fantasy
307081,Action
307081,Drama
308024,Mystery
308024,Comedy
308032,Thriller
308032,Drama
308032,History
308084,Comedy
308084,Drama
308266,Comedy
308266,Crime
308266,Drama
308504,Action
308504,Adventure
308531,Action
308531,Adventure
308531,Comedy
308531,Family
308531,Science Fiction
308639,Crime
308639,Drama
308639,Comedy
309242,Comedy
309242,Drama
309245,Comedy
309299,Drama
309299,History
309302,Adventure
309302,Drama
309809,Adventure
309809,Animation
309809,Fantasy
309809,Family
309886,Action
309886,Thriller
309886,Drama
310131,Horror
310131,Drama
310131,Mystery
310131,Fantasy
310131,Thriller
310133,Crime
310133,Thriller
310135,Action
310135,Comedy
310135,Science Fiction
310307,Drama
310307,History
310593,Comedy
310593,Drama
310593,Romance
311291,Drama
311291,Romance
311324,Action
311324,Adventure
311324,Fantasy
312221,Drama
313106,Science Fiction
313106,Adventure
313297,Animation
313297,Adventure
313297,Family
313369,Comedy
313369,Drama
313369,Romance
313922,Horror
313922,Crime
313922,Thriller
314095,Adventure
314095,Drama
314095,History
314365,Drama
314365,History
314385,Drama
314385,Romance
314402,Crime
314402,Drama
314405,Romance
314405,Fantasy
314405,Horror
315011,Action
315011,Science Fiction
315011,Horror
315064,Comedy
315064,Animation
315064,Adventure
315064,Family
315064,Fantasy
315162,Animation
315162,Adventure
315162,Fantasy
315162,Comedy
315162,Family
315465,Action
315465,Adventure
315465,Animation
315465,Drama
315465,Family
315465,Fantasy
315635,Action
315635,Adventure
315635,Science Fiction
315664,Comedy
315664,Drama
315837,Science Fiction
315837,Drama
315837,Action
315846,Drama
316002,Romance
316002,Comedy
316023,Comedy
316029,Drama
316152,Action
316152,Drama
316152,History
316152,War
316154,Action
316154,Horror
316154,Science Fiction
316154,Thriller
316154,Romance
316727,Action
316727,Horror
316727,Thriller
316873,Animation
316873,Crime
316873,Adventure
316873,Mystery
317442,Action
317442,Romance
317442,Animation
317557,Drama
317744,Drama
317744,Thriller
318781,Drama
318781,History
318846,Comedy
318846,Drama
318917,Comedy
319373,Drama
319888,Drama
319888,History
319888,Adventure
320007,Crime
320007,Thriller
320007,Romance
320288,Science Fiction
320288,Action
320288,Adventure
320316,Comedy
320588,Comedy
320588,Drama
320588,Romance
321258,Horror
321258,Mystery
321258,Thriller
321612,Family
321612,Fantasy
321612,Romance
321697,Drama
321697,History
321741,Drama
321751,Comedy
321751,Drama
321751,War
322240,Fantasy
322240,Comedy
322240,Family
323020,Comedy
323262,Comedy
323262,Horror
323262,Fantasy
323262,Mystery
323272,Drama
323368,Mystery
323368,Crime
323368,Thriller
323373,Horror
323373,Comedy
323661,Animation
323661,Family
323661,Adventure
323661,Fantasy
323675,Action
323675,Comedy
323676,Comedy
323677,Drama
323677,History
324542,Action
324542,Crime
324542,Thriller
324552,Action
324552,Thriller
324552,Crime
324668,Action
324668,Adventure
324668,Thriller
324786,Drama
324786,History
324786,War
324807,Drama
324807,Thriller
324807,Romance
324849,Animation
324849,Action
324849,Comedy
324849,Family
324852,Action
324852,Animation
324852,Comedy
324852,Family
324852,Adventure
324857,Animation
324857,Action
324857,Adventure
324857,Science Fiction
325133,Comedy
325348,Action
325348,Adventure
325348,Science Fiction
325690,Comedy
325789,Crime
325789,Drama
325789,Thriller
325844,Comedy
325848,Comedy
326285,Crime
326285,Drama
326423,Comedy
326423,Drama
328111,Animation
328111,Comedy
328111,Family
328111,Adventure
328387,Mystery
328387,Adventure
328387,Crime
328425,Thriller
328425,Mystery
328425,Drama
328589,Comedy
328589,Drama
329263,Comedy
329440,Horror
329440,Thriller
329440,Mystery
329805,Drama
329805,Romance
329819,Drama
329833,Action
329833,Adventure
329833,Comedy
329865,Drama
329865,Science Fiction
329865,Mystery
329981,Drama
329981,Thriller
329996,Family
329996,Fantasy
329996,Adventure
330112,Drama
330112,Romance
330112,Comedy
330457,Family
330457,Animation
330457,Adventure
330457,Comedy
330457,Fantasy
330459,Action
330459,Adventure
330459,Science Fiction
330483,Drama
330483,Romance
330764,Comedy
330764,Fantasy
330947,Romance
330947,Drama
331313,Action
331313,Comedy
331482,Drama
331482,Romance
331781,Documentary
331781,Music
331836,Comedy
331962,Drama
331962,Crime
331962,Thriller
331962,Mystery
332210,Adventure
332210,Animation
332210,Comedy
332210,Family
332340,Romance
332340,Comedy
332562,Music
332562,Drama
332562,Romance
332567,Horror
332567,Drama
332567,Thriller
332872,Drama
332872,Romance
332979,Drama
333339,Adventure
333339,Action
333339,Science Fiction
333348,Comedy
333348,Family
333348,Drama
333352,Drama
333352,Thriller
333352,War
333371,Thriller
333371,Science Fiction
333371,Drama
333371,Horror
333385,Comedy
333385,Romance
333385,Crime
333484,Adventure
333484,Action
333484,Western
333623,Animation
333623,Music
333623,Comedy
333667,Animation
333667,Adventure
333667,Comedy
333667,Family
333667,Music
333669,Action
334298,Comedy
334298,Fantasy
334298,Adventure
334376,Science Fiction
334376,Animation
334521,Action
334521,Crime
334521,Mystery
334524,Adventure
334524,Drama
334524,Thriller
334533,Drama
334533,Comedy
334536,Horror
334536,Mystery
334538,Drama
334538,Science Fiction
334541,Drama
334543,Drama
335360,Family
335360,Animation
335360,Adventure
335360,Fantasy
335777,Animation
335777,Family
335777,Adventure
335777,Comedy
335778,Action
335778,Adventure
335778,Drama
335778,History
335778,Mystery
335787,Action
335787,Adventure
335787,Mystery
335788,Thriller
335788,Action
335788,War
335796,Horror
335797,Animation
335797,Comedy
335797,Family
335797,Music
335977,Adventure
335977,Action
335983,Science Fiction
335983,Action
335984,Science Fiction
335984,Drama
335988,Action
335988,Adventure
335988,Science Fiction
336000,Drama
336004,Action
336004,Crime
336004,Thriller
336004,Drama
336004,TV Movie
336050,War
336050,Drama
336050,Thriller
336313,Fantasy
336313,Comedy
336313,Animation
336313,Adventure
336455,Drama
336455,Horror
336455,Science Fiction
336804,Drama
336808,Drama
336808,Adventure
336843,Science Fiction
336843,Action
336843,Adventure
336843,Thriller
336882,Action
336882,Thriller
336882,Drama
337167,Drama
337167,Romance
337170,Comedy
337170,Crime
337170,Drama
337339,Action
337339,Crime
337339,Thriller
337401,Adventure
337401,Fantasy
337401,Action
337404,Comedy
337404,Crime
337404,Drama
337674,Drama
337674,Thriller
337676,Romance
337676,Drama
337703,Animation
337703,Drama
337703,Fantasy
337703,Family
337844,Drama
338189,Drama
338676,Horror
338676,Science Fiction
338676,Thriller
338762,Action
338762,Science Fiction
338762,Adventure
338766,Western
338766,Crime
338766,Drama
338947,Horror
338947,Thriller
338952,Fantasy
338952,Adventure
338953,Fantasy
338953,Adventure
338964,Comedy
338964,Crime
338964,Mystery
338967,Horror
338967,Comedy
338970,Action
338970,Adventure
338970,Fantasy
339103,Crime
339103,Drama
339103,History
339103,Thriller
339259,War
339259,Action
339259,History
339259,Thriller
339380,Drama
339380,History
339397,Comedy
339397,Drama
339397,Romance
339403,Action
339403,Crime
339408,Drama
339419,Drama
339419,Romance
339527,Thriller
339527,Crime
339527,Mystery
339846,Comedy
339846,Action
339846,Crime
339877,Animation
339877,Drama
339877,History
339964,Adventure
339964,Science Fiction
339964,Action
339967,Drama
339967,Fantasy
339967,Science Fiction
339984,Family
339984,Drama
339987,War
339987,Drama
339987,Romance
339988,Drama
339988,Thriller
339988,Science Fiction
340022,Comedy
340022,Action
340022,Crime
340102,Science Fiction
340102,Horror
340103,Horror
340103,Drama
340382,Horror
340382,Science Fiction
340382,Action
340485,Drama
340613,Drama
340666,Drama
340666,Thriller
340674,Drama
340674,Thriller
340676,Drama
340676,Mystery
340676,Thriller
340837,Horror
340837,Mystery
340837,Science Fiction
340945,Action
340945,War
341006,Horror
341006,Thriller
341006,Action
341012,Comedy
341012,Music
341013,Action
341013,Thriller
341174,Drama
341174,Romance
342473,Animation
342473,Family
342473,Comedy
342473,Music
342521,Action
342521,Comedy
342521,Crime
342737,Drama
343611,Action
343611,Thriller
343611,Drama
343611,Crime
343668,Action
343668,Adventure
343668,Comedy
343668,Crime
343668,Science Fiction
344268,Comedy
344268,Fantasy
344268,Adventure
345009,War
345009,Thriller
345887,Action
345887,Thriller
345887,Crime
345911,Horror
345911,Mystery
345914,Comedy
345914,Crime
345915,Action
345915,Comedy
345915,Thriller
345915,Mystery
345920,Drama
345920,Romance
345922,Comedy
345923,Mystery
345923,Thriller
345923,Drama
345938,Drama
345938,Family
345940,Action
345940,Science Fiction
345940,Horror
346364,Horror
346364,Thriller
346364,Drama
346648,Adventure
346648,Comedy
346648,Family
346672,Fantasy
346672,Action
346672,Thriller
346672,Science Fiction
346672,Horror
346685,Crime
346685,Mystery
346685,Thriller
346698,Comedy
346698,Adventure
346698,Fantasy
346709,Thriller
346709,Crime
346709,Action
346808,Action
346808,Crime
346808,Thriller
346910,Science Fiction
346910,Action
346910,Thriller
347026,Drama
347026,History
347031,Comedy
347031,Drama
347031,Romance
347031,Fantasy
347031,Adventure
347201,Adventure
347201,Action
347201,Animation
347201,Comedy
347201,Fantasy
347375,Action
347375,Thriller
347866,Drama
347866,Crime
348060,Action
348060,Drama
348350,Science Fiction
348350,Adventure
348350,Action
348668,Crime
348668,Drama
348668,Mystery
348668,Thriller
348678,Comedy
348678,Drama
348892,Comedy
348892,Drama
348892,Adventure
348893,Action
348893,Drama
348893,Thriller
348893,Crime
350312,Action
350312,Adventure
350312,Fantasy
350499,Family
350499,Adventure
350499,Animation
350499,Action
350499,Fantasy
351044,Drama
351044,Comedy
351211,Thriller
351211,Horror
351286,Adventure
351286,Science Fiction
351286,Thriller
351286,Action
351339,History
351339,Thriller
351339,War
351694,Fantasy
351694,Animation
351694,Comedy
351819,Romance
351819,Comedy
352173,Mystery
352173,Thriller
352173,Drama
352173,Crime
352208,Documentary
352208,Comedy
353069,Comedy
353069,Drama
353069,Romance
353070,Crime
353070,Comedy
353081,Action
353081,Adventure
353326,Drama
353326,History
353486,Adventure
353486,Comedy
353486,Fantasy
353491,Fantasy
353491,Action
353491,Science Fiction
353569,Comedy
353569,Drama
353616,Music
353616,Comedy
353979,Horror
353979,Thriller
354216,Horror
354216,Thriller
354251,Fantasy
354251,Thriller
354251,Horror
354251,Science Fiction
354279,Animation
354279,Adventure
354279,Comedy
354279,Family
354279,Fantasy
354279,Music
354279,Romance
354556,Science Fiction
354556,Action
354556,Fantasy
354556,Comedy
354556,Thriller
354859,History
354859,Romance
354859,Drama
354861,Comedy
354912,Family
354912,Animation
354912,Music
354912,Adventure
356305,Comedy
357096,Horror
359412,Action
359412,Adventure
359412,Crime
359412,Thriller
359724,Drama
359724,History
359724,Action
359784,Drama
359784,Romance
359784,History
359940,Crime
359940,Drama
360814,Drama
360814,Family
360814,Comedy
360920,Animation
360920,Comedy
360920,Family
360920,Fantasy
361292,Horror
361292,Mystery
361292,Drama
361743,Action
361743,Drama
363088,Action
363088,Adventure
363088,Science Fiction
363126,Drama
363126,Horror
363126,Mystery
363126,Thriller
363676,Drama
363676,History
364116,Horror
364116,Thriller
364433,Science Fiction
364433,Action
364433,Drama
364689,Animation
364689,Family
364689,Adventure
364689,Comedy
365177,Action
365177,Science Fiction
365177,Comedy
365222,Action
365222,Drama
365222,History
365620,History
365620,Drama
365942,Romance
365942,Science Fiction
365942,Drama
366672,Animation
366672,Adventure
366672,Comedy
366672,Family
366672,Action
368031,Horror
368031,Thriller
369192,Drama
369192,Comedy
369192,History
369300,Horror
369300,Mystery
369300,Thriller
369557,Romance
369557,Drama
369557,Music
369557,Comedy
369776,Comedy
369885,Action
369885,Drama
369885,War
369885,Romance
369885,Thriller
369972,History
369972,Drama
370172,Action
370172,Thriller
370172,Adventure
370567,Animation
370567,Family
370567,Comedy
370567,Adventure
370567,Mystery
370663,Drama
370663,Romance
370755,Drama
370755,Comedy
370755,Romance
371492,Documentary
371608,Horror
371608,Thriller
371638,Comedy
371638,Drama
371645,Adventure
371645,Comedy
371645,Drama
372058,Animation
372058,Romance
372058,Drama
372343,Crime
372343,Thriller
372343,Mystery
372343,Horror
372754,Romance
372754,Animation
373314,Drama
373314,Thriller
373569,Action
373569,Comedy
373571,Science Fiction
373571,Action
374052,Horror
374052,Comedy
374052,Romance
374052,Fantasy
374205,Action
374205,Animation
374205,Adventure
374205,Comedy
374251,Animation
374251,Family
374251,TV Movie
374416,Comedy
374416,Family
374416,Adventure
374461,Drama
374473,Drama
374617,Crime
374617,Drama
374720,War
374720,Action
374720,Drama
375183,Drama
375262,History
375262,Comedy
375262,Drama
375315,Drama
375315,Thriller
375572,Drama
375588,Adventure
375588,Action
375588,Thriller
375588,Fantasy
375794,Comedy
376290,Thriller
376290,Drama
376290,Crime
376659,Comedy
376660,Comedy
376660,Drama
376865,Science Fiction
376865,Drama
376865,Mystery
376866,Drama
376867,Drama
377263,History
377263,Drama
377263,Romance
377264,Horror
377264,Science Fiction
377264,Thriller
377273,Drama
377275,Comedy
377275,Drama
377275,Romance
378018,Mystery
378018,Horror
378018,Science Fiction
378064,Animation
378064,Drama
378064,Romance
378108,Animation
378108,Drama
378108,War
378108,History
378111,Animation
378111,Family
378111,Fantasy
378111,Adventure
378111,Comedy
378236,Animation
378236,Family
378236,Comedy
379149,Action
379149,Thriller
379149,Crime
379686,Family
379686,Comedy
379686,Adventure
379686,Animation
379686,Science Fiction
381237,Comedy
381237,Horror
381237,Action
381283,Horror
381283,Drama
381284,Drama
381284,History
381288,Horror
381288,Thriller
381289,Adventure
381289,Fantasy
381289,Family
381289,Drama
381341,Drama
381719,Animation
381719,Adventure
381719,Family
381890,Comedy
381890,Fantasy
381890,Romance
382322,Animation
382322,Crime
382322,Drama
382322,Action
382322,Thriller
382399,Music
382399,Romance
382399,Drama
382517,Animation
382517,Comedy
382517,Family
382517,Adventure
382517,TV Movie
382591,Drama
382591,Comedy
382597,Action
382597,Comedy
382598,Family
382598,Comedy
382598,Action
382614,Drama
382614,Thriller
382614,Mystery
383498,Action
383498,Comedy
383498,Adventure
384018,Action
384018,Adventure
384018,Comedy
384680,Drama
384680,Western
384680,History
384680,Adventure
384682,Comedy
385103,Animation
385103,Comedy
385103,Family
385103,Mystery
385128,Action
385128,Adventure
385128,Crime
385332,Crime
385332,Drama
385332,Thriller
385332,Action
385332,Comedy
385332,Mystery
385448,Family
385448,Adventure
385448,Fantasy
385448,Romance
385448,Drama
385687,Action
385687,Crime
385687,Thriller
387592,Family
387592,Comedy
387592,Animation
387592,Adventure
388399,Action
388399,Crime
388399,Drama
388399,History
388399,Thriller
389015,Drama
389015,Comedy
390043,Action
390043,Comedy
390043,Crime
390043,Thriller
390051,Drama
390051,Thriller
390061,Drama
390061,History
390061,Thriller
390062,Adventure
390062,Thriller
390497,Thriller
390497,Drama
390584,Crime
390584,Drama
390635,Animation
390635,Romance
390635,Fantasy
390635,Action
390635,Drama
390734,Animation
390734,Science Fiction
390734,Action
391617,Drama
391617,Thriller
391713,Drama
391713,Comedy
392044,Mystery
392044,Drama
392044,Crime
392142,Comedy
392142,War
392142,Adventure
392982,Drama
393345,Horror
393457,Drama
393519,Horror
393519,Drama
393559,Animation
393559,Comedy
393559,Drama
393624,Thriller
393624,History
393624,Drama
394117,Drama
394684,Thriller
394684,Crime
394684,Drama
394741,Comedy
394741,Drama
394830,Horror
394830,Mystery
394830,Thriller
395458,Thriller
395458,Crime
395458,Drama
395458,Mystery
395834,Crime
395834,Mystery
395834,Thriller
395990,Action
395990,Crime
395990,Thriller
395990,Drama
395991,Drama
395991,History
395992,Horror
395992,Science Fiction
395992,Mystery
395993,Drama
396194,Documentary
396194,Music
396194,History
396263,Animation
396263,Science Fiction
396263,Action
396263,Drama
396371,Drama
396371,Crime
396422,Horror
396461,Crime
396461,Drama
396461,Mystery
396535,Action
396535,Horror
396535,Thriller
396806,Science Fiction
396806,Crime
396806,Mystery
396806,Thriller
396940,Drama
396940,Thriller
397243,Horror
397243,Mystery
397415,Action
397415,Drama
397415,Thriller
397415,TV Movie
397422,Drama
397422,Comedy
397538,Drama
397538,History
397567,Action
397567,Adventure
397567,Drama
397567,Fantasy
397567,Thriller
397722,Drama
397722,Thriller
397837,Drama
397837,Fantasy
398173,Drama
398173,Horror
398173,Crime
398173,Thriller
398175,Action
398175,Crime
398175,Thriller
398181,Crime
398181,Drama
398181,Thriller
398818,Romance
398818,Drama
398924,War
398924,Drama
398929,Comedy
398929,Family
398978,Crime
398978,Drama
398978,History
399019,Drama
399035,Action
399035,Thriller
399035,Mystery
399055,Drama
399055,Fantasy
399055,Romance
399057,Drama
399057,Thriller
399057,Mystery
399121,History
399121,Drama
399121,Thriller
399170,Comedy
399170,Crime
399170,Action
399170,Drama
399173,Action
399173,Crime
399173,Thriller
399174,Adventure
399174,Comedy
399174,Animation
399248,Action
399248,Thriller
399248,Drama
399360,Adventure
399360,Drama
399366,Thriller
399366,Horror
399366,Mystery
399402,Action
399402,Thriller
399404,Drama
399404,History
399566,Action
399566,Science Fiction
399566,Adventure
399579,Action
399579,Science Fiction
399579,Adventure
399796,Comedy
400090,Drama
400090,Thriller
400090,Western
400136,Action
400136,Animation
400136,Adventure
400136,Science Fiction
400136,Horror
400155,Animation
400155,Comedy
400155,Family
400155,Fantasy
400157,Comedy
400157,Animation
400157,Adventure
400157,Family
400157,Fantasy
400160,Adventure
400160,Animation
400160,Comedy
400160,Family
400160,Fantasy
400535,Action
400535,Crime
400535,Thriller
400579,Comedy
400579,Drama
400617,Drama
400617,Romance
400650,Fantasy
400650,Family
400650,Comedy
400710,Drama
400710,Horror
400710,Thriller
400928,Drama
400928,Comedy
401246,Drama
401469,Drama
401469,Crime
401469,Thriller
401513,Drama
401513,Romance
401513,Science Fiction
401513,Adventure
401545,Crime
401545,Mystery
401545,Thriller
401561,Comedy
401561,Horror
401561,Thriller
401847,Drama
401847,Crime
401847,Comedy
401898,Drama
401898,Mystery
401898,Thriller
401981,Thriller
401981,Mystery
402298,Drama
402298,History
402331,Action
402331,Thriller
402431,Drama
402431,Romance
402431,Fantasy
402529,History
402529,Drama
402529,Music
402897,Comedy
402897,Drama
402897,History
402900,Crime
402900,Comedy
402900,Action
403119,Horror
403119,Thriller
403300,History
403300,Drama
403300,War
404368,Action
404368,Adventure
404368,Animation
404368,Comedy
404368,Family
404368,Science Fiction
404378,Family
404378,Drama
404733,Thriller
404733,Action
404733,Mystery
405775,War
405775,Thriller
405775,Drama
405775,Action
405882,Action
405882,Fantasy
405882,Horror
406429,Action
406429,Fantasy
406563,Horror
406563,Thriller
406759,Science Fiction
406759,Adventure
406759,Action
406761,Science Fiction
406761,Crime
406761,Action
406761,Thriller
406761,Drama
406990,Science Fiction
406990,Thriller
406990,Mystery
406990,Action
406994,Horror
406994,Thriller
406994,Comedy
406997,Family
406997,Drama
407439,Drama
407445,Drama
407445,Romance
407448,Drama
407448,Thriller
407448,History
407449,Drama
407451,Adventure
407451,Science Fiction
407451,Family
407451,Fantasy
408508,Drama
408508,Romance
408620,Action
408620,Crime
408620,Thriller
408648,Adventure
408648,Animation
408648,Comedy
408648,Crime
408648,Action
409502,Drama
409502,Crime
410117,Drama
411088,Drama
411088,Mystery
411088,Thriller
411728,History
411728,Drama
411728,Mystery
411728,Thriller
411741,Comedy
411741,Drama
411873,Comedy
411976,Drama
412117,Animation
412117,Comedy
412117,Family
412117,Adventure
412190,Drama
412190,Comedy
412190,Romance
412656,Fantasy
412656,Science Fiction
412656,Adventure
412869,Family
412869,Animation
412869,Adventure
412869,Comedy
412869,Fantasy
412988,Action
412988,Crime
412988,Comedy
413362,Drama
413362,Crime
413362,Thriller
413518,Drama
413518,Family
413518,Fantasy
413594,Animation
413594,Action
413594,Adventure
413594,Fantasy
413594,Science Fiction
413644,Family
413644,Animation
413644,Comedy
413644,Adventure
413644,Science Fiction
413998,Drama
413998,Romance
414001,Drama
414001,Adventure
414419,Action
414419,Crime
414419,Drama
414419,Thriller
414906,Crime
414906,Mystery
414906,Thriller
415401,Comedy
415401,Drama
415842,Action
415842,Adventure
415842,Thriller
416144,Thriller
416144,History
416144,Drama
416144,Action
416153,Animation
416153,Adventure
416153,Comedy
416234,Horror
416234,Thriller
416477,Comedy
416477,Drama
416477,Romance
417261,Romance
417261,Drama
417261,Music
417384,Horror
417384,Mystery
417644,Action
417644,Comedy
417644,Crime
417678,Drama
417678,Romance
417812,Drama
417830,Adventure
417830,Comedy
417830,Family
417859,Action
417859,Adventure
417859,Animation
417859,Comedy
417859,Family
417870,Comedy
417870,Romance
417870,Adventure
418078,Drama
418078,Horror
418078,Mystery
418437,Drama
418437,Thriller
418680,Family
418680,History
418680,Drama
418879,Drama
418879,History
419430,Mystery
419430,Thriller
419430,Horror
419446,Drama
419478,Romance
419478,Drama
419680,Comedy
419704,Science Fiction
419704,Drama
419743,Drama
419743,Romance
419835,Mystery
419835,Crime
419835,Thriller
420426,Action
420426,Fantasy
420426,Adventure
420622,Drama
420622,Romance
420634,Horror
420648,Horror
420648,Thriller
420648,Comedy
420809,Family
420809,Fantasy
420809,Adventure
420814,Adventure
420814,Comedy
420814,Family
420814,Fantasy
420817,Adventure
420817,Fantasy
420817,Romance
420817,Family
420818,Adventure
420818,Drama
420818,Family
420818,Animation
420821,Animation
420821,Family
420821,Comedy
420821,Adventure
420821,Mystery
421473,Thriller
421473,Crime
421473,Action
421658,Action
421658,Thriller
421658,Adventure
421658,Drama
421792,Horror
421792,Mystery
421792,Thriller
421792,Fantasy
421792,Drama
422803,Family
422803,Comedy
422803,Adventure
422803,Animation
422803,Science Fiction
423108,Horror
423108,Mystery
423108,Thriller
423204,Action
423204,Thriller
423612,Drama
423612,Romance
423612,History
423646,Drama
423646,Crime
423899,Drama
423899,History
424139,Horror
424139,Thriller
424277,Drama
424277,Romance
424488,Drama
424488,War
424619,Comedy
424694,Music
424694,Drama
424781,Fantasy
424781,Science Fiction
424781,Comedy
424783,Action
424783,Adventure
424783,Science Fiction
425001,Comedy
425001,Family
425134,Comedy
425148,Adventure
425148,Crime
425148,Family
425148,Comedy
425336,Crime
425336,Drama
425505,Science Fiction
425505,Action
425505,Adventure
425505,Thriller
425909,Fantasy
425909,Comedy
425909,Adventure
425972,Drama
425972,Thriller
425972,Horror
425980,Comedy
425980,Drama
426063,Horror
426063,Fantasy
426238,Drama
426238,Romance
426284,Action
426284,Fantasy
426284,Adventure
426284,Drama
426285,Fantasy
426285,Action
426285,Science Fiction
426285,Adventure
426426,Drama
426543,Family
426543,Fantasy
426543,Adventure
426563,Comedy
426563,Mystery
426563,Crime
426613,Drama
427641,Action
427641,Adventure
427641,Science Fiction
427900,Comedy
427900,Drama
427900,Romance
428045,Action
428045,Adventure
428045,Family
428045,Fantasy
428078,Adventure
428078,Science Fiction
428399,Horror
428399,Fantasy
428399,Drama
428449,Drama
428449,Fantasy
428449,Romance
428493,Romance
428493,Drama
428707,Animation
428707,Comedy
428836,Drama
428836,Romance
428836,History
429174,Drama
429189,Drama
429189,Romance
429191,Drama
429197,Drama
429197,Comedy
429197,History
429200,Crime
429200,Thriller
429200,Drama
429203,Comedy
429203,Crime
429203,Drama
429300,Thriller
429300,Romance
429300,Adventure
429351,War
429351,Drama
429351,Action
429351,History
429415,Action
429415,Drama
429415,Science Fiction
429415,Thriller
429417,Horror
429417,Drama
429422,Crime
429422,Drama
429450,Thriller
429450,Drama
429450,Action
429471,Science Fiction
429471,Action
429471,Thriller
429476,Horror
429476,Thriller
429617,Action
429617,Adventure
429617,Science Fiction
429733,Action
429733,Comedy
429733,Horror
430040,Action
430040,Adventure
430040,Crime
430040,Thriller
430155,Science Fiction
430155,Adventure
430155,Action
430231,Science Fiction
430231,Horror
430231,Thriller
430417,Drama
430424,Drama
430424,Crime
430424,War
430447,Animation
430447,Adventure
430447,Family
430447,Fantasy
431530,Comedy
431580,Family
431580,Animation
431580,Adventure
431580,Comedy
431580,Fantasy
431693,Animation
431693,Action
431693,Adventure
431693,Comedy
431693,Family
431819,Animation
431819,Romance
431819,Fantasy
431819,Drama
432068,Comedy
432301,History
432301,Drama
432301,Thriller
433498,Adventure
433498,Crime
433498,Drama
433501,Crime
433501,Thriller
433501,Drama
433502,War
433502,Drama
433502,Romance
433627,Thriller
433627,Drama
433627,Crime
433808,Horror
433808,Mystery
434355,Action
434355,Comedy
434355,Crime
434555,Horror
434555,Drama
435129,Animation
435129,War
435129,Drama
435577,War
435577,Drama
435615,Horror
435615,Thriller
435615,Science Fiction
436270,Action
436270,Adventure
436270,Science Fiction
436274,Thriller
436274,Drama
436274,Horror
436931,Family
436931,Animation
436931,Adventure
436931,Fantasy
436969,Action
436969,Comedy
436969,Adventure
437068,Action
437068,Drama
437068,History
437109,Action
437109,Thriller
437342,Horror
437375,Thriller
437375,Mystery
437557,Comedy
437586,Drama
437586,Comedy
438148,Animation
438148,Comedy
438148,Science Fiction
438148,Crime
438148,Family
438457,Western
438631,Science Fiction
438631,Adventure
438650,Crime
438650,Action
438650,Drama
438674,Crime
438674,Action
438674,Thriller
438689,Crime
438689,Romance
438689,Thriller
438695,Animation
438695,Comedy
438695,Family
438695,Music
438799,Horror
438799,War
438799,Science Fiction
438808,Crime
438808,Drama
439015,Horror
439015,Mystery
439015,Thriller
439079,Horror
440021,Comedy
440021,Horror
440021,Mystery
440161,Western
440161,Drama
440161,Comedy
440298,Romance
440298,Music
440298,Drama
440471,Action
440471,Thriller
440471,Crime
440471,Mystery
440471,Science Fiction
440472,Comedy
440472,Drama
440597,Horror
440597,Thriller
440762,Comedy
440762,Action
440762,Adventure
441130,Animation
441130,Family
441130,Adventure
441130,Fantasy
441282,Drama
441282,Thriller
441384,Comedy
441384,Drama
442062,Comedy
442062,Fantasy
442062,Horror
442062,Family
442065,Drama
442065,Action
442065,War
442249,Action
442249,Horror
442249,Thriller
443009,Comedy
443009,Drama
443791,Horror
443791,Science Fiction
443791,Action
443791,Adventure
444090,Adventure
444090,Fantasy
444539,Drama
445040,History
445040,Drama
445040,Crime
445571,Mystery
445571,Comedy
445571,Crime
445629,Comedy
445651,Action
445651,Adventure
445651,Drama
445954,Thriller
445954,Action
445954,Drama
446021,Thriller
446021,Mystery
446021,Crime
446021,Drama
446101,Thriller
446101,Horror
446101,Comedy
446159,Mystery
446159,Western
446159,Thriller
446354,Drama
446354,History
446696,Drama
446696,Romance
446791,Crime
446791,History
446791,Thriller
446791,Drama
446807,Action
446807,Crime
446807,Thriller
446893,Family
446893,Animation
446893,Comedy
446893,Fantasy
446893,Adventure
446893,Music
446894,Family
446894,Comedy
446894,Adventure
446894,Animation
446894,Fantasy
447200,Action
447200,Thriller
447200,Adventure
447277,Adventure
447277,Family
447277,Fantasy
447277,Romance
447332,Horror
447332,Drama
447332,Science Fiction
447365,Science Fiction
447365,Adventure
447365,Action
447404,Action
447404,Adventure
447404,Fantasy
448119,Family
448119,Comedy
448119,Fantasy
448119,Adventure
448194,Horror
448194,Thriller
448776,Drama
448776,Action
448776,Crime
449176,Comedy
449176,Drama
449176,Romance
449443,Crime
449443,Thriller
449443,Action
449562,Comedy
449562,Crime
449563,Comedy
449563,Fantasy
449563,Romance
449574,Animation
449574,Action
449574,Science Fiction
449664,Horror
449664,Thriller
449924,Action
449924,History
449924,Drama
449985,Thriller
449985,Action
450001,Action
450001,Crime
450001,Drama
450322,Drama
450322,History
450322,Comedy
450322,Family
450465,Thriller
450465,Drama
450465,Science Fiction
451048,Fantasy
451048,Comedy
451048,Adventure
451184,Drama
451184,History
451184,Thriller
451480,Romance
451480,Drama
451480,History
451657,Drama
451657,Thriller
451915,Drama
451945,Drama
451955,Romance
451955,Thriller
451955,Drama
452187,Drama
452187,Comedy
452507,Horror
452507,Crime
452507,Drama
452557,War
452557,Action
452773,Animation
452773,Adventure
452773,Comedy
452773,Family
452832,Thriller
452832,Mystery
452832,Drama
453201,Drama
453201,Thriller
453395,Fantasy
453395,Action
453395,Adventure
453405,Science Fiction
453405,Action
453405,Adventure
453405,Thriller
453405,Drama
453755,Drama
453755,Adventure
454293,Comedy
454294,Action
454294,Adventure
454294,Fantasy
454294,Family
454527,History
454527,Drama
454527,Romance
454619,Romance
454619,Comedy
454626,Action
454626,Science Fiction
454626,Comedy
454626,Family
454640,Animation
454640,Adventure
454640,Comedy
454640,Family
454640,Action
454652,Drama
454652,History
454992,Comedy
454992,Action
454992,Adventure
455207,Comedy
455207,Romance
455236,Action
455236,Crime
455236,Thriller
455236,Adventure
455236,Comedy
455476,Fantasy
455476,Action
455476,Science Fiction
455714,Drama
455714,Crime
455714,Thriller
455714,Comedy
455957,Crime
455957,Thriller
455980,Comedy
455980,Action
456740,Fantasy
456740,Horror
456740,Action
456740,Adventure
456929,Comedy
456929,Family
456929,Drama
457136,Drama
457136,History
457335,Action
457335,Comedy
457335,Thriller
457435,History
457435,Comedy
457943,Comedy
457943,Horror
457943,Action
457943,Fantasy
457955,Horror
457955,Thriller
457955,Science Fiction
458156,Action
458156,Thriller
458156,Crime
458253,Family
458253,Animation
458253,Comedy
458253,Adventure
458253,Action
458305,Science Fiction
458305,Mystery
458305,Horror
458423,Comedy
458423,Romance
458576,Action
458576,Fantasy
458576,Adventure
458594,Action
458594,Thriller
458723,Horror
458723,Mystery
458723,Thriller
458737,Drama
458897,Action
458897,Adventure
458897,Comedy
459003,Animation
459003,Adventure
459003,Family
459003,Fantasy
459151,Animation
459151,Comedy
459151,Adventure
459151,Family
459910,Drama
459910,Action
459910,Thriller
460019,Thriller
460019,Horror
460071,Crime
460071,Drama
460071,Thriller
460458,Action
460458,Horror
460458,Science Fiction
460465,Action
460465,Fantasy
460465,Adventure
460555,Action
460555,Thriller
460555,War
460555,Adventure
460668,Comedy
460668,Romance
460885,Fantasy
460885,Action
460885,Horror
461130,Science Fiction
461130,Action
461130,Crime
462883,Comedy
462883,Family
462883,Animation
463257,Adventure
463257,Comedy
463257,Drama
463272,Action
463272,Adventure
463272,Comedy
463821,Comedy
463821,Family
463821,Fantasy
463821,Horror
463821,Mystery
464052,Action
464052,Adventure
464052,Fantasy
464504,Comedy
465086,Horror
465086,Mystery
465136,Romance
465136,Fantasy
465914,Romance
465914,Drama
466081,Drama
466081,Crime
466081,Thriller
466272,Comedy
466272,Drama
466272,Thriller
466420,Crime
466420,History
466420,Drama
466622,Action
466622,Thriller
466876,Animation
466876,Family
466876,Adventure
466876,Comedy
466876,Fantasy
467012,Horror
467012,Mystery
467244,Drama
467244,History
467244,War
467632,Thriller
467632,Crime
467632,Horror
467632,Drama
467660,Horror
467660,Thriller
467909,Drama
467909,Romance
467936,Drama
467938,Action
467938,Horror
467938,Thriller
467938,Drama
467952,Drama
467952,War
467952,Thriller
467952,History
467956,Comedy
467956,Drama
468224,War
468224,Drama
468224,Romance
469274,Action
469274,Comedy
469274,Adventure
470044,Crime
470044,Drama
470114,Action
470114,Science Fiction
470114,Thriller
470114,Mystery
470229,Drama
470229,Horror
470229,Mystery
471474,Thriller
471474,Action
471474,Animation
471474,Science Fiction
471507,Thriller
471507,Crime
471507,Drama
471507,Action
471707,Drama
472451,Drama
473033,Drama
473033,Thriller
473033,Crime
474335,Comedy
474350,Horror
474350,Thriller
474350,Drama
474395,Animation
474395,Action
474395,Comedy
474395,Science Fiction
474764,Horror
474764,Mystery
475215,Animation
475215,Family
475215,Fantasy
475215,Adventure
475215,Drama
475303,Comedy
475303,Romance
475557,Crime
475557,Thriller
475557,Drama
476292,Animation
476292,Drama
476292,Fantasy
476335,History
476335,Drama
476335,Thriller
476669,Action
476669,Adventure
476669,Thriller
476926,Science Fiction
476926,Thriller
476968,Drama
476968,History
477489,Drama
477489,Science Fiction
477489,Thriller
479226,Crime
479226,Thriller
479226,Mystery
479226,Drama
479455,Comedy
479455,Science Fiction
479455,Action
479455,Adventure
479718,Action
479718,Crime
479718,Thriller
480001,Comedy
480001,Thriller
480001,Drama
480001,Mystery
480042,Action
480042,Thriller
480042,Crime
480105,Horror
480105,Thriller
480414,Horror
480530,Drama
480530,Action
480572,Crime
480572,Drama
480572,Thriller
480857,Drama
480857,Romance
480857,History
481084,Family
481084,Animation
481084,Comedy
481084,Fantasy
481848,Adventure
481848,Family
481848,Drama
482321,Animation
482321,Science Fiction
482321,Family
482321,Comedy
482373,Thriller
482373,Horror
483184,Crime
483184,Drama
483184,Thriller
484247,Thriller
484247,Comedy
484247,Mystery
484437,Horror
484468,Thriller
484468,Action
484468,Adventure
484641,Action
484641,Adventure
484641,Thriller
486101,Comedy
486101,Drama
486131,Action
486131,Crime
486131,Comedy
486131,Mystery
486589,Animation
486589,Fantasy
486589,Family
486589,Comedy
486589,Romance
486589,Adventure
487297,Comedy
487297,Romance
487558,Crime
487558,Comedy
487558,Drama
487558,History
487680,Action
487680,Crime
487680,Drama
488623,Thriller
488623,Mystery
488623,Crime
489064,Horror
489064,Thriller
489064,Action
489064,Western
489243,Thriller
489243,Drama
489326,Action
489326,Fantasy
489326,Thriller
489925,Comedy
489925,Drama
489929,Romance
489929,Comedy
489929,Drama
489931,Drama
489931,Crime
489931,Documentary
489988,Documentary
489999,Drama
489999,Mystery
489999,Thriller
490003,Documentary
490132,Drama
490132,Comedy
490132,History
491283,Drama
491283,History
491283,Music
491418,Comedy
491418,Drama
491584,Mystery
491584,Drama
491584,Thriller
491926,War
491926,History
491926,Drama
492008,Action
492008,Drama
492008,History
492188,Drama
492353,Comedy
492452,Drama
492565,Western
492565,Drama
492565,Action
492611,Horror
492611,Thriller
492719,Animation
492719,Science Fiction
493529,Adventure
493529,Fantasy
493529,Comedy
493551,Drama
493551,History
493551,Thriller
493922,Horror
493922,Mystery
493922,Thriller
494407,Animation
494407,Family
494407,Adventure
494407,Fantasy
495764,Action
495764,Crime
495766,Comedy
496243,Comedy
496243,Thriller
496243,Drama
496450,Animation
496450,Fantasy
496450,Action
496450,Romance
496450,Family
497698,Action
497698,Adventure
497698,Science Fiction
497814,Action
497814,Crime
497814,Thriller
497828,Comedy
497828,Drama
498248,Adventure
498248,Family
498248,Drama
498402,Music
498402,Comedy
498402,Drama
498402,Family
499088,Comedy
499088,Family
499088,Animation
499088,Adventure
499701,Family
499701,Comedy
499701,Adventure
499726,Comedy
499726,Romance
500006,History
500006,Drama
500664,Action
500664,Thriller
500664,Science Fiction
500852,Action
500916,Action
500916,Adventure
500916,Thriller
501170,Horror
501170,Fantasy
501907,History
501907,Family
501907,Drama
501979,Comedy
501979,Science Fiction
501979,Adventure
501979,Music
502033,Drama
502033,Music
502356,Family
502356,Comedy
502356,Adventure
502356,Fantasy
502356,Animation
502416,Horror
502416,Thriller
502425,Drama
502425,History
502425,Thriller
502682,Romance
502682,Comedy
502682,Drama
503314,Action
503314,Science Fiction
503314,Animation
503346,Action
503346,Science Fiction
503346,Drama
503616,Romance
503616,Comedy
503736,Crime
503736,Action
503736,Horror
503919,Drama
503919,Fantasy
503919,Thriller
504172,Crime
504172,Drama
504172,Thriller
504253,Animation
504253,Drama
504253,Romance
504562,Drama
504562,Thriller
504608,Music
504608,Drama
504827,Animation
504827,Comedy
504827,Crime
504827,Mystery
505026,Mystery
505026,Crime
505026,Thriller
505058,Horror
505177,Thriller
505177,Mystery
505262,Animation
505262,Action
505262,Adventure
505262,Fantasy
505436,Comedy
505600,Comedy
505642,Action
505642,Adventure
505642,Science Fiction
505707,Drama
505707,History
505948,Science Fiction
505948,Thriller
505954,Drama
505954,History
505954,War
506072,Science Fiction
507076,Drama
507076,Horror
507076,Music
507086,Adventure
507086,Science Fiction
507086,Thriller
507086,Action
507089,Horror
507089,Thriller
507241,Action
507241,Comedy
507241,Thriller
507505,Drama
507505,Crime
507569,Action
507569,Adventure
507569,Fantasy
507569,Animation
508439,Adventure
508439,Animation
508439,Comedy
508439,Family
508439,Fantasy
508442,Animation
508442,Family
508442,Drama
508442,Music
508442,Fantasy
508642,Horror
508642,Mystery
508664,War
508664,Action
508664,Drama
508664,History
508747,Drama
508747,Romance
508763,Drama
508763,Adventure
508763,Family
508791,Romance
508791,Drama
508883,Animation
508883,Fantasy
508883,Drama
508935,War
508935,History
508935,Drama
508935,Action
508943,Animation
508943,Family
508943,Fantasy
508943,Drama
508943,Comedy
508947,Animation
508947,Family
508947,Comedy
508947,Fantasy
509730,Family
509730,Animation
509730,Comedy
509733,Animation
509733,Adventure
509733,Comedy
509733,Family
511322,Crime
511809,Drama
511809,Romance
511809,Crime
511987,Horror
511987,Thriller
512195,Action
512195,Comedy
512195,Crime
512196,Comedy
512196,Horror
512196,Science Fiction
512200,Adventure
512200,Comedy
512200,Fantasy
512263,Drama
512895,Family
512895,Romance
512895,Comedy
513045,Action
513045,Comedy
513310,Action
513310,Science Fiction
513310,Thriller
513347,Animation
513347,Romance
513347,Drama
513434,Comedy
513434,Horror
513434,Drama
513691,Action
513691,Comedy
514207,Science Fiction
514207,Drama
514207,Action
514277,Horror
514277,Thriller
514439,Drama
514619,Comedy
514619,Romance
514847,Action
514847,Thriller
514847,Horror
514921,Adventure
514921,Drama
514921,Romance
515001,Comedy
515001,War
515001,Drama
515042,Documentary
515042,Adventure
515195,Comedy
515195,Fantasy
515195,Music
515195,Romance
516329,Drama
516329,Horror
516329,Mystery
516632,Horror
516632,Mystery
516729,Adventure
516729,Comedy
516729,Family
517088,Drama
517088,History
517093,Drama
517093,Action
517093,War
517116,Horror
517116,Thriller
517302,Horror
517302,Fantasy
517412,History
517412,Drama
517814,Drama
517839,Fantasy
517839,Drama
517839,Crime
518068,Action
518068,Adventure
518068,Fantasy
518068,Thriller
518896,Drama
518896,Action
518896,Science Fiction
519010,Drama
519182,Animation
519182,Comedy
519182,Action
519182,Science Fiction
519182,Family
520023,Comedy
520023,Mystery
520023,Horror
520172,Romance
520172,Comedy
520763,Science Fiction
520763,Thriller
520763,Horror
520900,Comedy
520946,Animation
520946,Family
520946,Fantasy
520946,Adventure
521029,Horror
521034,Family
521034,Fantasy
521034,Drama
521777,Comedy
522016,Action
522016,Adventure
522016,Thriller
522098,Drama
522098,Comedy
522098,Romance
522162,War
522162,History
522162,Drama
522212,Drama
522212,Crime
522212,History
522241,Thriller
522241,History
522241,Drama
522369,Drama
522444,Horror
522444,Action
522444,Adventure
522478,Comedy
522478,Family
522478,Adventure
522518,Family
522518,Adventure
522518,Drama
522627,Action
522627,Comedy
522627,Crime
522681,Horror
522681,Mystery
522681,Thriller
522924,Drama
522924,Romance
522925,History
522925,Drama
522931,Action
522931,Comedy
522931,Crime
522931,Thriller
522938,Action
522938,Thriller
522938,Drama
523172,Comedy
523172,Drama
523366,Animation
523366,Family
523366,Adventure
523366,Fantasy
523607,Drama
523607,Romance
523607,Music
523781,Drama
523781,Romance
523936,Horror
523936,Science Fiction
523936,Drama
523936,Thriller
524047,Thriller
524047,Action
524047,Science Fiction
524216,Fantasy
524216,Horror
524247,Thriller
524348,Drama
524369,Crime
524369,Drama
524434,Science Fiction
524434,Action
524434,Adventure
524659,Crime
524659,Drama
524659,Action
525661,Drama
526007,Thriller
526007,Crime
526007,Drama
526019,Comedy
526050,Comedy
526050,Fantasy
526050,Romance
526051,Horror
526051,Thriller
526051,Fantasy
526896,Action
526896,Science Fiction
526896,Fantasy
527261,Horror
527261,Drama
527261,Thriller
527261,Fantasy
527400,Fantasy
527400,Adventure
527641,Romance
527641,Drama
527729,Family
527729,Animation
527729,Comedy
527729,Adventure
527774,Animation
527774,Action
527774,Adventure
527774,Fantasy
527774,Family
528949,Drama
528949,History
528949,Thriller
529106,Action
529106,Adventure
529203,Animation
529203,Family
529203,Adventure
529203,Fantasy
529203,Comedy
529216,Thriller
529216,Drama
529216,Mystery
529216,Fantasy
529485,Drama
529862,Comedy
529862,Drama
529983,Thriller
529983,Crime
530254,Action
530254,Drama
530254,Science Fiction
530385,Horror
530385,Drama
530385,Mystery
530915,War
530915,Drama
530915,History
531219,Comedy
531219,Fantasy
531219,Family
531219,Horror
531309,Horror
531309,Science Fiction
531309,Drama
531428,Drama
531428,Romance
531499,Action
531499,Crime
531499,Drama
531876,War
531876,Drama
531876,History
531876,Action
532067,Animation
532067,Comedy
532067,Fantasy
532408,Horror
532671,Horror
532671,Thriller
532710,Horror
532710,Science Fiction
532710,Thriller
533444,Romance
533444,Drama
533514,Animation
533514,Drama
533514,Fantasy
533514,Romance
533535,Action
533535,Comedy
533535,Science Fiction
533642,Horror
534072,Horror
534072,Thriller
534259,Drama
534259,Comedy
534490,Crime
534490,Action
534490,Thriller
534780,Crime
534780,Mystery
534780,Thriller
534780,Comedy
535292,Crime
535292,Action
535292,Drama
535389,War
535389,History
535389,Action
535544,Drama
535544,Romance
535544,History
535581,Comedy
535581,Drama
535581,Horror
536437,Mystery
536437,Science Fiction
536437,Thriller
536554,Science Fiction
536554,Horror
536743,Crime
536743,Drama
536743,Romance
536869,Fantasy
536869,Comedy
536869,Drama
537140,Drama
537739,Romance
537739,Comedy
537915,Drama
537915,Romance
538207,Drama
538207,Action
538207,Crime
538207,Thriller
539181,Horror
539181,Mystery
539537,Adventure
539537,Fantasy
539537,Horror
539537,Mystery
539681,Family
539681,Comedy
539681,Adventure
539681,Animation
539681,Science Fiction
539681,Action
539885,Action
539885,Thriller
539885,Crime
539892,Science Fiction
539892,Thriller
539972,Action
539972,Adventure
539972,Thriller
540901,Drama
540901,Comedy
540901,Crime
541305,Crime
541305,Drama
541305,Comedy
542178,Drama
542178,Comedy
542224,Fantasy
542224,Horror
542224,Mystery
542836,Crime
542836,Action
542836,Thriller
543580,Documentary
543580,History
543580,War
544431,Drama
544431,Mystery
544431,Crime
545237,Drama
545611,Action
545611,Adventure
545611,Science Fiction
546121,Thriller
546121,Horror
546121,Drama
546554,Comedy
546554,Crime
546554,Mystery
547565,Horror
547565,Mystery
548066,Science Fiction
548066,Thriller
548473,Horror
548473,Science Fiction
548473,Mystery
548473,Thriller
549053,Comedy
549053,Drama
549053,Romance
549294,Horror
549294,Science Fiction
549294,Thriller
549509,Drama
549590,Action
549590,Crime
549590,Thriller
549590,Mystery
550205,Animation
550205,Family
550205,Comedy
550205,Fantasy
550205,Romance
550205,Adventure
550231,Drama
550231,Romance
550988,Comedy
550988,Adventure
550988,Science Fiction
551271,Action
551271,Drama
551271,History
551332,Drama
551332,History
551804,Horror
551804,Comedy
551808,Horror
551808,Mystery
552178,Drama
552178,Thriller
552269,Drama
553604,Thriller
553604,Action
553604,Crime
554230,Drama
554241,Family
554241,Comedy
554596,Comedy
554972,Crime
554972,Action
554972,Thriller
554972,Comedy
555285,Comedy
555285,Drama
555974,Horror
555974,Mystery
555974,Thriller
556678,Comedy
556678,Romance
556678,Drama
556694,Drama
556694,Fantasy
556694,Romance
556984,Drama
556984,History
557946,Action
557946,Crime
557946,Thriller
558449,Action
558449,Adventure
558449,Drama
558582,Drama
558582,Western
558915,Drama
559907,Adventure
559907,Drama
559907,Fantasy
560008,Drama
560008,History
560016,Thriller
560016,Crime
560016,Action
560144,Science Fiction
560144,Action
560144,Thriller
565028,Horror
565028,Thriller
565179,History
565179,Drama
565310,Comedy
565310,Drama
565770,Action
565770,Science Fiction
565770,Adventure
566525,Action
566525,Adventure
566525,Fantasy
567604,Comedy
567604,Action
567604,Adventure
567604,Science Fiction
567609,Horror
567609,Comedy
567646,Action
567646,Comedy
567646,Crime
567797,Crime
567797,Thriller
567797,Mystery
567811,Animation
567811,Comedy
567811,Family
567811,Fantasy
568012,Animation
568012,Action
568012,Adventure
568012,Fantasy
568124,Animation
568124,Comedy
568124,Family
568124,Fantasy
568160,Animation
568160,Drama
568160,Fantasy
568160,Romance
568467,Romance
568467,Drama
568620,Action
568620,Adventure
569094,Animation
569094,Action
569094,Adventure
569094,Science Fiction
570480,Animation
570480,Adventure
570480,Family
570480,Comedy
570480,Music
570670,Thriller
570670,Science Fiction
570670,Horror
571265,Animation
571265,Action
571265,Adventure
571265,Fantasy
571384,Horror
571384,Mystery
571468,Adventure
571468,Fantasy
571468,Drama
571891,Animation
571891,Adventure
571891,Fantasy
571891,Action
571891,Family
572802,Action
572802,Adventure
572802,Fantasy
573164,Animation
573164,Comedy
573164,Adventure
573164,Family
573435,Action
573435,Comedy
573435,Crime
573699,Romance
573699,Animation
573699,Fantasy
573730,Animation
573730,Adventure
573730,Fantasy
573730,Mystery
574060,Action
574060,Crime
574060,Thriller
574982,Thriller
574982,Science Fiction
574982,Action
575088,Horror
575100,Comedy
575100,Family
575219,Comedy
575219,Action
575222,Animation
575222,Adventure
575222,Comedy
575222,Science Fiction
575222,Fantasy
575222,Family
575264,Action
575264,Adventure
575264,Thriller
575322,Science Fiction
575322,Thriller
575417,Drama
575417,Comedy
575417,Romance
575446,Drama
575446,Thriller
575659,Drama
575659,Crime
575776,Horror
575776,Mystery
575776,Thriller
575813,Drama
575813,Crime
575813,Romance
576845,Horror
576845,Mystery
576845,Drama
576845,Thriller
577242,Adventure
577242,Fantasy
577242,Comedy
577922,Action
577922,Thriller
577922,Science Fiction
578189,Action
578189,Thriller
578189,Crime
578701,Thriller
578701,Action
579047,Mystery
579047,Science Fiction
579047,Thriller
579583,Comedy
579583,Drama
579828,Horror
579828,Science Fiction
579828,Thriller
579974,Action
579974,History
579974,Drama
580175,Comedy
580175,Drama
580489,Science Fiction
580489,Action
580489,Adventure
580532,Thriller
580532,Crime
580532,Drama
581032,Drama
581032,Western
581032,Adventure
581387,Action
581387,Adventure
581387,Thriller
581389,Drama
581389,Fantasy
581389,Science Fiction
581392,Horror
581392,Action
581392,Thriller
581392,Adventure
581526,Crime
581526,Action
581526,Drama
581528,Action
581528,Crime
581528,Thriller
581577,War
581577,Drama
581734,Drama
582014,Thriller
582014,Crime
582014,Drama
582873,Romance
582873,Drama
582883,Comedy
582883,Horror
582885,Drama
582913,Horror
582913,Drama
582913,Mystery
582913,Science Fiction
583406,Drama
583406,History
585083,Animation
585083,Comedy
585083,Family
585083,Adventure
585083,Fantasy
585216,Horror
585216,Thriller
585216,Mystery
585244,Music
585244,Drama
585244,Romance
585245,Family
585245,Adventure
585245,Comedy
585245,Fantasy
585378,Science Fiction
585378,Drama
586353,Fantasy
586353,Drama
586461,Drama
586461,Thriller
586592,Comedy
586592,Horror
586592,Mystery
586592,Thriller
586791,Romance
586791,Science Fiction
586791,Drama
586810,Animation
586810,Science Fiction
586810,Thriller
586863,Crime
586863,Drama
586863,Thriller
587272,Comedy
587272,Family
587412,Action
587412,Thriller
587412,Adventure
587412,Crime
587496,Horror
587496,Thriller
587792,Comedy
587792,Romance
587792,Science Fiction
587807,Comedy
587807,Family
587807,Animation
588228,Action
588228,Science Fiction
588228,Adventure
588648,Animation
588648,Family
588648,Action
588648,Adventure
588648,Fantasy
588890,Adventure
588890,Animation
588890,Family
588890,Fantasy
588890,Comedy
588921,Adventure
588921,Animation
588921,Family
588921,Fantasy
589761,Drama
589761,History
589761,Action
590223,Adventure
590223,Comedy
590223,Fantasy
590706,Action
590706,Science Fiction
590706,Fantasy
590854,Drama
590854,Thriller
590995,Horror
590995,Drama
590995,Fantasy
591120,Action
591120,Adventure
591120,Comedy
591120,Fantasy
591273,Horror
591273,Mystery
591273,Drama
591538,Drama
592279,War
592279,History
592279,Drama
592350,Animation
592350,Action
592350,Fantasy
592350,Adventure
592695,Drama
592831,Science Fiction
592831,Drama
592831,Fantasy
592834,Family
592834,Action
592834,Comedy
592863,Drama
592863,Music
592863,History
593395,Crime
593395,Mystery
593402,Comedy
593402,Drama
593402,Family
593643,Comedy
593643,Horror
593910,Fantasy
593910,Romance
593910,Comedy
594718,Science Fiction
594718,Drama
594718,Horror
594767,Comedy
594767,Action
594767,Fantasy
595148,Comedy
595148,Drama
595149,Horror
595149,Mystery
595671,Drama
595975,Comedy
595975,Drama
596054,Comedy
596054,Thriller
596161,Thriller
596161,Crime
596161,Western
597208,Crime
597208,Drama
597208,Thriller
597890,Science Fiction
597890,Thriller
598387,Animation
598387,Family
598387,Fantasy
599281,Thriller
599281,Horror
599281,Drama
599975,Horror
599975,Thriller
600354,Drama
601470,Drama
601470,History
601796,Science Fiction
601796,Action
601796,Fantasy
601796,Adventure
601844,Thriller
601844,Horror
601844,Action
602063,Action
602063,Adventure
602063,History
602063,Drama
602211,Action
602211,Fantasy
602211,Comedy
602223,Action
602223,Horror
602223,Thriller
602269,Drama
602269,Crime
602269,Thriller
602545,Thriller
602545,Mystery
602654,Thriller
602654,Adventure
602654,Action
602734,Horror
602734,Mystery
603692,Action
603692,Thriller
603692,Crime
604563,Comedy
604563,Adventure
604563,Action
604822,Action
604822,Adventure
604822,Comedy
604822,Crime
604822,Thriller
605804,Horror
605804,Mystery
605804,Thriller
605886,Thriller
605886,Crime
605886,Drama
606234,Science Fiction
606234,Drama
606234,Thriller
606625,Horror
606625,Thriller
606679,Romance
606679,Comedy
606679,Music
606679,Drama
606876,Comedy
606876,Romance
606906,Action
606906,Thriller
606906,War
606952,Drama
606954,Comedy
608195,Horror
608195,Thriller
608195,War
608195,Science Fiction
609242,Comedy
609242,Thriller
609242,Crime
609681,Science Fiction
609681,Adventure
609681,Action
610150,Animation
610150,Science Fiction
610150,Action
610253,Horror
610253,Thriller
610375,Drama
610375,Documentary
610892,Drama
610892,Fantasy
610892,Animation
611213,Romance
611213,Comedy
611291,Music
611291,Documentary
611605,Thriller
611605,Drama
611605,Horror
611698,Fantasy
611698,Action
611698,Adventure
611698,Drama
611914,Action
611914,Thriller
611914,Adventure
611914,Crime
613377,Comedy
613377,Action
613504,Drama
613504,Romance
614479,Horror
614479,Thriller
614560,Drama
614560,History
614696,Action
614696,Horror
614696,Science Fiction
614911,Science Fiction
614911,Drama
614917,Drama
614917,History
614930,Animation
614930,Comedy
614930,Action
614930,Science Fiction
614934,Music
614934,History
614934,Drama
614939,Comedy
614939,Romance
615173,Action
615173,Mystery
615173,Thriller
615173,Science Fiction
615453,Animation
615453,Fantasy
615453,Adventure
615457,Action
615457,Thriller
615643,Drama
615656,Action
615656,Science Fiction
615656,Horror
615666,Family
615666,Adventure
615666,Fantasy
615777,Drama
615777,Comedy
615904,Romance
615904,Comedy
615904,Music
615952,Drama
616037,Fantasy
616037,Action
616037,Comedy
616651,Drama
616651,Crime
616651,Thriller
616747,Comedy
616747,Drama
616747,Fantasy
616803,Drama
616803,Thriller
616820,Horror
616820,Thriller
617502,Action
617502,Thriller
617502,Crime
617653,Drama
617653,History
617653,Thriller
617768,Drama
617768,Music
618588,Adventure
618588,Drama
619264,Drama
619264,Science Fiction
619264,Thriller
619592,Action
619592,Crime
619592,Thriller
619730,Thriller
619730,Science Fiction
619730,Mystery
619778,Horror
619778,Mystery
619803,Action
619803,Crime
619803,Thriller
620249,Animation
620249,Fantasy
620249,Action
620683,Comedy
620725,Comedy
621151,Thriller
621151,Horror
621151,Fantasy
621587,Comedy
621587,Drama
621707,Horror
621707,Mystery
624860,Science Fiction
624860,Action
624860,Adventure
625568,Action
625568,Thriller
625568,Crime
626412,Action
626412,Fantasy
626412,Adventure
626412,Science Fiction
626735,Drama
626735,Comedy
626872,Action
626872,Drama
626872,Thriller
627290,Horror
627463,Drama
628900,Action
628900,Thriller
629015,Thriller
629015,Horror
629176,Science Fiction
629176,Crime
629176,Action
629542,Action
629542,Adventure
629542,Animation
629542,Comedy
629542,Crime
629542,Family
630004,Drama
630004,Action
630004,Thriller
630220,Drama
630220,Family
630240,Drama
630240,Thriller
630240,Horror
630392,Horror
630392,Drama
630392,Thriller
630586,Horror
630586,Thriller
631842,Horror
631842,Mystery
631842,Thriller
631843,Thriller
631843,Mystery
631843,Horror
632322,Romance
632322,Drama
632357,Horror
632357,Mystery
632617,Drama
632632,Animation
632632,Drama
632632,Music
632632,Romance
634429,Action
634429,Science Fiction
634492,Action
634492,Fantasy
634528,Action
634528,Drama
634528,Thriller
634649,Action
634649,Adventure
634649,Science Fiction
635302,Animation
635302,Action
635302,Fantasy
635731,Drama
635731,Thriller
635731,Mystery
635910,Horror
635910,Fantasy
636173,Comedy
636173,Drama
637649,Thriller
637649,Crime
637649,Drama
637693,Adventure
637693,Animation
637693,Family
637693,Western
637920,Drama
638449,Drama
638449,Romance
638965,Comedy
638965,Fantasy
639720,Comedy
639720,Fantasy
639720,Family
639721,Animation
639721,Family
639721,Comedy
639721,Fantasy
639721,Adventure
639933,Action
639933,Adventure
639933,Fantasy
640146,Action
640146,Adventure
640146,Science Fiction
640344,Family
640344,Fantasy
640923,Comedy
643215,Family
643215,Comedy
643215,Adventure
643215,Fantasy
643532,Drama
643532,Thriller
643532,Crime
643586,Horror
643586,Thriller
643586,Action
644479,Drama
644479,Comedy
644495,Drama
644495,Crime
644495,History
644583,Drama
644583,Thriller
645788,Action
645788,Thriller
645788,Crime
646207,Action
646207,Thriller
646380,Comedy
646380,Science Fiction
646380,Drama
646385,Horror
646385,Mystery
646389,Action
646389,Adventure
646389,Thriller
646683,Horror
646683,Thriller
648579,Action
648579,Comedy
648579,Crime
649609,Comedy
649609,Fantasy
649609,Horror
651571,Science Fiction
651571,Action
651571,Horror
651881,Comedy
651881,Drama
652004,Horror
652004,Thriller
653346,Science Fiction
653346,Adventure
653346,Action
653598,Comedy
653598,Horror
653598,Thriller
653851,War
653851,Drama
653851,History
655082,Romance
655082,Drama
656663,Action
656663,Comedy
656663,Documentary
659940,Thriller
659940,Crime
659959,Romance
659959,Drama
659986,Horror
659986,Mystery
659986,Thriller
660000,Drama
660000,Romance
660000,History
660120,Drama
660120,Romance
660120,Comedy
660942,Horror
660942,Drama
660942,Fantasy
661374,Comedy
661374,Crime
661374,Mystery
661539,Drama
661539,Music
661791,Drama
661791,Horror
663260,Mystery
663260,Thriller
663260,Drama
663558,Animation
663558,Fantasy
663558,Action
663712,Horror
663866,Horror
663866,Mystery
663870,Action
663870,Comedy
663870,Drama
663870,Thriller
664300,Comedy
664300,Drama
664341,Thriller
664341,Crime
664413,Romance
664413,Drama
664413,Crime
664469,Mystery
664469,Comedy
664469,Drama
664574,Comedy
664574,Science Fiction
664574,Horror
666277,Drama
666277,Romance
667216,Horror
667216,Science Fiction
667216,Thriller
667538,Science Fiction
667538,Adventure
667538,Action
668482,Family
668482,Comedy
668482,Fantasy
668640,Comedy
668640,Drama
668742,Comedy
668742,Family
670292,Science Fiction
670292,Action
670292,Adventure
670428,Science Fiction
670428,Comedy
670428,Horror
672582,Horror
672582,Mystery
672741,Horror
672741,Thriller
673309,Drama
673309,Family
673593,Comedy
674324,Drama
674324,Comedy
675327,Horror
675327,Action
675327,War
675353,Action
675353,Adventure
675353,Family
675353,Comedy
675445,Action
675445,Adventure
675445,Animation
675445,Comedy
675445,Family
676547,Horror
676547,Thriller
676701,Animation
676701,Adventure
676701,Family
676701,Comedy
676701,Fantasy
676727,Animation
676727,Drama
676727,Family
676727,History
677179,Drama
677179,Action
678458,Animation
678458,Comedy
678458,Drama
678512,Action
678512,Drama
680058,Documentary
680058,Drama
680593,Horror
680813,Documentary
680813,Animation
681887,Science Fiction
681887,Action
681887,Adventure
682507,Drama
682507,Mystery
682507,Romance
683127,Animation
683127,Fantasy
683127,Family
683127,Music
683127,Comedy
683340,Comedy
683340,Mystery
683340,Thriller
684684,Horror
684684,Adventure
684684,Fantasy
685274,Animation
685274,Action
685274,Drama
685274,Science Fiction
693113,Crime
693113,Mystery
693113,Thriller
693113,Action
693134,Science Fiction
693134,Adventure
695721,Science Fiction
695721,Action
696157,Music
696157,Drama
698508,Romance
698508,Drama
698508,Western
698687,Animation
698687,Science Fiction
698687,Adventure
698687,Family
700391,Action
700391,Adventure
700391,Science Fiction
702525,Animation
702525,Adventure
702525,Family
702936,Action
705996,Thriller
705996,Mystery
705996,Romance
709631,Horror
710078,Drama
710078,Family
712454,Animation
712454,Adventure
712454,Mystery
713704,Horror
713704,Thriller
714869,Romance
714869,Comedy
714888,Drama
714888,History
714888,Crime
716612,Drama
717728,Horror
717930,Action
717930,Thriller
717930,War
718032,Drama
718032,Comedy
718032,Romance
718444,Action
718444,Adventure
718789,Animation
718789,Science Fiction
718789,Family
718789,Adventure
718821,Action
718821,Thriller
718838,Romance
718838,Drama
718840,Comedy
718840,Romance
718930,Action
718930,Comedy
718930,Thriller
719221,Horror
720755,Comedy
720755,Drama
720755,Mystery
721625,Science Fiction
721625,Thriller
722778,Drama
723072,Horror
724495,Action
724495,Drama
724495,History
724495,War
724665,Comedy
724665,Mystery
724665,Crime
724989,Action
724989,Adventure
724989,Thriller
725201,Action
725201,Thriller
726139,Thriller
726139,Action
726139,Horror
726139,Science Fiction
726139,Adventure
726208,Drama
726208,Horror
726208,Thriller
727340,Action
727340,Mystery
727340,Drama
728118,War
728118,Drama
728118,History
728142,Drama
728949,Comedy
728949,Horror
729720,Action
729720,Comedy
729854,Thriller
729854,Action
731249,Animation
731249,Comedy
731249,Family
731249,Action
731249,Adventure
731249,Fantasy
732203,Animation
732203,Action
732203,Science Fiction
732203,Comedy
734002,Animation
734002,History
734002,Drama
735697,Comedy
735697,Fantasy
735697,Mystery
735872,Crime
735872,Mystery
735872,Thriller
736146,Crime
736146,Drama
736732,Drama
737568,Action
737568,Thriller
738652,Thriller
738652,Crime
738652,Action
739405,Action
739405,Comedy
739405,Thriller
739405,Adventure
743814,Drama
744275,Drama
744275,Romance
744276,Romance
744276,Drama
744594,Comedy
744594,Drama
744746,Horror
744746,Mystery
744857,Horror
744857,Thriller
745611,History
745611,Comedy
745611,Drama
745881,Horror
745881,Mystery
746036,Action
746036,Comedy
746036,Romance
746131,Drama
746131,Romance
746333,Comedy
746333,Action
746333,Family
747188,Comedy
747188,Drama
748230,Horror
748783,Adventure
748783,Animation
748783,Comedy
748783,Family
749004,Drama
749004,Fantasy
749274,Drama
749274,Western
750253,Thriller
750253,Crime
750253,Drama
752623,Action
752623,Adventure
752623,Comedy
753342,History
753342,War
753342,Drama
754067,Adventure
754067,Family
754067,Drama
754609,Drama
754609,Comedy
754609,History
756397,Animation
756397,Comedy
756397,Adventure
756397,Family
756999,Horror
756999,Thriller
758009,Action
758009,Comedy
758009,Romance
758323,Horror
758323,Thriller
758330,Romance
758330,Drama
758336,Romance
758336,Drama
758336,Comedy
758679,Thriller
758679,Drama
758866,Drama
760099,Drama
760104,Horror
760161,Horror
760161,Thriller
760741,Action
760741,Adventure
760741,Horror
760741,Thriller
760741,Drama
760774,History
760774,Drama
760873,Science Fiction
760873,Thriller
760926,Action
760926,Adventure
760926,Thriller
761898,Animation
761898,Action
761898,Fantasy
761898,Science Fiction
762079,Horror
762079,Thriller
762079,Drama
762430,Thriller
762430,Action
762430,Adventure
762441,Horror
762441,Science Fiction
762441,Thriller
762504,Horror
762504,Science Fiction
762504,Thriller
762509,Adventure
762509,Family
762509,Animation
763215,Fantasy
763215,Action
763215,Adventure
763285,Thriller
763285,Action
763285,Drama
763285,Crime
763329,Drama
763329,Comedy
766475,Mystery
766475,Comedy
766475,Crime
766798,Drama
768362,Drama
768362,Mystery
768362,Thriller
768744,Animation
768744,Action
768744,Adventure
768744,Science Fiction
771077,Comedy
771077,Drama
771077,Family
774531,History
774531,Drama
776305,Animation
776305,Science Fiction
776305,Drama
776305,Music
776485,Documentary
776485,Music
776503,Drama
776503,Music
776503,Romance
777245,Drama
777270,Drama
777270,History
778855,Animation
778855,Adventure
778855,Comedy
778855,Family
778855,Fantasy
779029,Drama
779029,War
780382,Family
780382,Adventure
780382,Drama
780609,Horror
780609,Thriller
780609,Fantasy
781732,Action
781732,Crime
781732,Drama
783675,Animation
783675,Comedy
783675,Drama
785084,Drama
785398,Drama
785398,Adventure
785542,Drama
785545,Animation
785545,Comedy
785545,Family
785663,Western
785663,Action
785663,Drama
786892,Action
786892,Science Fiction
786892,Adventure
787699,Comedy
787699,Family
787699,Fantasy
787723,Action
787723,Drama
787723,Thriller
788734,Comedy
788734,Horror
788929,Drama
788929,Fantasy
788929,Horror
790462,Science Fiction
790462,Thriller
790496,Comedy
790496,Drama
791177,Horror
791177,Romance
791177,Drama
792293,History
792293,Comedy
792293,Drama
792307,Science Fiction
792307,Romance
792307,Comedy
793998,Drama
795811,Drama
795811,Romance
795813,Science Fiction
795813,Comedy
795813,Romance
795853,Horror
795853,Fantasy
795853,Drama
796185,Adventure
796185,Action
796185,Drama
796185,History
796499,Action
796499,Crime
796499,Comedy
797838,Drama
797838,Romance
797838,History
797838,War
798286,Comedy
798286,Adventure
798286,Fantasy
799379,Action
799379,Thriller
799379,Horror
799379,Crime
799583,Action
799583,Comedy
799583,War
799766,Music
799766,Drama
799876,Crime
799876,Drama
799876,Thriller
799876,Mystery
800158,Crime
800158,Thriller
800497,Horror
800497,Comedy
800787,Drama
800939,Drama
800939,Comedy
800939,Romance
801071,Horror
801112,Drama
801112,History
801688,Drama
801688,Action
801688,Fantasy
801688,Science Fiction
802219,Music
802219,History
802219,Drama
803114,Horror
803114,Mystery
803114,Thriller
803700,Drama
804095,Drama
804150,Thriller
804150,Comedy
804150,Crime
806368,Drama
807172,Horror
807356,Horror
807356,Mystery
807356,Thriller
809140,Drama
809787,Comedy
809787,Crime
809787,Action
810693,Animation
810693,Action
810693,Fantasy
811592,Action
811592,Thriller
811592,Crime
811592,War
811941,Action
811941,Drama
812037,Drama
813477,Action
813477,Drama
813477,Science Fiction
814757,Drama
814757,Romance
814776,Comedy
814889,Horror
816904,Animation
816904,Adventure
816904,Fantasy
816904,Family
817758,Music
817758,Drama
818397,Action
818397,Thriller
818397,Crime
819876,Science Fiction
819876,Horror
819876,Thriller
820067,Animation
820067,Comedy
820067,Romance
820446,Drama
820446,Romance
820525,Romance
820525,Drama
820722,Comedy
820722,Drama
823147,Drama
823219,Adventure
823219,Animation
823219,Family
823219,Fantasy
823452,Drama
823452,History
823464,Action
823464,Adventure
823464,Science Fiction
823482,Comedy
823482,Fantasy
823625,Action
823625,Thriller
823625,Adventure
823951,Crime
823951,Drama
823951,Thriller
823999,Crime
823999,Action
826510,Family
826510,Comedy
826510,Adventure
826510,Fantasy
828613,Romance
828613,Comedy
829051,Comedy
829920,Animation
829920,Action
829920,Adventure
829920,Fantasy
830784,Comedy
830784,Family
830784,Music
830788,Horror
830788,Thriller
831815,Family
831815,Comedy
831815,Adventure
831815,Animation
832262,Mystery
832262,Thriller
832964,History
832964,Drama
832964,War
833339,Horror
833339,Thriller
833339,Drama
836202,Drama
837335,Drama
837335,Fantasy
837335,Comedy
837881,Drama
837881,History
838209,Mystery
838209,Horror
838209,Thriller
838240,Animation
838240,Drama
838240,Comedy
838240,Science Fiction
839033,Animation
839033,Fantasy
839033,Adventure
839033,Action
839369,Drama
840326,Action
840326,War
840326,Thriller
840430,Drama
840430,Comedy
840705,Horror
840705,Mystery
840705,Thriller
842544,Crime
842544,Action
842544,Drama
842675,Science Fiction
842675,Action
842675,Adventure
843241,Animation
843241,Fantasy
843416,Drama
843527,Music
843527,Comedy
843527,Romance
843527,Drama
844075,Animation
844075,Adventure
844075,Fantasy
844075,Comedy
844417,Crime
845111,Adventure
845111,Action
845111,Drama
845659,Drama
845659,Romance
845781,Action
845781,Adventure
845781,Comedy
845781,Fantasy
845783,Horror
846867,Animation
846867,Fantasy
846867,Horror
846867,Science Fiction
848058,Horror
848058,Drama
848538,Action
848538,Adventure
848538,Comedy
848685,Thriller
848685,Drama
848791,Thriller
848791,Crime
848791,Drama
850165,Drama
850165,History
852438,Horror
852438,Comedy
854239,Drama
854239,History
856289,Action
856289,Fantasy
856289,War
858017,Drama
858017,Horror
859235,Romance
859235,Drama
862557,History
862557,Drama
862965,Crime
862965,Drama
862965,Thriller
864168,Comedy
864370,Horror
865498,Comedy
865498,Family
865498,Drama
866398,Action
866398,Crime
866398,Thriller
866428,Unknown
869291,Horror
869291,Mystery
869291,Thriller
869612,Drama
869612,Crime
869612,Mystery
869612,Thriller
869626,Animation
869626,Comedy
869626,Drama
869626,Family
869626,Fantasy
870360,Family
870360,Comedy
870360,Adventure
870360,Animation
870360,Science Fiction
872585,Drama
872585,History
872906,Action
872906,Thriller
876619,Horror
876792,Animation
876792,Fantasy
876792,Adventure
876797,Drama
876797,Romance
877269,Animation
877269,Family
877269,Adventure
877269,Fantasy
877269,Science Fiction
878361,History
878361,Drama
879444,Action
879444,Comedy
879444,Crime
879805,Documentary
879805,Music
882059,Crime
882059,Thriller
882059,Action
882569,War
882569,Action
882569,Thriller
882598,Horror
882598,Mystery
884605,Comedy
884605,Romance
886083,Horror
886083,Comedy
886083,Fantasy
888003,Comedy
888003,Drama
889699,Thriller
889699,Drama
889699,Crime
889737,Drama
889737,Crime
889737,Thriller
890215,Drama
890215,Comedy
890215,Romance
890905,Drama
890905,Comedy
890905,Romance
892515,Comedy
892515,Crime
892515,Drama
892515,Romance
893712,Animation
893712,Action
893712,Fantasy
893712,Science Fiction
893723,Adventure
893723,Animation
893723,Comedy
893723,Family
893723,Science Fiction
897087,Action
897087,Comedy
897160,Action
897160,Drama
897160,Comedy
899112,Action
899112,Comedy
899112,Fantasy
900379,Drama
900379,Romance
900379,Comedy
900667,Animation
900667,Adventure
900667,Action
900667,Fantasy
900667,Music
901362,Animation
901362,Family
901362,Music
901362,Fantasy
901362,Comedy
901362,Adventure
901563,Drama
906126,Drama
906126,History
906221,Comedy
906221,Drama
906221,Romance
910371,Action
910371,Crime
910371,Drama
910371,Mystery
910371,Thriller
910858,Comedy
910858,Drama
912480,Thriller
912480,Crime
912649,Science Fiction
912649,Action
912649,Adventure
912908,Comedy
912908,Adventure
912916,Romance
912916,Drama
912916,Comedy
913290,Horror
913290,Mystery
913290,Thriller
913673,Horror
913673,Drama
913823,Documentary
914206,Science Fiction
914206,Drama
914206,Romance
915935,Thriller
915935,Mystery
915935,Crime
916192,Animation
916192,Drama
916192,Romance
916192,Fantasy
916192,Science Fiction
916224,Animation
916224,Drama
916224,Adventure
916224,Fantasy
916401,Science Fiction
916401,Adventure
916401,Drama
916405,Drama
917496,Comedy
917496,Fantasy
919573,Comedy
919573,Crime
919573,Romance
919912,Drama
921452,Drama
921452,History
921452,Romance
921785,Comedy
921785,History
921785,Music
923667,Action
923667,Crime
923667,Thriller
924482,Thriller
924482,Adventure
925102,Crime
925102,Mystery
925102,Drama
925263,Comedy
925786,Horror
925786,Mystery
926393,Action
926393,Thriller
926393,Crime
927107,Action
927107,Thriller
927342,Action
927342,Drama
927342,Adventure
927342,War
927547,Drama
927547,Romance
929204,Animation
929204,Adventure
929204,Comedy
929204,Science Fiction
929204,Family
929590,War
929590,Action
929590,Drama
930564,Drama
930564,Comedy
930564,Thriller
931102,Action
931102,Comedy
931102,Drama
932086,Western
932086,Drama
933260,Horror
933260,Science Fiction
933419,Comedy
933419,Drama
934433,Horror
934433,Thriller
934433,Crime
937278,Comedy
937278,Drama
937287,Drama
937287,Romance
938008,Action
938008,Crime
938008,Thriller
938614,Horror
939243,Action
939243,Science Fiction
939243,Comedy
939243,Family
939335,Action
939335,Thriller
939335,TV Movie
939338,Animation
939338,Adventure
939338,Fantasy
939338,Family
939338,Comedy
940139,Drama
940551,Family
940551,Comedy
940551,Adventure
940551,Animation
940721,Science Fiction
940721,Horror
940721,Action
942922,Comedy
942922,Drama
943134,Adventure
943134,Drama
943134,Science Fiction
944401,Action
944401,Drama
944401,Crime
945729,Mystery
945729,Thriller
945729,Crime
945961,Horror
945961,Science Fiction
947507,Animation
947507,Family
947507,Fantasy
947891,Drama
947891,Comedy
948549,Crime
948549,Romance
948549,Thriller
949229,Action
949229,Crime
949229,Thriller
949423,Horror
951491,Horror
951491,Mystery
952701,Drama
955555,Action
955555,Crime
955555,Thriller
956842,Romance
956842,Comedy
957304,Comedy
957304,Crime
957452,Action
957452,Fantasy
957452,Horror
958006,Comedy
958006,Crime
958196,Thriller
958196,Drama
959604,Romance
959604,Crime
959604,Drama
960258,Horror
960258,Thriller
960258,Action
960258,Adventure
961484,Action
961484,Thriller
963765,Drama
963765,Western
963765,Romance
964960,Romance
964960,Drama
964980,Drama
964980,History
965150,Drama
965791,Comedy
966220,War
966220,Action
966220,Drama
967585,Comedy
967585,Family
967847,Fantasy
967847,Adventure
967847,Comedy
968051,Horror
969492,Action
969492,War
969492,Thriller
970347,Action
970347,Thriller
970347,Crime
970348,Drama
970450,Action
970450,Horror
970450,Thriller
970450,Science Fiction
972230,Comedy
972230,Romance
972230,Drama
972433,Drama
972433,History
972614,Action
972614,Crime
972614,Drama
972614,Thriller
973912,Comedy
974036,Drama
974453,Action
974453,Crime
974453,Thriller
974453,Mystery
974576,Drama
974576,Thriller
974635,Comedy
974635,Romance
974635,Crime
974950,Drama
974950,Thriller
975511,History
975511,Drama
975511,Adventure
975773,Comedy
975773,Drama
975773,Mystery
976573,Animation
976573,Comedy
976573,Family
976573,Romance
976576,Drama
976576,Romance
976584,Adventure
976584,Comedy
976584,Drama
976720,Science Fiction
976720,Drama
976720,Adventure
976720,Fantasy
976734,Action
976734,Thriller
976734,Crime
976893,Drama
977506,Crime
977506,Comedy
977506,Mystery
977506,Drama
978870,Thriller
978870,Crime
980026,Action
980026,Drama
980026,History
980078,Horror
980489,Adventure
980489,Drama
980489,Action
982752,Mystery
982752,Thriller
982752,Comedy
982752,Horror
983507,Horror
983507,Thriller
983883,Comedy
983883,Action
983883,Horror
985939,Thriller
986070,Action
986070,Horror
986070,Thriller
986280,Romance
986280,Drama
988402,Comedy
988402,Fantasy
988402,Horror
989662,Comedy
989662,Drama
989672,Thriller
989672,Drama
989672,Romance
990140,Action
990140,Adventure
993784,Horror
993784,Comedy
993784,Romance
994108,Romance
994108,Drama
994108,Fantasy
994143,Horror
998846,Music
998846,History
998846,Drama
1000837,Drama
1000837,History
1000866,Comedy
1000866,Drama
1000866,Music
1001811,Comedy
1001811,Romance
1002155,History
1002155,Music
1002155,Drama
1006462,Action
1006462,Mystery
1006462,Thriller
1006462,Horror
1008042,Horror
1008048,Crime
1008048,Drama
1008048,Thriller
1008102,Animation
1008102,Family
1008102,Comedy
1008392,Horror
1008392,Comedy
1008409,Crime
1008409,Drama
1010600,Horror
1010600,Thriller
1011985,Action
1011985,Adventure
1011985,Animation
1011985,Comedy
1011985,Family
1011985,Fantasy
1012201,Animation
1012201,Comedy
1013850,Comedy
1013850,Drama
1014505,Action
1014505,Adventure
1014505,Animation
1014505,Fantasy
1016084,Comedy
1016084,Drama
1016084,History
1016121,Romance
1016121,Drama
1016121,Comedy
1017163,Action
1017163,Crime
1017163,Thriller
1019939,Comedy
1019939,Adventure
1019939,Action
1020006,Drama
1020006,Romance
1020245,Comedy
1020245,Crime
1020245,Drama
1020696,Horror
1020696,Thriller
1022789,Animation
1022789,Adventure
1022789,Comedy
1022789,Family
1022796,Animation
1022796,Family
1022796,Fantasy
1022796,Adventure
1023922,Horror
1024773,Horror
1024773,Mystery
1026227,Drama
1026227,Comedy
1026227,History
1026436,Thriller
1026436,Drama
1026436,Romance
1028196,Drama
1028196,History
1029235,Action
1029235,Horror
1029235,Thriller
1029281,Horror
1029281,Thriller
1029955,Comedy
1029955,Drama
1032823,Crime
1032823,Horror
1032823,Thriller
1034541,Horror
1035048,Action
1035048,Science Fiction
1035048,Thriller
1037113,Comedy
1037113,Drama
1038263,History
1038263,Drama
1038263,Music
1040148,Animation
1040148,Family
1040148,Fantasy
1040148,Comedy
1041613,Horror
1041613,Mystery
1041613,Thriller
1045770,Comedy
1045770,Fantasy
1045770,Drama
1046090,Crime
1046090,Drama
1046090,Thriller
1047020,Crime
1047020,Drama
1047020,Thriller
1047041,Animation
1047041,Action
1047041,Crime
1047041,Mystery
1047373,Crime
1047373,Thriller
1047373,Action
1051891,Action
1051891,Adventure
1051891,Comedy
1051896,Action
1051896,Horror
1051896,Science Fiction
1056360,Comedy
1056360,Drama
1056380,Horror
1056380,Thriller
1056380,Drama
1056380,Comedy
1058616,Documentary
1058616,War
1058694,Drama
1059064,Crime
1059064,Comedy
1059128,Drama
1059128,Romance
1062215,Horror
1062215,Science Fiction
1062215,Thriller
1062807,Animation
1062807,Comedy
1062807,Adventure
1062807,Action
1063877,Horror
1063877,Thriller
1063879,Horror
1063879,Thriller
1064028,Horror
1064028,Science Fiction
1064028,Thriller
1064213,Drama
1064213,Comedy
1064213,Romance
1064307,Animation
1064307,Adventure
1064307,Fantasy
1064307,Comedy
1064486,Animation
1064486,Comedy
1064486,Drama
1071215,Horror
1071215,Mystery
1072342,Horror
1072371,Comedy
1072371,Science Fiction
1072371,Drama
1072790,Romance
1072790,Comedy
1075175,Drama
1079091,Drama
1079091,Romance
1079310,Drama
1079310,Comedy
1079485,Horror
1079485,Thriller
1080053,Drama
1082195,Crime
1082195,Drama
1082195,Thriller
1083862,Action
1083862,Animation
1083862,Science Fiction
1083862,Horror
1084736,Adventure
1084736,Action
1084736,Drama
1086747,Fantasy
1086747,Horror
1086747,Mystery
1087388,Horror
1087388,Thriller
1087822,Fantasy
1087822,Horror
1087822,Action
1088514,Drama
1088514,Comedy
1092329,Family
1092329,Drama
1094274,Science Fiction
1094274,Horror
1094274,Comedy
1096342,Romance
1096342,Comedy
1096342,Drama
1097549,Romance
1097549,Thriller
1100099,Romance
1100099,Drama
1100782,Horror
1100782,Mystery
1102493,Drama
1102520,Thriller
1103434,Drama
1103621,Drama
1104844,Animation
1104844,Action
1104844,Drama
1106739,Drama
1106739,Thriller
1108211,Mystery
1108211,Crime
1108211,Thriller
1109255,Drama
1109306,Comedy
1110358,Comedy
1110358,Drama
1110358,Thriller
1111873,Horror
1111873,Thriller
1111873,Comedy
1114513,Horror
1114513,Thriller
1115009,Drama
1115009,Music
1115009,Family
1118031,Drama
1118031,Action
1118031,Horror
1118224,Action
1118224,Thriller
1118224,Mystery
1120911,Comedy
1120911,Drama
1121612,Drama
1121612,Crime
1125073,Comedy
1125073,Drama
1125311,Horror
1125311,Mystery
1126573,Thriller
1128650,Action
1128650,Drama
1128650,Crime
1128650,Thriller
1138194,Thriller
1138194,Horror
1146972,Animation
1146972,Science Fiction
1146972,Action
1146972,Drama
1152014,Comedy
1152014,Family
1155828,Drama
1158996,Drama
1159311,Animation
1159311,Action
1159311,Adventure
1159311,Science Fiction
1160003,Horror
1160003,Mystery
1160003,Thriller
1160018,Action
1160018,Crime
1160018,Thriller
1160018,Drama
1160164,Music
1160956,Action
1160956,Comedy
1161353,Family
1167271,Action
1167271,Adventure
1167271,Thriller
1171634,Drama
1171634,Thriller
1171634,Comedy
1180629,Music
1180629,Comedy
1180629,Drama
1182047,History
1182047,Drama
1182047,Comedy
1184918,Family
1184918,Animation
1184918,Science Fiction
1184918,Adventure
1186532,Drama
1186532,Family
1201104,Action
1201104,Drama
1208334,Drama
1209217,Animation
1209217,Crime
1209217,Mystery
1209217,Action
1211472,Thriller
1211472,Drama
1211472,History
1214314,Action
1214314,Thriller
1214509,Horror
1214509,Thriller
1216191,Horror
1216191,Mystery
1221404,Animation
1221404,Adventure
1221404,Comedy
1221404,Family
1222248,War
1222248,History
1222248,Drama
1226578,Crime
1226578,Horror
1226578,Mystery
1228891,Drama
1228891,Comedy
1228891,Adventure
1232449,Drama
1232449,Romance
1232493,Documentary
1232827,Drama
1232827,History
1235499,Drama
1236419,Animation
1236419,Music
1236419,Documentary
1241320,Action
1241320,Adventure
1241982,Adventure
1241982,Animation
1241982,Comedy
1241982,Family
1241982,Fantasy
1243101,Horror
1244492,Animation
1244492,Drama
1252309,Romance
1252309,Drama
1262983,Horror
1262983,Thriller
1278101,Drama
1278101,Family
1278263,Drama
1278263,Thriller
1278263,Crime
1280941,Drama
1299046,Comedy
1299046,Drama
1333100,Animation
1333100,Action
1333100,Adventure
1333100,Drama
1357633,Action
1357633,Adventure
1357633,Fantasy
1357633,Animation
1383086,Horror
1383086,Thriller
1383086,Adventure
1383086,Mystery
1400635,Drama
1413858,Unknown
1505171,Documentary
1541717,Drama
1541717,Family
1552742,Fantasy
1552742,Mystery
1559956,Action
1559956,Adventure
1579764,Unknown
1631299,Documentary
1648527,Crime
1719529,Unknown
1719538,Unknown
1730955,Drama
1730974,Unknown
1739061,Comedy
1739061,Crime
1758922,Drama
1759559,Drama
1759559,Romance
1759559,Comedy
1760201,Fantasy
1760208,Drama
1760208,Comedy
1760208,Family
1760208,Music
1760234,Drama
1762131,Animation
1762131,Action
1762131,Science Fiction
1762131,Adventure
1762131,Drama
1762131,Thriller
1762131,Fantasy
1763483,Animation
1763483,War
1763483,Action
1763483,Adventure
1763483,Drama
